WARNING: ChildSelDriver<>: substituting chp model (requested prs, not found)
WARNING: TbQuiet<32>: substituting chp model (requested prs, not found)
WARNING: TbQuiet<32>: substituting chp model (requested prs, not found)
WARNING: TbFailure<4>: substituting chp model (requested prs, not found)
TB_RANDOM_CHOICE off
TB_WARNING_POLICY resume-on-warn
TB_STRESS_BEGIN 10000
[              429523] <dut.left>  WARNING: unstable transition on `fd_a__w_1'   [by dut.left.a <- 0]
[              454153] <dut.left>  WARNING: unstable transition on `fd_a__w_1'   [by dut.left.a <- 0]
[              519468] <dut.left>  WARNING: unstable transition on `fd_a__w_1'   [by dut.left.a <- 0]
[              666423] <dut.left>  WARNING: unstable transition on `fd_a__w_1'   [by dut.left.a <- 0]
[              778536] <dut.root>  WARNING: unstable transition on `fd_a__w_1'   [by dut.root.a <- 0]
[             1118684] <dut.root>  WARNING: unstable transition on `fd_a__w_1'   [by dut.root.a <- 0]
[             1433477] <dut.root>  WARNING: unstable transition on `fd_a__w_1'   [by dut.root.a <- 0]
[             1435615] <dut.root>  WARNING: unstable transition on `fd_a__w_1'   [by dut.root.a <- 0]
[             1730983] <dut.root>  WARNING: unstable transition on `fd_a__w_1'   [by dut.root.a <- 0]
[             2207999] <dut.root>  WARNING: unstable transition on `fd_a__w_1'   [by dut.root.a <- 0]
[             2299668] <dut.root>  WARNING: unstable transition on `fd_a__w_1'   [by dut.root.a <- 0]
[             2904787] <dut.right>  WARNING: unstable transition on `fd_a__w_1'   [by dut.right.a <- 0]
[             3063462] <dut.right>  WARNING: unstable transition on `fd_a__w_1'   [by dut.right.a <- 0]
[             3164192] <dut.root>  WARNING: unstable transition on `fd_a__w_1'   [by dut.root.a <- 0]
[             3430379] <dut.left>  WARNING: unstable transition on `fd_a__w_1'   [by dut.left.a <- 0]
[             4154974] <dut.root>  WARNING: unstable transition on `fd_a__w_1'   [by dut.root.a <- 0]
[             4205685] <dut.root>  WARNING: unstable transition on `fd_a__w_1'   [by dut.root.a <- 0]
[             4225547] <dut.left>  WARNING: unstable transition on `fd_a__w_1'   [by dut.left.a <- 0]
[             4234829] <dut.root>  WARNING: unstable transition on `fd_a__w_1'   [by dut.root.a <- 0]
[             4323941] <dut.right>  WARNING: unstable transition on `fd_a__w_1'   [by dut.right.a <- 0]
[             5001835] <dut.root>  WARNING: unstable transition on `fd_a__w_1'   [by dut.root.a <- 0]
[             5186764] <dut.root>  WARNING: unstable transition on `fd_a__w_1'   [by dut.root.a <- 0]
[             5447303] <dut.root>  WARNING: unstable transition on `fd_a__w_1'   [by dut.root.a <- 0]
[             5549159] <dut.root>  WARNING: unstable transition on `fd_a__w_1'   [by dut.root.a <- 0]
[             5591432] <dut.root>  WARNING: unstable transition on `fd_a__w_1'   [by dut.root.a <- 0]
[             5700462] <dut.right>  WARNING: unstable transition on `fd_a__w_1'   [by dut.right.a <- 0]
[             5742444] <dut.right>  WARNING: unstable transition on `fd_a__w_1'   [by dut.right.a <- 0]
[             6078052] <dut.root>  WARNING: unstable transition on `fd_a__w_1'   [by dut.root.a <- 0]
[             6258606] <dut.left>  WARNING: unstable transition on `fd_a__w_1'   [by dut.left.a <- 0]
[             6342450] <dut.right>  WARNING: unstable transition on `fd_a__w_1'   [by dut.right.a <- 0]
[             7119373] <dut.right>  WARNING: unstable transition on `fd_a__w_1'   [by dut.right.a <- 0]
[             7200812] <dut.right>  WARNING: unstable transition on `fd_a__w_1'   [by dut.right.a <- 0]
[             7375052] <dut.right>  WARNING: unstable transition on `fd_a__w_1'   [by dut.right.a <- 0]
[             7548410] <dut.left>  WARNING: unstable transition on `fd_a__w_1'   [by dut.left.a <- 0]
[             8017509] <dut.left>  WARNING: unstable transition on `fd_a__w_1'   [by dut.left.a <- 0]
[             8509581] <dut.left>  WARNING: unstable transition on `fd_a__w_1'   [by dut.left.a <- 0]
[             8534016] <dut.left>  WARNING: unstable transition on `fd_a__w_1'   [by dut.left.a <- 0]
[             8573108] <dut.left>  WARNING: unstable transition on `fd_a__w_1'   [by dut.left.a <- 0]
[             8628988] <dut.left>  WARNING: unstable transition on `fd_a__w_1'   [by dut.left.a <- 0]
[             8802194] <dut.left>  WARNING: unstable transition on `fd_a__w_1'   [by dut.left.a <- 0]
[             8896911] <dut.root>  WARNING: unstable transition on `fd_a__w_1'   [by dut.root.a <- 0]
[             9525634] <dut.right>  WARNING: unstable transition on `fd_a__w_1'   [by dut.right.a <- 0]
[            10161975] <dut.root>  WARNING: unstable transition on `fd_a__w_1'   [by dut.root.a <- 0]
[            10261350] <dut.left>  WARNING: unstable transition on `fd_a__w_1'   [by dut.left.a <- 0]
[            10454335] <dut.right>  WARNING: unstable transition on `fd_a__w_1'   [by dut.right.a <- 0]
[            10653097] <dut.root>  WARNING: unstable transition on `fd_a__w_1'   [by dut.root.a <- 0]
[            10858930] <dut.left>  WARNING: unstable transition on `fd_a__w_1'   [by dut.left.a <- 0]
[            10920973] <dut.left>  WARNING: unstable transition on `fd_a__w_1'   [by dut.left.a <- 0]
[            11001210] <dut.left>  WARNING: unstable transition on `fd_a__w_1'   [by dut.left.a <- 0]
[            11088304] <dut.root>  WARNING: unstable transition on `fd_a__w_1'   [by dut.root.a <- 0]
[            11595816] <dut.root>  WARNING: unstable transition on `fd_a__w_1'   [by dut.root.a <- 0]
[            11825552] <dut.left>  WARNING: unstable transition on `fd_a__w_1'   [by dut.left.a <- 0]
[            11919336] <dut.root>  WARNING: unstable transition on `fd_a__w_1'   [by dut.root.a <- 0]
[            12056972] <dut.right>  WARNING: unstable transition on `fd_a__w_1'   [by dut.right.a <- 0]
[            12219958] <dut.root>  WARNING: unstable transition on `fd_a__w_1'   [by dut.root.a <- 0]
[            12351119] <dut.root>  WARNING: unstable transition on `fd_a__w_1'   [by dut.root.a <- 0]
[            12372447] <dut.left>  WARNING: unstable transition on `fd_a__w_1'   [by dut.left.a <- 0]
[            12426827] <dut.root>  WARNING: unstable transition on `fd_a__w_1'   [by dut.root.a <- 0]
[            12679986] <dut.root>  WARNING: unstable transition on `fd_a__w_1'   [by dut.root.a <- 0]
[            12724725] <dut.right>  WARNING: unstable transition on `fd_a__w_1'   [by dut.right.a <- 0]
[            12784337] <dut.root>  WARNING: unstable transition on `fd_a__w_1'   [by dut.root.a <- 0]
[            12787867] <dut.right>  WARNING: unstable transition on `fd_a__w_1'   [by dut.right.a <- 0]
[            12853945] <dut.root>  WARNING: unstable transition on `fd_a__w_1'   [by dut.root.a <- 0]
[            13135902] <dut.right>  WARNING: unstable transition on `fd_a__w_1'   [by dut.right.a <- 0]
[            13307786] <dut.root>  WARNING: unstable transition on `fd_a__w_1'   [by dut.root.a <- 0]
[            13516929] <dut.root>  WARNING: unstable transition on `fd_a__w_1'   [by dut.root.a <- 0]
[            13557166] <dut.root>  WARNING: unstable transition on `fd_a__w_1'   [by dut.root.a <- 0]
[            13808079] <dut.right>  WARNING: unstable transition on `fd_a__w_1'   [by dut.right.a <- 0]
[            13876350] <dut.right>  WARNING: unstable transition on `fd_a__w_1'   [by dut.right.a <- 0]
[            13882728] <dut.left>  WARNING: unstable transition on `fd_a__w_1'   [by dut.left.a <- 0]
[            14097650] <dut.right>  WARNING: unstable transition on `fd_a__w_1'   [by dut.right.a <- 0]
[            14238816] <dut.root>  WARNING: unstable transition on `fd_a__w_1'   [by dut.root.a <- 0]
[            14467190] <dut.root>  WARNING: unstable transition on `fd_a__w_1'   [by dut.root.a <- 0]
[            15019500] <dut.root>  WARNING: unstable transition on `fd_a__w_1'   [by dut.root.a <- 0]
[            15238283] <dut.right>  WARNING: unstable transition on `fd_a__w_1'   [by dut.right.a <- 0]
[            15450189] <dut.root>  WARNING: unstable transition on `fd_a__w_1'   [by dut.root.a <- 0]
[            15672137] <dut.root>  WARNING: unstable transition on `fd_a__w_1'   [by dut.root.a <- 0]
[            15905830] <dut.left>  WARNING: unstable transition on `fd_a__w_1'   [by dut.left.a <- 0]
[            15983965] <dut.left>  WARNING: unstable transition on `fd_a__w_1'   [by dut.left.a <- 0]
[            16225167] <dut.left>  WARNING: unstable transition on `fd_a__w_1'   [by dut.left.a <- 0]
[            16986692] <dut.right>  WARNING: unstable transition on `fd_a__w_1'   [by dut.right.a <- 0]
[            17101662] <dut.root>  WARNING: unstable transition on `fd_a__w_1'   [by dut.root.a <- 0]
[            17377840] <dut.left>  WARNING: unstable transition on `fd_a__w_1'   [by dut.left.a <- 0]
[            17395498] <dut.right>  WARNING: unstable transition on `fd_a__w_1'   [by dut.right.a <- 0]
[            17916388] <dut.root>  WARNING: unstable transition on `fd_a__w_1'   [by dut.root.a <- 0]
[            17971969] <dut.root>  WARNING: unstable transition on `fd_a__w_1'   [by dut.root.a <- 0]
[            18189226] <dut.root>  WARNING: unstable transition on `fd_a__w_1'   [by dut.root.a <- 0]
[            18675311] <dut.right>  WARNING: unstable transition on `fd_a__w_1'   [by dut.right.a <- 0]
[            18761969] <dut.left>  WARNING: unstable transition on `fd_a__w_1'   [by dut.left.a <- 0]
[            18919957] <dut.left>  WARNING: unstable transition on `fd_a__w_1'   [by dut.left.a <- 0]
[            19001511] <dut.root>  WARNING: unstable transition on `fd_a__w_1'   [by dut.root.a <- 0]
[            19265407] <dut.left>  WARNING: unstable transition on `fd_a__w_1'   [by dut.left.a <- 0]
[            19283901] <dut.root>  WARNING: unstable transition on `fd_a__w_1'   [by dut.root.a <- 0]
[            20025472] <dut.left>  WARNING: unstable transition on `fd_a__w_1'   [by dut.left.a <- 0]
[            20701818] <dut.left>  WARNING: unstable transition on `fd_a__w_1'   [by dut.left.a <- 0]
[            21355348] <dut.root>  WARNING: unstable transition on `fd_a__w_1'   [by dut.root.a <- 0]
[            21366464] <dut.left>  WARNING: unstable transition on `fd_a__w_1'   [by dut.left.a <- 0]
[            21375216] <dut.right>  WARNING: unstable transition on `fd_a__w_1'   [by dut.right.a <- 0]
[            21434149] <dut.left>  WARNING: unstable transition on `fd_a__w_1'   [by dut.left.a <- 0]
[            22001747] <dut.left>  WARNING: unstable transition on `fd_a__w_1'   [by dut.left.a <- 0]
[            22011449] <dut.root>  WARNING: unstable transition on `fd_a__w_1'   [by dut.root.a <- 0]
[            22017745] <dut.root>  WARNING: unstable transition on `fd_a__w_1'   [by dut.root.a <- 0]
[            22204959] <dut.root>  WARNING: unstable transition on `fd_a__w_1'   [by dut.root.a <- 0]
[            22377205] <dut.root>  WARNING: unstable transition on `fd_a__w_1'   [by dut.root.a <- 0]
[            22569691] <dut.root>  WARNING: unstable transition on `fd_a__w_1'   [by dut.root.a <- 0]
[            23060423] <dut.right>  WARNING: unstable transition on `fd_a__w_1'   [by dut.right.a <- 0]
[            23072007] <dut.root>  WARNING: unstable transition on `fd_a__w_1'   [by dut.root.a <- 0]
[            23290119] <dut.left>  WARNING: unstable transition on `fd_a__w_1'   [by dut.left.a <- 0]
[            23448364] <dut.root>  WARNING: unstable transition on `fd_a__w_1'   [by dut.root.a <- 0]
[            23753087] <dut.left>  WARNING: unstable transition on `fd_a__w_1'   [by dut.left.a <- 0]
[            24116615] <dut.root>  WARNING: unstable transition on `fd_a__w_1'   [by dut.root.a <- 0]
[            24212279] <dut.root>  WARNING: unstable transition on `fd_a__w_1'   [by dut.root.a <- 0]
[            24584346] <dut.root>  WARNING: unstable transition on `fd_a__w_1'   [by dut.root.a <- 0]
[            24691760] <dut.root>  WARNING: unstable transition on `fd_a__w_1'   [by dut.root.a <- 0]
[            24896998] <dut.root>  WARNING: unstable transition on `fd_a__w_1'   [by dut.root.a <- 0]
[            25062573] <dut.root>  WARNING: unstable transition on `fd_a__w_1'   [by dut.root.a <- 0]
[            25140940] <dut.left>  WARNING: unstable transition on `fd_a__w_1'   [by dut.left.a <- 0]
[            25239698] <dut.root>  WARNING: unstable transition on `fd_a__w_1'   [by dut.root.a <- 0]
[            25260229] <dut.root>  WARNING: unstable transition on `fd_a__w_1'   [by dut.root.a <- 0]
[            25443273] <dut.left>  WARNING: unstable transition on `fd_a__w_1'   [by dut.left.a <- 0]
[            26352661] <dut.right>  WARNING: unstable transition on `fd_a__w_1'   [by dut.right.a <- 0]
[            26399690] <dut.left>  WARNING: unstable transition on `fd_a__w_1'   [by dut.left.a <- 0]
[            26846020] <dut.root>  WARNING: unstable transition on `fd_a__w_1'   [by dut.root.a <- 0]
[            27554264] <dut.root>  WARNING: unstable transition on `fd_a__w_1'   [by dut.root.a <- 0]
[            27615859] <dut.root>  WARNING: unstable transition on `fd_a__w_1'   [by dut.root.a <- 0]
[            27833054] <dut.left>  WARNING: unstable transition on `fd_a__w_1'   [by dut.left.a <- 0]
[            27970907] <dut.root>  WARNING: unstable transition on `fd_a__w_1'   [by dut.root.a <- 0]
[            27985402] <dut.right>  WARNING: unstable transition on `fd_a__w_1'   [by dut.right.a <- 0]
[            28090958] <dut.root>  WARNING: unstable transition on `fd_a__w_1'   [by dut.root.a <- 0]
[            28381390] <dut.root>  WARNING: unstable transition on `fd_a__w_1'   [by dut.root.a <- 0]
[            28469829] <dut.right>  WARNING: unstable transition on `fd_a__w_1'   [by dut.right.a <- 0]
[            28865706] <dut.root>  WARNING: unstable transition on `fd_a__w_1'   [by dut.root.a <- 0]
[            29340901] <dut.root>  WARNING: unstable transition on `fd_a__w_1'   [by dut.root.a <- 0]
[            29535143] <dut.root>  WARNING: unstable transition on `fd_a__w_1'   [by dut.root.a <- 0]
[            29945600] <dut.left>  WARNING: unstable transition on `fd_a__w_1'   [by dut.left.a <- 0]
[            29972563] <dut.left>  WARNING: unstable transition on `fd_a__w_1'   [by dut.left.a <- 0]
[            30059188] <dut.root>  WARNING: unstable transition on `fd_a__w_1'   [by dut.root.a <- 0]
[            30438419] <dut.left>  WARNING: unstable transition on `fd_a__w_1'   [by dut.left.a <- 0]
[            30468900] <dut.right>  WARNING: unstable transition on `fd_a__w_1'   [by dut.right.a <- 0]
[            30497999] <dut.right>  WARNING: unstable transition on `fd_a__w_1'   [by dut.right.a <- 0]
[            30570438] <dut.root>  WARNING: unstable transition on `fd_a__w_1'   [by dut.root.a <- 0]
[            30918762] <dut.right>  WARNING: unstable transition on `fd_a__w_1'   [by dut.right.a <- 0]
[            31296688] <dut.root>  WARNING: unstable transition on `fd_a__w_1'   [by dut.root.a <- 0]
[            31357290] <dut.root>  WARNING: unstable transition on `fd_a__w_1'   [by dut.root.a <- 0]
[            32069642] <dut.right>  WARNING: unstable transition on `fd_a__w_1'   [by dut.right.a <- 0]
[            32078464] <dut.left>  WARNING: unstable transition on `fd_a__w_1'   [by dut.left.a <- 0]
[            33046690] <dut.root>  WARNING: unstable transition on `fd_a__w_1'   [by dut.root.a <- 0]
[            33452412] <dut.root>  WARNING: unstable transition on `fd_a__w_1'   [by dut.root.a <- 0]
[            33468369] <dut.root>  WARNING: unstable transition on `fd_a__w_1'   [by dut.root.a <- 0]
[            33518686] <dut.right>  WARNING: unstable transition on `fd_a__w_1'   [by dut.right.a <- 0]
[            33671923] <dut.root>  WARNING: unstable transition on `fd_a__w_1'   [by dut.root.a <- 0]
[            33724641] <dut.left>  WARNING: unstable transition on `fd_a__w_1'   [by dut.left.a <- 0]
[            33996099] <dut.root>  WARNING: unstable transition on `fd_a__w_1'   [by dut.root.a <- 0]
[            34088033] <dut.root>  WARNING: unstable transition on `fd_a__w_1'   [by dut.root.a <- 0]
[            34107367] <dut.left>  WARNING: unstable transition on `fd_a__w_1'   [by dut.left.a <- 0]
[            34231406] <dut.root>  WARNING: unstable transition on `fd_a__w_1'   [by dut.root.a <- 0]
[            34449183] <dut.left>  WARNING: unstable transition on `fd_a__w_1'   [by dut.left.a <- 0]
[            34597602] <dut.left>  WARNING: unstable transition on `fd_a__w_1'   [by dut.left.a <- 0]
[            34684804] <dut.right>  WARNING: unstable transition on `fd_a__w_1'   [by dut.right.a <- 0]
[            34999024] <dut.root>  WARNING: unstable transition on `fd_a__w_1'   [by dut.root.a <- 0]
[            35159234] <dut.root>  WARNING: unstable transition on `fd_a__w_1'   [by dut.root.a <- 0]
[            35192250] <dut.root>  WARNING: unstable transition on `fd_a__w_1'   [by dut.root.a <- 0]
[            35661497] <dut.right>  WARNING: unstable transition on `fd_a__w_1'   [by dut.right.a <- 0]
[            36170725] <dut.root>  WARNING: unstable transition on `fd_a__w_1'   [by dut.root.a <- 0]
[            36285262] <dut.right>  WARNING: unstable transition on `fd_a__w_1'   [by dut.right.a <- 0]
[            36335674] <dut.right>  WARNING: unstable transition on `fd_a__w_1'   [by dut.right.a <- 0]
[            36423156] <dut.root>  WARNING: unstable transition on `fd_a__w_1'   [by dut.root.a <- 0]
[            36425441] <dut.root>  WARNING: unstable transition on `fd_a__w_1'   [by dut.root.a <- 0]
[            36776013] <dut.root>  WARNING: unstable transition on `fd_a__w_1'   [by dut.root.a <- 0]
[            36792802] <dut.left>  WARNING: unstable transition on `fd_a__w_1'   [by dut.left.a <- 0]
[            36795556] <dut.root>  WARNING: unstable transition on `fd_a__w_1'   [by dut.root.a <- 0]
[            36933110] <dut.right>  WARNING: unstable transition on `fd_a__w_1'   [by dut.right.a <- 0]
[            37102191] <dut.root>  WARNING: unstable transition on `fd_a__w_1'   [by dut.root.a <- 0]
[            37135671] <dut.root>  WARNING: unstable transition on `fd_a__w_1'   [by dut.root.a <- 0]
[            37176489] <dut.root>  WARNING: unstable transition on `fd_a__w_1'   [by dut.root.a <- 0]
[            37456568] <dut.left>  WARNING: unstable transition on `fd_a__w_1'   [by dut.left.a <- 0]
[            37848578] <dut.root>  WARNING: unstable transition on `fd_a__w_1'   [by dut.root.a <- 0]
[            38034480] <dut.right>  WARNING: unstable transition on `fd_a__w_1'   [by dut.right.a <- 0]
[            38331318] <dut.root>  WARNING: unstable transition on `fd_a__w_1'   [by dut.root.a <- 0]
[            38370355] <dut.left>  WARNING: unstable transition on `fd_a__w_1'   [by dut.left.a <- 0]
[            38854561] <dut.root>  WARNING: unstable transition on `fd_a__w_1'   [by dut.root.a <- 0]
[            39071742] <dut.root>  WARNING: unstable transition on `fd_a__w_1'   [by dut.root.a <- 0]
[            39196232] <dut.root>  WARNING: unstable transition on `fd_a__w_1'   [by dut.root.a <- 0]
[            39308568] <dut.root>  WARNING: unstable transition on `fd_a__w_1'   [by dut.root.a <- 0]
[            39411748] <dut.root>  WARNING: unstable transition on `fd_a__w_1'   [by dut.root.a <- 0]
[            39419636] <dut.right>  WARNING: unstable transition on `fd_a__w_1'   [by dut.right.a <- 0]
[            39466695] <dut.root>  WARNING: unstable transition on `fd_a__w_1'   [by dut.root.a <- 0]
[            39509810] <dut.root>  WARNING: unstable transition on `fd_a__w_1'   [by dut.root.a <- 0]
[            39823902] <dut.left>  WARNING: unstable transition on `fd_a__w_1'   [by dut.left.a <- 0]
[            40132455] <dut.root>  WARNING: unstable transition on `fd_a__w_1'   [by dut.root.a <- 0]
[            40198963] <dut.left>  WARNING: unstable transition on `fd_a__w_1'   [by dut.left.a <- 0]
[            40312228] <dut.right>  WARNING: unstable transition on `fd_a__w_1'   [by dut.right.a <- 0]
[            40696015] <dut.left>  WARNING: unstable transition on `fd_a__w_1'   [by dut.left.a <- 0]
[            40882507] <dut.left>  WARNING: unstable transition on `fd_a__w_1'   [by dut.left.a <- 0]
[            41021945] <dut.root>  WARNING: unstable transition on `fd_a__w_1'   [by dut.root.a <- 0]
[            41250778] <dut.root>  WARNING: unstable transition on `fd_a__w_1'   [by dut.root.a <- 0]
[            41362562] <dut.root>  WARNING: unstable transition on `fd_a__w_1'   [by dut.root.a <- 0]
[            41438709] <dut.right>  WARNING: unstable transition on `fd_a__w_1'   [by dut.right.a <- 0]
[            41889054] <dut.root>  WARNING: unstable transition on `fd_a__w_1'   [by dut.root.a <- 0]
[            42300810] <dut.root>  WARNING: unstable transition on `fd_a__w_1'   [by dut.root.a <- 0]
[            42767640] <dut.root>  WARNING: unstable transition on `fd_a__w_1'   [by dut.root.a <- 0]
[            42999430] <dut.root>  WARNING: unstable transition on `fd_a__w_1'   [by dut.root.a <- 0]
[            43334248] <dut.root>  WARNING: unstable transition on `fd_a__w_1'   [by dut.root.a <- 0]
[            43347672] <dut.root>  WARNING: unstable transition on `fd_a__w_1'   [by dut.root.a <- 0]
[            43393011] <dut.root>  WARNING: unstable transition on `fd_a__w_1'   [by dut.root.a <- 0]
[            43399500] <dut.right>  WARNING: unstable transition on `fd_a__w_1'   [by dut.right.a <- 0]
[            43586061] <dut.root>  WARNING: unstable transition on `fd_a__w_1'   [by dut.root.a <- 0]
[            43909650] <dut.root>  WARNING: unstable transition on `fd_a__w_1'   [by dut.root.a <- 0]
[            44307097] <dut.right>  WARNING: unstable transition on `fd_a__w_1'   [by dut.right.a <- 0]
[            44352712] <dut.root>  WARNING: unstable transition on `fd_a__w_1'   [by dut.root.a <- 0]
[            44433687] <dut.left>  WARNING: unstable transition on `fd_a__w_1'   [by dut.left.a <- 0]
[            45117612] <dut.root>  WARNING: unstable transition on `fd_a__w_1'   [by dut.root.a <- 0]
[            45484421] <dut.root>  WARNING: unstable transition on `fd_a__w_1'   [by dut.root.a <- 0]
[            45490750] <dut.root>  WARNING: unstable transition on `fd_a__w_1'   [by dut.root.a <- 0]
[            45694699] <dut.left>  WARNING: unstable transition on `fd_a__w_1'   [by dut.left.a <- 0]
[            46140941] <dut.root>  WARNING: unstable transition on `fd_a__w_1'   [by dut.root.a <- 0]
[            46327333] <dut.right>  WARNING: unstable transition on `fd_a__w_1'   [by dut.right.a <- 0]
[            46765203] <dut.right>  WARNING: unstable transition on `fd_a__w_1'   [by dut.right.a <- 0]
[            47577415] <dut.left>  WARNING: unstable transition on `fd_a__w_1'   [by dut.left.a <- 0]
[            47843676] <dut.left>  WARNING: unstable transition on `fd_a__w_1'   [by dut.left.a <- 0]
[            48043005] <dut.left>  WARNING: unstable transition on `fd_a__w_1'   [by dut.left.a <- 0]
[            48173977] <dut.root>  WARNING: unstable transition on `fd_a__w_1'   [by dut.root.a <- 0]
[            48255477] <dut.root>  WARNING: unstable transition on `fd_a__w_1'   [by dut.root.a <- 0]
[            48410853] <dut.left>  WARNING: unstable transition on `fd_a__w_1'   [by dut.left.a <- 0]
[            48521905] <dut.right>  WARNING: unstable transition on `fd_a__w_1'   [by dut.right.a <- 0]
[            48588909] <dut.right>  WARNING: unstable transition on `fd_a__w_1'   [by dut.right.a <- 0]
[            48644666] <dut.right>  WARNING: unstable transition on `fd_a__w_1'   [by dut.right.a <- 0]
[            49006067] <dut.root>  WARNING: unstable transition on `fd_a__w_1'   [by dut.root.a <- 0]
[            49515781] <dut.left>  WARNING: unstable transition on `fd_a__w_1'   [by dut.left.a <- 0]
[            49723576] <dut.right>  WARNING: unstable transition on `fd_a__w_1'   [by dut.right.a <- 0]
[            49801439] <dut.right>  WARNING: unstable transition on `fd_a__w_1'   [by dut.right.a <- 0]
[            49822607] <dut.root>  WARNING: unstable transition on `fd_a__w_1'   [by dut.root.a <- 0]
[            50447139] <dut.left>  WARNING: unstable transition on `fd_a__w_1'   [by dut.left.a <- 0]
[            50699025] <dut.root>  WARNING: unstable transition on `fd_a__w_1'   [by dut.root.a <- 0]
[            50834349] <dut.left>  WARNING: unstable transition on `fd_a__w_1'   [by dut.left.a <- 0]
[            51294163] <dut.root>  WARNING: unstable transition on `fd_a__w_1'   [by dut.root.a <- 0]
[            51559450] <dut.right>  WARNING: unstable transition on `fd_a__w_1'   [by dut.right.a <- 0]
[            51580138] <dut.root>  WARNING: unstable transition on `fd_a__w_1'   [by dut.root.a <- 0]
[            51915710] <dut.root>  WARNING: unstable transition on `fd_a__w_1'   [by dut.root.a <- 0]
[            52035127] <dut.root>  WARNING: unstable transition on `fd_a__w_1'   [by dut.root.a <- 0]
[            52147081] <dut.right>  WARNING: unstable transition on `fd_a__w_1'   [by dut.right.a <- 0]
[            52381244] <dut.left>  WARNING: unstable transition on `fd_a__w_1'   [by dut.left.a <- 0]
[            52487035] <dut.left>  WARNING: unstable transition on `fd_a__w_1'   [by dut.left.a <- 0]
[            52982045] <dut.root>  WARNING: unstable transition on `fd_a__w_1'   [by dut.root.a <- 0]
[            53078749] <dut.right>  WARNING: unstable transition on `fd_a__w_1'   [by dut.right.a <- 0]
[            53486578] <dut.root>  WARNING: unstable transition on `fd_a__w_1'   [by dut.root.a <- 0]
[            53572578] <dut.right>  WARNING: unstable transition on `fd_a__w_1'   [by dut.right.a <- 0]
[            53708991] <dut.root>  WARNING: unstable transition on `fd_a__w_1'   [by dut.root.a <- 0]
[            53842325] <dut.root>  WARNING: unstable transition on `fd_a__w_1'   [by dut.root.a <- 0]
[            53928240] <dut.root>  WARNING: unstable transition on `fd_a__w_1'   [by dut.root.a <- 0]
[            54126907] <dut.root>  WARNING: unstable transition on `fd_a__w_1'   [by dut.root.a <- 0]
[            54187360] <dut.left>  WARNING: unstable transition on `fd_a__w_1'   [by dut.left.a <- 0]
[            54732300] <dut.left>  WARNING: unstable transition on `fd_a__w_1'   [by dut.left.a <- 0]
[            54892703] <dut.root>  WARNING: unstable transition on `fd_a__w_1'   [by dut.root.a <- 0]
[            54947318] <dut.left>  WARNING: unstable transition on `fd_a__w_1'   [by dut.left.a <- 0]
[            55414980] <dut.right>  WARNING: unstable transition on `fd_a__w_1'   [by dut.right.a <- 0]
[            55977346] <dut.left>  WARNING: unstable transition on `fd_a__w_1'   [by dut.left.a <- 0]
[            56076135] <dut.root>  WARNING: unstable transition on `fd_a__w_1'   [by dut.root.a <- 0]
[            56302855] <dut.root>  WARNING: unstable transition on `fd_a__w_1'   [by dut.root.a <- 0]
[            56345098] <dut.right>  WARNING: unstable transition on `fd_a__w_1'   [by dut.right.a <- 0]
[            56394879] <dut.root>  WARNING: unstable transition on `fd_a__w_1'   [by dut.root.a <- 0]
[            56501406] <dut.right>  WARNING: unstable transition on `fd_a__w_1'   [by dut.right.a <- 0]
[            56622231] <dut.root>  WARNING: unstable transition on `fd_a__w_1'   [by dut.root.a <- 0]
[            56655318] <dut.root>  WARNING: unstable transition on `fd_a__w_1'   [by dut.root.a <- 0]
[            56672556] <dut.right>  WARNING: unstable transition on `fd_a__w_1'   [by dut.right.a <- 0]
[            56871212] <dut.right>  WARNING: unstable transition on `fd_a__w_1'   [by dut.right.a <- 0]
[            57039190] <dut.left>  WARNING: unstable transition on `fd_a__w_1'   [by dut.left.a <- 0]
[            57335504] <dut.right>  WARNING: unstable transition on `fd_a__w_1'   [by dut.right.a <- 0]
[            57684401] <dut.root>  WARNING: unstable transition on `fd_a__w_1'   [by dut.root.a <- 0]
[            57749443] <dut.root>  WARNING: unstable transition on `fd_a__w_1'   [by dut.root.a <- 0]
[            58632840] <dut.root>  WARNING: unstable transition on `fd_a__w_1'   [by dut.root.a <- 0]
[            59082321] <dut.left>  WARNING: unstable transition on `fd_a__w_1'   [by dut.left.a <- 0]
[            59248773] <dut.right>  WARNING: unstable transition on `fd_a__w_1'   [by dut.right.a <- 0]
[            59479842] <dut.root>  WARNING: unstable transition on `fd_a__w_1'   [by dut.root.a <- 0]
[            59583440] <dut.right>  WARNING: unstable transition on `fd_a__w_1'   [by dut.right.a <- 0]
[            59670893] <dut.root>  WARNING: unstable transition on `fd_a__w_1'   [by dut.root.a <- 0]
[            59768517] <dut.root>  WARNING: unstable transition on `fd_a__w_1'   [by dut.root.a <- 0]
[            59843223] <dut.left>  WARNING: unstable transition on `fd_a__w_1'   [by dut.left.a <- 0]
[            60023129] <dut.root>  WARNING: unstable transition on `fd_a__w_1'   [by dut.root.a <- 0]
[            60056022] <dut.root>  WARNING: unstable transition on `fd_a__w_1'   [by dut.root.a <- 0]
[            60384776] <dut.root>  WARNING: unstable transition on `fd_a__w_1'   [by dut.root.a <- 0]
[            60581522] <dut.root>  WARNING: unstable transition on `fd_a__w_1'   [by dut.root.a <- 0]
[            60964573] <dut.root>  WARNING: unstable transition on `fd_a__w_1'   [by dut.root.a <- 0]
[            61078188] <dut.right>  WARNING: unstable transition on `fd_a__w_1'   [by dut.right.a <- 0]
[            61171384] <dut.right>  WARNING: unstable transition on `fd_a__w_1'   [by dut.right.a <- 0]
[            61182640] <dut.root>  WARNING: unstable transition on `fd_a__w_1'   [by dut.root.a <- 0]
[            61498138] <dut.root>  WARNING: unstable transition on `fd_a__w_1'   [by dut.root.a <- 0]
[            62140619] <dut.right>  WARNING: unstable transition on `fd_a__w_1'   [by dut.right.a <- 0]
[            62362991] <dut.left>  WARNING: unstable transition on `fd_a__w_1'   [by dut.left.a <- 0]
[            62514533] <dut.root>  WARNING: unstable transition on `fd_a__w_1'   [by dut.root.a <- 0]
[            62614484] <dut.root>  WARNING: unstable transition on `fd_a__w_1'   [by dut.root.a <- 0]
[            62745611] <dut.left>  WARNING: unstable transition on `fd_a__w_1'   [by dut.left.a <- 0]
[            62899642] <dut.root>  WARNING: unstable transition on `fd_a__w_1'   [by dut.root.a <- 0]
[            62918628] <dut.left>  WARNING: unstable transition on `fd_a__w_1'   [by dut.left.a <- 0]
[            62951154] <dut.right>  WARNING: unstable transition on `fd_a__w_1'   [by dut.right.a <- 0]
[            63061830] <dut.left>  WARNING: unstable transition on `fd_a__w_1'   [by dut.left.a <- 0]
[            63118508] <dut.root>  WARNING: unstable transition on `fd_a__w_1'   [by dut.root.a <- 0]
[            63388822] <dut.right>  WARNING: unstable transition on `fd_a__w_1'   [by dut.right.a <- 0]
[            63561468] <dut.root>  WARNING: unstable transition on `fd_a__w_1'   [by dut.root.a <- 0]
[            63572161] <dut.root>  WARNING: unstable transition on `fd_a__w_1'   [by dut.root.a <- 0]
[            63591536] <dut.root>  WARNING: unstable transition on `fd_a__w_1'   [by dut.root.a <- 0]
[            63940992] <dut.root>  WARNING: unstable transition on `fd_a__w_1'   [by dut.root.a <- 0]
[            64049565] <dut.root>  WARNING: unstable transition on `fd_a__w_1'   [by dut.root.a <- 0]
[            64344486] <dut.root>  WARNING: unstable transition on `fd_a__w_1'   [by dut.root.a <- 0]
[            64930256] <dut.root>  WARNING: unstable transition on `fd_a__w_1'   [by dut.root.a <- 0]
[            64986570] <dut.right>  WARNING: unstable transition on `fd_a__w_1'   [by dut.right.a <- 0]
[            65035071] <dut.root>  WARNING: unstable transition on `fd_a__w_1'   [by dut.root.a <- 0]
[            65390699] <dut.root>  WARNING: unstable transition on `fd_a__w_1'   [by dut.root.a <- 0]
[            65918525] <dut.root>  WARNING: unstable transition on `fd_a__w_1'   [by dut.root.a <- 0]
[            66064855] <dut.left>  WARNING: unstable transition on `fd_a__w_1'   [by dut.left.a <- 0]
[            67076972] <dut.right>  WARNING: unstable transition on `fd_a__w_1'   [by dut.right.a <- 0]
[            67117074] <dut.root>  WARNING: unstable transition on `fd_a__w_1'   [by dut.root.a <- 0]
[            67432797] <dut.root>  WARNING: unstable transition on `fd_a__w_1'   [by dut.root.a <- 0]
[            68264463] <dut.right>  WARNING: unstable transition on `fd_a__w_1'   [by dut.right.a <- 0]
[            68385464] <dut.root>  WARNING: unstable transition on `fd_a__w_1'   [by dut.root.a <- 0]
[            68415493] <dut.root>  WARNING: unstable transition on `fd_a__w_1'   [by dut.root.a <- 0]
[            68498674] <dut.left>  WARNING: unstable transition on `fd_a__w_1'   [by dut.left.a <- 0]
[            68785250] <dut.root>  WARNING: unstable transition on `fd_a__w_1'   [by dut.root.a <- 0]
[            69032477] <dut.root>  WARNING: unstable transition on `fd_a__w_1'   [by dut.root.a <- 0]
[            69198253] <dut.right>  WARNING: unstable transition on `fd_a__w_1'   [by dut.right.a <- 0]
[            69213561] <dut.root>  WARNING: unstable transition on `fd_a__w_1'   [by dut.root.a <- 0]
[            69285915] <dut.left>  WARNING: unstable transition on `fd_a__w_1'   [by dut.left.a <- 0]
[            69866186] <dut.right>  WARNING: unstable transition on `fd_a__w_1'   [by dut.right.a <- 0]
[            69937817] <dut.left>  WARNING: unstable transition on `fd_a__w_1'   [by dut.left.a <- 0]
[            70426383] <dut.right>  WARNING: unstable transition on `fd_a__w_1'   [by dut.right.a <- 0]
[            70553392] <dut.root>  WARNING: unstable transition on `fd_a__w_1'   [by dut.root.a <- 0]
[            70580738] <dut.root>  WARNING: unstable transition on `fd_a__w_1'   [by dut.root.a <- 0]
[            70788932] <dut.root>  WARNING: unstable transition on `fd_a__w_1'   [by dut.root.a <- 0]
[            70795487] <dut.root>  WARNING: unstable transition on `fd_a__w_1'   [by dut.root.a <- 0]
[            71018366] <dut.right>  WARNING: unstable transition on `fd_a__w_1'   [by dut.right.a <- 0]
[            71053357] <dut.left>  WARNING: unstable transition on `fd_a__w_1'   [by dut.left.a <- 0]
[            71060416] <dut.root>  WARNING: unstable transition on `fd_a__w_1'   [by dut.root.a <- 0]
[            71302166] <dut.root>  WARNING: unstable transition on `fd_a__w_1'   [by dut.root.a <- 0]
[            71848154] <dut.root>  WARNING: unstable transition on `fd_a__w_1'   [by dut.root.a <- 0]
[            71881033] <dut.root>  WARNING: unstable transition on `fd_a__w_1'   [by dut.root.a <- 0]
[            72058527] <dut.root>  WARNING: unstable transition on `fd_a__w_1'   [by dut.root.a <- 0]
[            72088974] <dut.root>  WARNING: unstable transition on `fd_a__w_1'   [by dut.root.a <- 0]
[            72225812] <dut.right>  WARNING: unstable transition on `fd_a__w_1'   [by dut.right.a <- 0]
[            72372134] <dut.root>  WARNING: unstable transition on `fd_a__w_1'   [by dut.root.a <- 0]
[            72412232] <dut.right>  WARNING: unstable transition on `fd_a__w_1'   [by dut.right.a <- 0]
[            72843364] <dut.left>  WARNING: unstable transition on `fd_a__w_1'   [by dut.left.a <- 0]
[            73197413] <dut.root>  WARNING: unstable transition on `fd_a__w_1'   [by dut.root.a <- 0]
[            73273685] <dut.root>  WARNING: unstable transition on `fd_a__w_1'   [by dut.root.a <- 0]
[            73320156] <dut.root>  WARNING: unstable transition on `fd_a__w_1'   [by dut.root.a <- 0]
[            73624552] <dut.root>  WARNING: unstable transition on `fd_a__w_1'   [by dut.root.a <- 0]
[            73792389] <dut.root>  WARNING: unstable transition on `fd_a__w_1'   [by dut.root.a <- 0]
[            73908873] <dut.root>  WARNING: unstable transition on `fd_a__w_1'   [by dut.root.a <- 0]
[            73955462] <dut.right>  WARNING: unstable transition on `fd_a__w_1'   [by dut.right.a <- 0]
[            74325210] <dut.root>  WARNING: unstable transition on `fd_a__w_1'   [by dut.root.a <- 0]
[            74727010] <dut.right>  WARNING: unstable transition on `fd_a__w_1'   [by dut.right.a <- 0]
[            75023696] <dut.root>  WARNING: unstable transition on `fd_a__w_1'   [by dut.root.a <- 0]
[            75130575] <dut.root>  WARNING: unstable transition on `fd_a__w_1'   [by dut.root.a <- 0]
[            75143725] <dut.left>  WARNING: unstable transition on `fd_a__w_1'   [by dut.left.a <- 0]
[            75184400] <dut.left>  WARNING: unstable transition on `fd_a__w_1'   [by dut.left.a <- 0]
[            75247210] <dut.root>  WARNING: unstable transition on `fd_a__w_1'   [by dut.root.a <- 0]
[            75449419] <dut.root>  WARNING: unstable transition on `fd_a__w_1'   [by dut.root.a <- 0]
[            75747855] <dut.root>  WARNING: unstable transition on `fd_a__w_1'   [by dut.root.a <- 0]
[            75887421] <dut.root>  WARNING: unstable transition on `fd_a__w_1'   [by dut.root.a <- 0]
[            76412316] <dut.root>  WARNING: unstable transition on `fd_a__w_1'   [by dut.root.a <- 0]
[            76765888] <dut.root>  WARNING: unstable transition on `fd_a__w_1'   [by dut.root.a <- 0]
[            76826592] <dut.root>  WARNING: unstable transition on `fd_a__w_1'   [by dut.root.a <- 0]
[            76839144] <dut.left>  WARNING: unstable transition on `fd_a__w_1'   [by dut.left.a <- 0]
[            77118183] <dut.root>  WARNING: unstable transition on `fd_a__w_1'   [by dut.root.a <- 0]
[            77252317] <dut.root>  WARNING: unstable transition on `fd_a__w_1'   [by dut.root.a <- 0]
[            77313263] <dut.right>  WARNING: unstable transition on `fd_a__w_1'   [by dut.right.a <- 0]
[            77487011] <dut.right>  WARNING: unstable transition on `fd_a__w_1'   [by dut.right.a <- 0]
[            77572952] <dut.root>  WARNING: unstable transition on `fd_a__w_1'   [by dut.root.a <- 0]
[            77583620] <dut.left>  WARNING: unstable transition on `fd_a__w_1'   [by dut.left.a <- 0]
[            77837986] <dut.root>  WARNING: unstable transition on `fd_a__w_1'   [by dut.root.a <- 0]
[            77929568] <dut.root>  WARNING: unstable transition on `fd_a__w_1'   [by dut.root.a <- 0]
[            77964359] <dut.right>  WARNING: unstable transition on `fd_a__w_1'   [by dut.right.a <- 0]
[            78023499] <dut.left>  WARNING: unstable transition on `fd_a__w_1'   [by dut.left.a <- 0]
[            78216403] <dut.root>  WARNING: unstable transition on `fd_a__w_1'   [by dut.root.a <- 0]
[            78302110] <dut.left>  WARNING: unstable transition on `fd_a__w_1'   [by dut.left.a <- 0]
[            78308928] <dut.right>  WARNING: unstable transition on `fd_a__w_1'   [by dut.right.a <- 0]
[            78309236] <dut.root>  WARNING: unstable transition on `fd_a__w_1'   [by dut.root.a <- 0]
[            78346707] <dut.right>  WARNING: unstable transition on `fd_a__w_1'   [by dut.right.a <- 0]
[            78439497] <dut.right>  WARNING: unstable transition on `fd_a__w_1'   [by dut.right.a <- 0]
[            78484527] <dut.left>  WARNING: unstable transition on `fd_a__w_1'   [by dut.left.a <- 0]
[            78687759] <dut.right>  WARNING: unstable transition on `fd_a__w_1'   [by dut.right.a <- 0]
[            78909962] <dut.root>  WARNING: unstable transition on `fd_a__w_1'   [by dut.root.a <- 0]
[            79381365] <dut.root>  WARNING: unstable transition on `fd_a__w_1'   [by dut.root.a <- 0]
[            79853465] <dut.root>  WARNING: unstable transition on `fd_a__w_1'   [by dut.root.a <- 0]
[            81070996] <dut.root>  WARNING: unstable transition on `fd_a__w_1'   [by dut.root.a <- 0]
[            81284736] <dut.right>  WARNING: unstable transition on `fd_a__w_1'   [by dut.right.a <- 0]
[            81594946] <dut.left>  WARNING: unstable transition on `fd_a__w_1'   [by dut.left.a <- 0]
[            81852159] <dut.right>  WARNING: unstable transition on `fd_a__w_1'   [by dut.right.a <- 0]
[            82071581] <dut.root>  WARNING: unstable transition on `fd_a__w_1'   [by dut.root.a <- 0]
[            82122376] <dut.root>  WARNING: unstable transition on `fd_a__w_1'   [by dut.root.a <- 0]
[            82254969] <dut.left>  WARNING: unstable transition on `fd_a__w_1'   [by dut.left.a <- 0]
[            82408650] <dut.root>  WARNING: unstable transition on `fd_a__w_1'   [by dut.root.a <- 0]
[            82769657] <dut.root>  WARNING: unstable transition on `fd_a__w_1'   [by dut.root.a <- 0]
[            82786514] <dut.left>  WARNING: unstable transition on `fd_a__w_1'   [by dut.left.a <- 0]
[            83124795] <dut.root>  WARNING: unstable transition on `fd_a__w_1'   [by dut.root.a <- 0]
[            83311728] <dut.root>  WARNING: unstable transition on `fd_a__w_1'   [by dut.root.a <- 0]
[            84638271] <dut.root>  WARNING: unstable transition on `fd_a__w_1'   [by dut.root.a <- 0]
[            85014631] <dut.root>  WARNING: unstable transition on `fd_a__w_1'   [by dut.root.a <- 0]
[            85530761] <dut.left>  WARNING: unstable transition on `fd_a__w_1'   [by dut.left.a <- 0]
[            86058858] <dut.right>  WARNING: unstable transition on `fd_a__w_1'   [by dut.right.a <- 0]
[            86745966] <dut.root>  WARNING: unstable transition on `fd_a__w_1'   [by dut.root.a <- 0]
[            86892679] <dut.root>  WARNING: unstable transition on `fd_a__w_1'   [by dut.root.a <- 0]
[            86938960] <dut.right>  WARNING: unstable transition on `fd_a__w_1'   [by dut.right.a <- 0]
[            87028738] <dut.right>  WARNING: unstable transition on `fd_a__w_1'   [by dut.right.a <- 0]
[            87034820] <dut.left>  WARNING: unstable transition on `fd_a__w_1'   [by dut.left.a <- 0]
[            87093763] <dut.right>  WARNING: unstable transition on `fd_a__w_1'   [by dut.right.a <- 0]
[            87181328] <dut.left>  WARNING: unstable transition on `fd_a__w_1'   [by dut.left.a <- 0]
[            87292096] <dut.root>  WARNING: unstable transition on `fd_a__w_1'   [by dut.root.a <- 0]
[            87671858] <dut.root>  WARNING: unstable transition on `fd_a__w_1'   [by dut.root.a <- 0]
[            87840300] <dut.root>  WARNING: unstable transition on `fd_a__w_1'   [by dut.root.a <- 0]
[            88135934] <dut.left>  WARNING: unstable transition on `fd_a__w_1'   [by dut.left.a <- 0]
[            88212397] <dut.right>  WARNING: unstable transition on `fd_a__w_1'   [by dut.right.a <- 0]
[            88258083] <dut.left>  WARNING: unstable transition on `fd_a__w_1'   [by dut.left.a <- 0]
[            88312412] <dut.left>  WARNING: unstable transition on `fd_a__w_1'   [by dut.left.a <- 0]
[            88698388] <dut.root>  WARNING: unstable transition on `fd_a__w_1'   [by dut.root.a <- 0]
[            88830468] <dut.right>  WARNING: unstable transition on `fd_a__w_1'   [by dut.right.a <- 0]
[            88840192] <dut.root>  WARNING: unstable transition on `fd_a__w_1'   [by dut.root.a <- 0]
[            88986045] <dut.root>  WARNING: unstable transition on `fd_a__w_1'   [by dut.root.a <- 0]
[            89115049] <dut.left>  WARNING: unstable transition on `fd_a__w_1'   [by dut.left.a <- 0]
[            89275902] <dut.left>  WARNING: unstable transition on `fd_a__w_1'   [by dut.left.a <- 0]
[            89355038] <dut.left>  WARNING: unstable transition on `fd_a__w_1'   [by dut.left.a <- 0]
[            89475028] <dut.root>  WARNING: unstable transition on `fd_a__w_1'   [by dut.root.a <- 0]
[            89557024] <dut.left>  WARNING: unstable transition on `fd_a__w_1'   [by dut.left.a <- 0]
[            89741571] <dut.root>  WARNING: unstable transition on `fd_a__w_1'   [by dut.root.a <- 0]
[            90096845] <dut.left>  WARNING: unstable transition on `fd_a__w_1'   [by dut.left.a <- 0]
[            90491331] <dut.root>  WARNING: unstable transition on `fd_a__w_1'   [by dut.root.a <- 0]
[            91180574] <dut.root>  WARNING: unstable transition on `fd_a__w_1'   [by dut.root.a <- 0]
[            91348662] <dut.root>  WARNING: unstable transition on `fd_a__w_1'   [by dut.root.a <- 0]
[            91606809] <dut.root>  WARNING: unstable transition on `fd_a__w_1'   [by dut.root.a <- 0]
[            91712083] <dut.root>  WARNING: unstable transition on `fd_a__w_1'   [by dut.root.a <- 0]
[            91722535] <dut.right>  WARNING: unstable transition on `fd_a__w_1'   [by dut.right.a <- 0]
[            92061658] <dut.root>  WARNING: unstable transition on `fd_a__w_1'   [by dut.root.a <- 0]
[            92444254] <dut.right>  WARNING: unstable transition on `fd_a__w_1'   [by dut.right.a <- 0]
[            92468835] <dut.root>  WARNING: unstable transition on `fd_a__w_1'   [by dut.root.a <- 0]
[            92680324] <dut.right>  WARNING: unstable transition on `fd_a__w_1'   [by dut.right.a <- 0]
[            92748546] <dut.right>  WARNING: unstable transition on `fd_a__w_1'   [by dut.right.a <- 0]
[            93241143] <dut.root>  WARNING: unstable transition on `fd_a__w_1'   [by dut.root.a <- 0]
[            93936889] <dut.right>  WARNING: unstable transition on `fd_a__w_1'   [by dut.right.a <- 0]
[            94195408] <dut.root>  WARNING: unstable transition on `fd_a__w_1'   [by dut.root.a <- 0]
[            95341483] <dut.root>  WARNING: unstable transition on `fd_a__w_1'   [by dut.root.a <- 0]
[            95936414] <dut.right>  WARNING: unstable transition on `fd_a__w_1'   [by dut.right.a <- 0]
[            95956944] <dut.root>  WARNING: unstable transition on `fd_a__w_1'   [by dut.root.a <- 0]
[            96179546] <dut.left>  WARNING: unstable transition on `fd_a__w_1'   [by dut.left.a <- 0]
[            96887158] <dut.root>  WARNING: unstable transition on `fd_a__w_1'   [by dut.root.a <- 0]
[            97968049] <dut.root>  WARNING: unstable transition on `fd_a__w_1'   [by dut.root.a <- 0]
[            98064792] <dut.root>  WARNING: unstable transition on `fd_a__w_1'   [by dut.root.a <- 0]
[            98071788] <dut.root>  WARNING: unstable transition on `fd_a__w_1'   [by dut.root.a <- 0]
[            98284055] <dut.left>  WARNING: unstable transition on `fd_a__w_1'   [by dut.left.a <- 0]
[            98349973] <dut.root>  WARNING: unstable transition on `fd_a__w_1'   [by dut.root.a <- 0]
[            98351535] <dut.left>  WARNING: unstable transition on `fd_a__w_1'   [by dut.left.a <- 0]
[            98384706] <dut.root>  WARNING: unstable transition on `fd_a__w_1'   [by dut.root.a <- 0]
[            98598388] <dut.root>  WARNING: unstable transition on `fd_a__w_1'   [by dut.root.a <- 0]
[            98778072] <dut.root>  WARNING: unstable transition on `fd_a__w_1'   [by dut.root.a <- 0]
[            98827759] <dut.root>  WARNING: unstable transition on `fd_a__w_1'   [by dut.root.a <- 0]
[            99270496] <dut.root>  WARNING: unstable transition on `fd_a__w_1'   [by dut.root.a <- 0]
[            99406538] <dut.root>  WARNING: unstable transition on `fd_a__w_1'   [by dut.root.a <- 0]
[            99537681] <dut.root>  WARNING: unstable transition on `fd_a__w_1'   [by dut.root.a <- 0]
[            99881911] <dut.right>  WARNING: unstable transition on `fd_a__w_1'   [by dut.right.a <- 0]
[            99960136] <dut.right>  WARNING: unstable transition on `fd_a__w_1'   [by dut.right.a <- 0]
[           100278536] <dut.right>  WARNING: unstable transition on `fd_a__w_1'   [by dut.right.a <- 0]
[           100377940] <dut.left>  WARNING: unstable transition on `fd_a__w_1'   [by dut.left.a <- 0]
[           100492774] <dut.right>  WARNING: unstable transition on `fd_a__w_1'   [by dut.right.a <- 0]
[           100667130] <dut.root>  WARNING: unstable transition on `fd_a__w_1'   [by dut.root.a <- 0]
[           100710972] <dut.left>  WARNING: unstable transition on `fd_a__w_1'   [by dut.left.a <- 0]
[           100823728] <dut.root>  WARNING: unstable transition on `fd_a__w_1'   [by dut.root.a <- 0]
[           101214175] <dut.right>  WARNING: unstable transition on `fd_a__w_1'   [by dut.right.a <- 0]
[           101518696] <dut.right>  WARNING: unstable transition on `fd_a__w_1'   [by dut.right.a <- 0]
[           101762857] <dut.left>  WARNING: unstable transition on `fd_a__w_1'   [by dut.left.a <- 0]
[           102007392] <dut.right>  WARNING: unstable transition on `fd_a__w_1'   [by dut.right.a <- 0]
[           102085948] <dut.right>  WARNING: unstable transition on `fd_a__w_1'   [by dut.right.a <- 0]
[           102490441] <dut.root>  WARNING: unstable transition on `fd_a__w_1'   [by dut.root.a <- 0]
[           102503079] <dut.root>  WARNING: unstable transition on `fd_a__w_1'   [by dut.root.a <- 0]
[           102853639] <dut.right>  WARNING: unstable transition on `fd_a__w_1'   [by dut.right.a <- 0]
[           103121173] <dut.root>  WARNING: unstable transition on `fd_a__w_1'   [by dut.root.a <- 0]
[           103157834] <dut.right>  WARNING: unstable transition on `fd_a__w_1'   [by dut.right.a <- 0]
[           103165852] <dut.left>  WARNING: unstable transition on `fd_a__w_1'   [by dut.left.a <- 0]
[           103265171] <dut.right>  WARNING: unstable transition on `fd_a__w_1'   [by dut.right.a <- 0]
[           103269847] <dut.root>  WARNING: unstable transition on `fd_a__w_1'   [by dut.root.a <- 0]
[           103275590] <dut.right>  WARNING: unstable transition on `fd_a__w_1'   [by dut.right.a <- 0]
[           103561145] <dut.left>  WARNING: unstable transition on `fd_a__w_1'   [by dut.left.a <- 0]
[           103567624] <dut.right>  WARNING: unstable transition on `fd_a__w_1'   [by dut.right.a <- 0]
[           103603641] <dut.left>  WARNING: unstable transition on `fd_a__w_1'   [by dut.left.a <- 0]
[           103796308] <dut.root>  WARNING: unstable transition on `fd_a__w_1'   [by dut.root.a <- 0]
[           103813326] <dut.left>  WARNING: unstable transition on `fd_a__w_1'   [by dut.left.a <- 0]
[           104559438] <dut.root>  WARNING: unstable transition on `fd_a__w_1'   [by dut.root.a <- 0]
[           104572283] <dut.left>  WARNING: unstable transition on `fd_a__w_1'   [by dut.left.a <- 0]
[           104674834] <dut.root>  WARNING: unstable transition on `fd_a__w_1'   [by dut.root.a <- 0]
[           104797709] <dut.left>  WARNING: unstable transition on `fd_a__w_1'   [by dut.left.a <- 0]
[           105064345] <dut.left>  WARNING: unstable transition on `fd_a__w_1'   [by dut.left.a <- 0]
[           105150493] <dut.root>  WARNING: unstable transition on `fd_a__w_1'   [by dut.root.a <- 0]
[           105301825] <dut.left>  WARNING: unstable transition on `fd_a__w_1'   [by dut.left.a <- 0]
[           105760406] <dut.right>  WARNING: unstable transition on `fd_a__w_1'   [by dut.right.a <- 0]
[           105887490] <dut.left>  WARNING: unstable transition on `fd_a__w_1'   [by dut.left.a <- 0]
[           105981294] <dut.left>  WARNING: unstable transition on `fd_a__w_1'   [by dut.left.a <- 0]
[           106105573] <dut.root>  WARNING: unstable transition on `fd_a__w_1'   [by dut.root.a <- 0]
[           106111945] <dut.left>  WARNING: unstable transition on `fd_a__w_1'   [by dut.left.a <- 0]
[           106363400] <dut.right>  WARNING: unstable transition on `fd_a__w_1'   [by dut.right.a <- 0]
[           106734204] <dut.root>  WARNING: unstable transition on `fd_a__w_1'   [by dut.root.a <- 0]
[           106854552] <dut.root>  WARNING: unstable transition on `fd_a__w_1'   [by dut.root.a <- 0]
[           107066569] <dut.root>  WARNING: unstable transition on `fd_a__w_1'   [by dut.root.a <- 0]
[           107539032] <dut.left>  WARNING: unstable transition on `fd_a__w_1'   [by dut.left.a <- 0]
[           107763179] <dut.left>  WARNING: unstable transition on `fd_a__w_1'   [by dut.left.a <- 0]
[           107784952] <dut.root>  WARNING: unstable transition on `fd_a__w_1'   [by dut.root.a <- 0]
[           107804697] <dut.left>  WARNING: unstable transition on `fd_a__w_1'   [by dut.left.a <- 0]
[           107905110] <dut.right>  WARNING: unstable transition on `fd_a__w_1'   [by dut.right.a <- 0]
[           108237932] <dut.right>  WARNING: unstable transition on `fd_a__w_1'   [by dut.right.a <- 0]
[           108444090] <dut.root>  WARNING: unstable transition on `fd_a__w_1'   [by dut.root.a <- 0]
[           108581616] <dut.root>  WARNING: unstable transition on `fd_a__w_1'   [by dut.root.a <- 0]
[           108838808] <dut.root>  WARNING: unstable transition on `fd_a__w_1'   [by dut.root.a <- 0]
[           108886702] <dut.root>  WARNING: unstable transition on `fd_a__w_1'   [by dut.root.a <- 0]
[           109244623] <dut.right>  WARNING: unstable transition on `fd_a__w_1'   [by dut.right.a <- 0]
[           109687491] <dut.root>  WARNING: unstable transition on `fd_a__w_1'   [by dut.root.a <- 0]
[           109833685] <dut.root>  WARNING: unstable transition on `fd_a__w_1'   [by dut.root.a <- 0]
[           109912745] <dut.right>  WARNING: unstable transition on `fd_a__w_1'   [by dut.right.a <- 0]
[           110089514] <dut.left>  WARNING: unstable transition on `fd_a__w_1'   [by dut.left.a <- 0]
[           110197164] <dut.root>  WARNING: unstable transition on `fd_a__w_1'   [by dut.root.a <- 0]
[           110386669] <dut.right>  WARNING: unstable transition on `fd_a__w_1'   [by dut.right.a <- 0]
[           110462237] <dut.root>  WARNING: unstable transition on `fd_a__w_1'   [by dut.root.a <- 0]
[           110854647] <dut.root>  WARNING: unstable transition on `fd_a__w_1'   [by dut.root.a <- 0]
[           111081700] <dut.right>  WARNING: unstable transition on `fd_a__w_1'   [by dut.right.a <- 0]
[           111233925] <dut.root>  WARNING: unstable transition on `fd_a__w_1'   [by dut.root.a <- 0]
[           111664351] <dut.root>  WARNING: unstable transition on `fd_a__w_1'   [by dut.root.a <- 0]
[           111911115] <dut.root>  WARNING: unstable transition on `fd_a__w_1'   [by dut.root.a <- 0]
[           111924382] <dut.root>  WARNING: unstable transition on `fd_a__w_1'   [by dut.root.a <- 0]
[           111963382] <dut.left>  WARNING: unstable transition on `fd_a__w_1'   [by dut.left.a <- 0]
[           112148638] <dut.left>  WARNING: unstable transition on `fd_a__w_1'   [by dut.left.a <- 0]
[           112166660] <dut.right>  WARNING: unstable transition on `fd_a__w_1'   [by dut.right.a <- 0]
[           112175687] <dut.root>  WARNING: unstable transition on `fd_a__w_1'   [by dut.root.a <- 0]
[           112239923] <dut.root>  WARNING: unstable transition on `fd_a__w_1'   [by dut.root.a <- 0]
[           112637853] <dut.left>  WARNING: unstable transition on `fd_a__w_1'   [by dut.left.a <- 0]
[           113853883] <dut.root>  WARNING: unstable transition on `fd_a__w_1'   [by dut.root.a <- 0]
[           114229926] <dut.right>  WARNING: unstable transition on `fd_a__w_1'   [by dut.right.a <- 0]
[           114250317] <dut.root>  WARNING: unstable transition on `fd_a__w_1'   [by dut.root.a <- 0]
[           114438859] <dut.root>  WARNING: unstable transition on `fd_a__w_1'   [by dut.root.a <- 0]
[           114577717] <dut.left>  WARNING: unstable transition on `fd_a__w_1'   [by dut.left.a <- 0]
[           115321317] <dut.right>  WARNING: unstable transition on `fd_a__w_1'   [by dut.right.a <- 0]
[           115480167] <dut.right>  WARNING: unstable transition on `fd_a__w_1'   [by dut.right.a <- 0]
[           115608965] <dut.root>  WARNING: unstable transition on `fd_a__w_1'   [by dut.root.a <- 0]
[           115898220] <dut.left>  WARNING: unstable transition on `fd_a__w_1'   [by dut.left.a <- 0]
[           116141974] <dut.root>  WARNING: unstable transition on `fd_a__w_1'   [by dut.root.a <- 0]
[           116510833] <dut.root>  WARNING: unstable transition on `fd_a__w_1'   [by dut.root.a <- 0]
[           116689785] <dut.right>  WARNING: unstable transition on `fd_a__w_1'   [by dut.right.a <- 0]
[           116835439] <dut.root>  WARNING: unstable transition on `fd_a__w_1'   [by dut.root.a <- 0]
[           117041933] <dut.root>  WARNING: unstable transition on `fd_a__w_1'   [by dut.root.a <- 0]
[           117054983] <dut.root>  WARNING: unstable transition on `fd_a__w_1'   [by dut.root.a <- 0]
[           117234028] <dut.right>  WARNING: unstable transition on `fd_a__w_1'   [by dut.right.a <- 0]
[           117731345] <dut.left>  WARNING: unstable transition on `fd_a__w_1'   [by dut.left.a <- 0]
[           117796528] <dut.left>  WARNING: unstable transition on `fd_a__w_1'   [by dut.left.a <- 0]
[           118225446] <dut.left>  WARNING: unstable transition on `fd_a__w_1'   [by dut.left.a <- 0]
[           118458631] <dut.right>  WARNING: unstable transition on `fd_a__w_1'   [by dut.right.a <- 0]
[           118590140] <dut.right>  WARNING: unstable transition on `fd_a__w_1'   [by dut.right.a <- 0]
[           118641877] <dut.right>  WARNING: unstable transition on `fd_a__w_1'   [by dut.right.a <- 0]
[           118888365] <dut.left>  WARNING: unstable transition on `fd_a__w_1'   [by dut.left.a <- 0]
[           118943595] <dut.root>  WARNING: unstable transition on `fd_a__w_1'   [by dut.root.a <- 0]
[           119238237] <dut.root>  WARNING: unstable transition on `fd_a__w_1'   [by dut.root.a <- 0]
[           119413734] <dut.root>  WARNING: unstable transition on `fd_a__w_1'   [by dut.root.a <- 0]
[           119700991] <dut.right>  WARNING: unstable transition on `fd_a__w_1'   [by dut.right.a <- 0]
[           119878923] <dut.root>  WARNING: unstable transition on `fd_a__w_1'   [by dut.root.a <- 0]
[           119974834] <dut.left>  WARNING: unstable transition on `fd_a__w_1'   [by dut.left.a <- 0]
[           120101870] <dut.right>  WARNING: unstable transition on `fd_a__w_1'   [by dut.right.a <- 0]
[           120112922] <dut.right>  WARNING: unstable transition on `fd_a__w_1'   [by dut.right.a <- 0]
[           120979376] <dut.right>  WARNING: unstable transition on `fd_a__w_1'   [by dut.right.a <- 0]
[           121201394] <dut.root>  WARNING: unstable transition on `fd_a__w_1'   [by dut.root.a <- 0]
[           121712946] <dut.right>  WARNING: unstable transition on `fd_a__w_1'   [by dut.right.a <- 0]
[           122414750] <dut.root>  WARNING: unstable transition on `fd_a__w_1'   [by dut.root.a <- 0]
[           122466334] <dut.root>  WARNING: unstable transition on `fd_a__w_1'   [by dut.root.a <- 0]
[           122538152] <dut.right>  WARNING: unstable transition on `fd_a__w_1'   [by dut.right.a <- 0]
[           122591789] <dut.root>  WARNING: unstable transition on `fd_a__w_1'   [by dut.root.a <- 0]
[           122648904] <dut.left>  WARNING: unstable transition on `fd_a__w_1'   [by dut.left.a <- 0]
[           122848549] <dut.left>  WARNING: unstable transition on `fd_a__w_1'   [by dut.left.a <- 0]
[           123366723] <dut.root>  WARNING: unstable transition on `fd_a__w_1'   [by dut.root.a <- 0]
[           123427728] <dut.right>  WARNING: unstable transition on `fd_a__w_1'   [by dut.right.a <- 0]
[           123850059] <dut.root>  WARNING: unstable transition on `fd_a__w_1'   [by dut.root.a <- 0]
[           124419057] <dut.right>  WARNING: unstable transition on `fd_a__w_1'   [by dut.right.a <- 0]
[           124572475] <dut.left>  WARNING: unstable transition on `fd_a__w_1'   [by dut.left.a <- 0]
[           124590144] <dut.root>  WARNING: unstable transition on `fd_a__w_1'   [by dut.root.a <- 0]
[           124688424] <dut.root>  WARNING: unstable transition on `fd_a__w_1'   [by dut.root.a <- 0]
[           124770667] <dut.left>  WARNING: unstable transition on `fd_a__w_1'   [by dut.left.a <- 0]
[           124854082] <dut.root>  WARNING: unstable transition on `fd_a__w_1'   [by dut.root.a <- 0]
[           125082048] <dut.left>  WARNING: unstable transition on `fd_a__w_1'   [by dut.left.a <- 0]
[           125084381] <dut.root>  WARNING: unstable transition on `fd_a__w_1'   [by dut.root.a <- 0]
[           125847310] <dut.right>  WARNING: unstable transition on `fd_a__w_1'   [by dut.right.a <- 0]
[           125900358] <dut.root>  WARNING: unstable transition on `fd_a__w_1'   [by dut.root.a <- 0]
[           126299799] <dut.right>  WARNING: unstable transition on `fd_a__w_1'   [by dut.right.a <- 0]
[           126748248] <dut.root>  WARNING: unstable transition on `fd_a__w_1'   [by dut.root.a <- 0]
[           126800699] <dut.left>  WARNING: unstable transition on `fd_a__w_1'   [by dut.left.a <- 0]
[           126844927] <dut.right>  WARNING: unstable transition on `fd_a__w_1'   [by dut.right.a <- 0]
[           127310679] <dut.root>  WARNING: unstable transition on `fd_a__w_1'   [by dut.root.a <- 0]
[           127328772] <dut.root>  WARNING: unstable transition on `fd_a__w_1'   [by dut.root.a <- 0]
[           127402042] <dut.root>  WARNING: unstable transition on `fd_a__w_1'   [by dut.root.a <- 0]
[           127463757] <dut.left>  WARNING: unstable transition on `fd_a__w_1'   [by dut.left.a <- 0]
[           127555076] <dut.root>  WARNING: unstable transition on `fd_a__w_1'   [by dut.root.a <- 0]
[           127608380] <dut.left>  WARNING: unstable transition on `fd_a__w_1'   [by dut.left.a <- 0]
[           127684954] <dut.root>  WARNING: unstable transition on `fd_a__w_1'   [by dut.root.a <- 0]
[           127738363] <dut.right>  WARNING: unstable transition on `fd_a__w_1'   [by dut.right.a <- 0]
[           128526271] <dut.root>  WARNING: unstable transition on `fd_a__w_1'   [by dut.root.a <- 0]
[           128546165] <dut.root>  WARNING: unstable transition on `fd_a__w_1'   [by dut.root.a <- 0]
[           128953388] <dut.right>  WARNING: unstable transition on `fd_a__w_1'   [by dut.right.a <- 0]
[           128953719] <dut.root>  WARNING: unstable transition on `fd_a__w_1'   [by dut.root.a <- 0]
[           129243457] <dut.right>  WARNING: unstable transition on `fd_a__w_1'   [by dut.right.a <- 0]
[           129283721] <dut.right>  WARNING: unstable transition on `fd_a__w_1'   [by dut.right.a <- 0]
[           129484865] <dut.right>  WARNING: unstable transition on `fd_a__w_1'   [by dut.right.a <- 0]
[           129727992] <dut.left>  WARNING: unstable transition on `fd_a__w_1'   [by dut.left.a <- 0]
[           129967320] <dut.left>  WARNING: unstable transition on `fd_a__w_1'   [by dut.left.a <- 0]
[           130109279] <dut.root>  WARNING: unstable transition on `fd_a__w_1'   [by dut.root.a <- 0]
[           130217496] <dut.root>  WARNING: unstable transition on `fd_a__w_1'   [by dut.root.a <- 0]
[           130673869] <dut.left>  WARNING: unstable transition on `fd_a__w_1'   [by dut.left.a <- 0]
[           130713603] <dut.left>  WARNING: unstable transition on `fd_a__w_1'   [by dut.left.a <- 0]
[           130766180] <dut.left>  WARNING: unstable transition on `fd_a__w_1'   [by dut.left.a <- 0]
[           130816708] <dut.root>  WARNING: unstable transition on `fd_a__w_1'   [by dut.root.a <- 0]
[           131204475] <dut.right>  WARNING: unstable transition on `fd_a__w_1'   [by dut.right.a <- 0]
[           131615090] <dut.right>  WARNING: unstable transition on `fd_a__w_1'   [by dut.right.a <- 0]
[           131757118] <dut.right>  WARNING: unstable transition on `fd_a__w_1'   [by dut.right.a <- 0]
[           131896618] <dut.left>  WARNING: unstable transition on `fd_a__w_1'   [by dut.left.a <- 0]
[           132034705] <dut.left>  WARNING: unstable transition on `fd_a__w_1'   [by dut.left.a <- 0]
[           132296720] <dut.left>  WARNING: unstable transition on `fd_a__w_1'   [by dut.left.a <- 0]
[           132611183] <dut.right>  WARNING: unstable transition on `fd_a__w_1'   [by dut.right.a <- 0]
[           132805231] <dut.root>  WARNING: unstable transition on `fd_a__w_1'   [by dut.root.a <- 0]
[           132976039] <dut.left>  WARNING: unstable transition on `fd_a__w_1'   [by dut.left.a <- 0]
[           133096851] <dut.root>  WARNING: unstable transition on `fd_a__w_1'   [by dut.root.a <- 0]
[           133169022] <dut.root>  WARNING: unstable transition on `fd_a__w_1'   [by dut.root.a <- 0]
[           133223172] <dut.right>  WARNING: unstable transition on `fd_a__w_1'   [by dut.right.a <- 0]
[           133330796] <dut.root>  WARNING: unstable transition on `fd_a__w_1'   [by dut.root.a <- 0]
[           133748335] <dut.root>  WARNING: unstable transition on `fd_a__w_1'   [by dut.root.a <- 0]
[           134085555] <dut.right>  WARNING: unstable transition on `fd_a__w_1'   [by dut.right.a <- 0]
[           134385195] <dut.root>  WARNING: unstable transition on `fd_a__w_1'   [by dut.root.a <- 0]
[           134446384] <dut.right>  WARNING: unstable transition on `fd_a__w_1'   [by dut.right.a <- 0]
[           134570482] <dut.root>  WARNING: unstable transition on `fd_a__w_1'   [by dut.root.a <- 0]
[           134623494] <dut.root>  WARNING: unstable transition on `fd_a__w_1'   [by dut.root.a <- 0]
[           134842239] <dut.root>  WARNING: unstable transition on `fd_a__w_1'   [by dut.root.a <- 0]
[           135342137] <dut.root>  WARNING: unstable transition on `fd_a__w_1'   [by dut.root.a <- 0]
[           136216408] <dut.root>  WARNING: unstable transition on `fd_a__w_1'   [by dut.root.a <- 0]
[           136402802] <dut.root>  WARNING: unstable transition on `fd_a__w_1'   [by dut.root.a <- 0]
[           136907787] <dut.left>  WARNING: unstable transition on `fd_a__w_1'   [by dut.left.a <- 0]
[           136941482] <dut.root>  WARNING: unstable transition on `fd_a__w_1'   [by dut.root.a <- 0]
[           136967460] <dut.root>  WARNING: unstable transition on `fd_a__w_1'   [by dut.root.a <- 0]
[           137201240] <dut.left>  WARNING: unstable transition on `fd_a__w_1'   [by dut.left.a <- 0]
[           137440663] <dut.root>  WARNING: unstable transition on `fd_a__w_1'   [by dut.root.a <- 0]
[           137687775] <dut.right>  WARNING: unstable transition on `fd_a__w_1'   [by dut.right.a <- 0]
[           137791508] <dut.root>  WARNING: unstable transition on `fd_a__w_1'   [by dut.root.a <- 0]
[           138088042] <dut.left>  WARNING: unstable transition on `fd_a__w_1'   [by dut.left.a <- 0]
[           138390407] <dut.root>  WARNING: unstable transition on `fd_a__w_1'   [by dut.root.a <- 0]
[           138455092] <dut.root>  WARNING: unstable transition on `fd_a__w_1'   [by dut.root.a <- 0]
[           138642997] <dut.right>  WARNING: unstable transition on `fd_a__w_1'   [by dut.right.a <- 0]
[           138803490] <dut.root>  WARNING: unstable transition on `fd_a__w_1'   [by dut.root.a <- 0]
[           138872605] <dut.right>  WARNING: unstable transition on `fd_a__w_1'   [by dut.right.a <- 0]
[           139118466] <dut.left>  WARNING: unstable transition on `fd_a__w_1'   [by dut.left.a <- 0]
[           139549364] <dut.root>  WARNING: unstable transition on `fd_a__w_1'   [by dut.root.a <- 0]
[           139662628] <dut.root>  WARNING: unstable transition on `fd_a__w_1'   [by dut.root.a <- 0]
[           140218247] <dut.left>  WARNING: unstable transition on `fd_a__w_1'   [by dut.left.a <- 0]
[           140320586] <dut.root>  WARNING: unstable transition on `fd_a__w_1'   [by dut.root.a <- 0]
[           140483356] <dut.left>  WARNING: unstable transition on `fd_a__w_1'   [by dut.left.a <- 0]
[           141041552] <dut.left>  WARNING: unstable transition on `fd_a__w_1'   [by dut.left.a <- 0]
[           141298837] <dut.root>  WARNING: unstable transition on `fd_a__w_1'   [by dut.root.a <- 0]
[           141415496] <dut.right>  WARNING: unstable transition on `fd_a__w_1'   [by dut.right.a <- 0]
[           141556560] <dut.left>  WARNING: unstable transition on `fd_a__w_1'   [by dut.left.a <- 0]
[           142006085] <dut.root>  WARNING: unstable transition on `fd_a__w_1'   [by dut.root.a <- 0]
[           142103330] <dut.root>  WARNING: unstable transition on `fd_a__w_1'   [by dut.root.a <- 0]
[           142331828] <dut.root>  WARNING: unstable transition on `fd_a__w_1'   [by dut.root.a <- 0]
[           142679106] <dut.right>  WARNING: unstable transition on `fd_a__w_1'   [by dut.right.a <- 0]
[           142847409] <dut.root>  WARNING: unstable transition on `fd_a__w_1'   [by dut.root.a <- 0]
[           143233650] <dut.root>  WARNING: unstable transition on `fd_a__w_1'   [by dut.root.a <- 0]
[           143286557] <dut.root>  WARNING: unstable transition on `fd_a__w_1'   [by dut.root.a <- 0]
[           144001717] <dut.root>  WARNING: unstable transition on `fd_a__w_1'   [by dut.root.a <- 0]
[           144387968] <dut.root>  WARNING: unstable transition on `fd_a__w_1'   [by dut.root.a <- 0]
[           144399908] <dut.root>  WARNING: unstable transition on `fd_a__w_1'   [by dut.root.a <- 0]
[           144503952] <dut.root>  WARNING: unstable transition on `fd_a__w_1'   [by dut.root.a <- 0]
[           144857998] <dut.right>  WARNING: unstable transition on `fd_a__w_1'   [by dut.right.a <- 0]
[           145033732] <dut.root>  WARNING: unstable transition on `fd_a__w_1'   [by dut.root.a <- 0]
[           145439402] <dut.left>  WARNING: unstable transition on `fd_a__w_1'   [by dut.left.a <- 0]
[           145951322] <dut.right>  WARNING: unstable transition on `fd_a__w_1'   [by dut.right.a <- 0]
[           145976774] <dut.right>  WARNING: unstable transition on `fd_a__w_1'   [by dut.right.a <- 0]
[           146122619] <dut.root>  WARNING: unstable transition on `fd_a__w_1'   [by dut.root.a <- 0]
[           146197374] <dut.left>  WARNING: unstable transition on `fd_a__w_1'   [by dut.left.a <- 0]
[           146231060] <dut.root>  WARNING: unstable transition on `fd_a__w_1'   [by dut.root.a <- 0]
[           146237640] <dut.root>  WARNING: unstable transition on `fd_a__w_1'   [by dut.root.a <- 0]
[           146330042] <dut.left>  WARNING: unstable transition on `fd_a__w_1'   [by dut.left.a <- 0]
[           146347729] <dut.right>  WARNING: unstable transition on `fd_a__w_1'   [by dut.right.a <- 0]
[           146592206] <dut.root>  WARNING: unstable transition on `fd_a__w_1'   [by dut.root.a <- 0]
[           146831297] <dut.root>  WARNING: unstable transition on `fd_a__w_1'   [by dut.root.a <- 0]
[           146959756] <dut.right>  WARNING: unstable transition on `fd_a__w_1'   [by dut.right.a <- 0]
[           148220694] <dut.left>  WARNING: unstable transition on `fd_a__w_1'   [by dut.left.a <- 0]
[           148224980] <dut.right>  WARNING: unstable transition on `fd_a__w_1'   [by dut.right.a <- 0]
[           148295203] <dut.root>  WARNING: unstable transition on `fd_a__w_1'   [by dut.root.a <- 0]
[           148339141] <dut.root>  WARNING: unstable transition on `fd_a__w_1'   [by dut.root.a <- 0]
[           148699000] <dut.left>  WARNING: unstable transition on `fd_a__w_1'   [by dut.left.a <- 0]
[           148750353] <dut.root>  WARNING: unstable transition on `fd_a__w_1'   [by dut.root.a <- 0]
[           148995411] <dut.root>  WARNING: unstable transition on `fd_a__w_1'   [by dut.root.a <- 0]
[           149174866] <dut.left>  WARNING: unstable transition on `fd_a__w_1'   [by dut.left.a <- 0]
[           149421921] <dut.root>  WARNING: unstable transition on `fd_a__w_1'   [by dut.root.a <- 0]
[           149503389] <dut.root>  WARNING: unstable transition on `fd_a__w_1'   [by dut.root.a <- 0]
[           150039310] <dut.right>  WARNING: unstable transition on `fd_a__w_1'   [by dut.right.a <- 0]
[           150052675] <dut.root>  WARNING: unstable transition on `fd_a__w_1'   [by dut.root.a <- 0]
[           150261529] <dut.root>  WARNING: unstable transition on `fd_a__w_1'   [by dut.root.a <- 0]
[           150290202] <dut.root>  WARNING: unstable transition on `fd_a__w_1'   [by dut.root.a <- 0]
[           150582582] <dut.right>  WARNING: unstable transition on `fd_a__w_1'   [by dut.right.a <- 0]
[           150626546] <dut.left>  WARNING: unstable transition on `fd_a__w_1'   [by dut.left.a <- 0]
[           150655361] <dut.root>  WARNING: unstable transition on `fd_a__w_1'   [by dut.root.a <- 0]
[           150920702] <dut.right>  WARNING: unstable transition on `fd_a__w_1'   [by dut.right.a <- 0]
[           150981157] <dut.root>  WARNING: unstable transition on `fd_a__w_1'   [by dut.root.a <- 0]
[           151094814] <dut.right>  WARNING: unstable transition on `fd_a__w_1'   [by dut.right.a <- 0]
[           151411715] <dut.right>  WARNING: unstable transition on `fd_a__w_1'   [by dut.right.a <- 0]
[           151478669] <dut.root>  WARNING: unstable transition on `fd_a__w_1'   [by dut.root.a <- 0]
[           151737926] <dut.left>  WARNING: unstable transition on `fd_a__w_1'   [by dut.left.a <- 0]
[           152288852] <dut.root>  WARNING: unstable transition on `fd_a__w_1'   [by dut.root.a <- 0]
[           152472808] <dut.right>  WARNING: unstable transition on `fd_a__w_1'   [by dut.right.a <- 0]
[           152517466] <dut.left>  WARNING: unstable transition on `fd_a__w_1'   [by dut.left.a <- 0]
[           152585652] <dut.left>  WARNING: unstable transition on `fd_a__w_1'   [by dut.left.a <- 0]
[           152906240] <dut.left>  WARNING: unstable transition on `fd_a__w_1'   [by dut.left.a <- 0]
[           153031433] <dut.right>  WARNING: unstable transition on `fd_a__w_1'   [by dut.right.a <- 0]
[           153460772] <dut.root>  WARNING: unstable transition on `fd_a__w_1'   [by dut.root.a <- 0]
[           153595834] <dut.right>  WARNING: unstable transition on `fd_a__w_1'   [by dut.right.a <- 0]
[           154647238] <dut.right>  WARNING: unstable transition on `fd_a__w_1'   [by dut.right.a <- 0]
[           154747682] <dut.left>  WARNING: unstable transition on `fd_a__w_1'   [by dut.left.a <- 0]
[           154921012] <dut.left>  WARNING: unstable transition on `fd_a__w_1'   [by dut.left.a <- 0]
[           155178899] <dut.root>  WARNING: unstable transition on `fd_a__w_1'   [by dut.root.a <- 0]
[           155475242] <dut.root>  WARNING: unstable transition on `fd_a__w_1'   [by dut.root.a <- 0]
[           155507296] <dut.right>  WARNING: unstable transition on `fd_a__w_1'   [by dut.right.a <- 0]
[           155555678] <dut.left>  WARNING: unstable transition on `fd_a__w_1'   [by dut.left.a <- 0]
[           155641710] <dut.right>  WARNING: unstable transition on `fd_a__w_1'   [by dut.right.a <- 0]
[           155643794] <dut.right>  WARNING: unstable transition on `fd_a__w_1'   [by dut.right.a <- 0]
[           155939393] <dut.root>  WARNING: unstable transition on `fd_a__w_1'   [by dut.root.a <- 0]
[           156036403] <dut.right>  WARNING: unstable transition on `fd_a__w_1'   [by dut.right.a <- 0]
[           156174130] <dut.root>  WARNING: unstable transition on `fd_a__w_1'   [by dut.root.a <- 0]
[           156232899] <dut.root>  WARNING: unstable transition on `fd_a__w_1'   [by dut.root.a <- 0]
[           156499587] <dut.right>  WARNING: unstable transition on `fd_a__w_1'   [by dut.right.a <- 0]
[           156595584] <dut.root>  WARNING: unstable transition on `fd_a__w_1'   [by dut.root.a <- 0]
[           157591668] <dut.root>  WARNING: unstable transition on `fd_a__w_1'   [by dut.root.a <- 0]
[           158356617] <dut.root>  WARNING: unstable transition on `fd_a__w_1'   [by dut.root.a <- 0]
[           158563343] <dut.root>  WARNING: unstable transition on `fd_a__w_1'   [by dut.root.a <- 0]
[           158783519] <dut.root>  WARNING: unstable transition on `fd_a__w_1'   [by dut.root.a <- 0]
[           158790073] <dut.left>  WARNING: unstable transition on `fd_a__w_1'   [by dut.left.a <- 0]
[           159063186] <dut.right>  WARNING: unstable transition on `fd_a__w_1'   [by dut.right.a <- 0]
[           159336537] <dut.root>  WARNING: unstable transition on `fd_a__w_1'   [by dut.root.a <- 0]
[           159382497] <dut.root>  WARNING: unstable transition on `fd_a__w_1'   [by dut.root.a <- 0]
[           159433433] <dut.right>  WARNING: unstable transition on `fd_a__w_1'   [by dut.right.a <- 0]
[           159495115] <dut.left>  WARNING: unstable transition on `fd_a__w_1'   [by dut.left.a <- 0]
[           159532668] <dut.left>  WARNING: unstable transition on `fd_a__w_1'   [by dut.left.a <- 0]
[           159575207] <dut.left>  WARNING: unstable transition on `fd_a__w_1'   [by dut.left.a <- 0]
[           159575431] <dut.root>  WARNING: unstable transition on `fd_a__w_1'   [by dut.root.a <- 0]
[           159852723] <dut.root>  WARNING: unstable transition on `fd_a__w_1'   [by dut.root.a <- 0]
[           160332045] <dut.left>  WARNING: unstable transition on `fd_a__w_1'   [by dut.left.a <- 0]
[           160336858] <dut.root>  WARNING: unstable transition on `fd_a__w_1'   [by dut.root.a <- 0]
[           160451228] <dut.left>  WARNING: unstable transition on `fd_a__w_1'   [by dut.left.a <- 0]
[           160542594] <dut.root>  WARNING: unstable transition on `fd_a__w_1'   [by dut.root.a <- 0]
[           160632773] <dut.root>  WARNING: unstable transition on `fd_a__w_1'   [by dut.root.a <- 0]
[           160949332] <dut.root>  WARNING: unstable transition on `fd_a__w_1'   [by dut.root.a <- 0]
[           161014183] <dut.right>  WARNING: unstable transition on `fd_a__w_1'   [by dut.right.a <- 0]
[           161384775] <dut.root>  WARNING: unstable transition on `fd_a__w_1'   [by dut.root.a <- 0]
[           161617297] <dut.left>  WARNING: unstable transition on `fd_a__w_1'   [by dut.left.a <- 0]
[           161724123] <dut.left>  WARNING: unstable transition on `fd_a__w_1'   [by dut.left.a <- 0]
[           161760043] <dut.right>  WARNING: unstable transition on `fd_a__w_1'   [by dut.right.a <- 0]
[           161812967] <dut.right>  WARNING: unstable transition on `fd_a__w_1'   [by dut.right.a <- 0]
[           162161890] <dut.left>  WARNING: unstable transition on `fd_a__w_1'   [by dut.left.a <- 0]
[           162450855] <dut.root>  WARNING: unstable transition on `fd_a__w_1'   [by dut.root.a <- 0]
[           162481500] <dut.left>  WARNING: unstable transition on `fd_a__w_1'   [by dut.left.a <- 0]
[           162570991] <dut.right>  WARNING: unstable transition on `fd_a__w_1'   [by dut.right.a <- 0]
[           163166349] <dut.right>  WARNING: unstable transition on `fd_a__w_1'   [by dut.right.a <- 0]
[           163571577] <dut.left>  WARNING: unstable transition on `fd_a__w_1'   [by dut.left.a <- 0]
[           163682472] <dut.root>  WARNING: unstable transition on `fd_a__w_1'   [by dut.root.a <- 0]
[           163999333] <dut.root>  WARNING: unstable transition on `fd_a__w_1'   [by dut.root.a <- 0]
[           164078356] <dut.right>  WARNING: unstable transition on `fd_a__w_1'   [by dut.right.a <- 0]
[           164125937] <dut.left>  WARNING: unstable transition on `fd_a__w_1'   [by dut.left.a <- 0]
[           164214432] <dut.left>  WARNING: unstable transition on `fd_a__w_1'   [by dut.left.a <- 0]
[           164399839] <dut.left>  WARNING: unstable transition on `fd_a__w_1'   [by dut.left.a <- 0]
[           164551323] <dut.right>  WARNING: unstable transition on `fd_a__w_1'   [by dut.right.a <- 0]
[           164580303] <dut.root>  WARNING: unstable transition on `fd_a__w_1'   [by dut.root.a <- 0]
[           164612982] <dut.left>  WARNING: unstable transition on `fd_a__w_1'   [by dut.left.a <- 0]
[           164831456] <dut.root>  WARNING: unstable transition on `fd_a__w_1'   [by dut.root.a <- 0]
[           164883919] <dut.root>  WARNING: unstable transition on `fd_a__w_1'   [by dut.root.a <- 0]
[           164968216] <dut.left>  WARNING: unstable transition on `fd_a__w_1'   [by dut.left.a <- 0]
[           164981300] <dut.left>  WARNING: unstable transition on `fd_a__w_1'   [by dut.left.a <- 0]
[           165020873] <dut.left>  WARNING: unstable transition on `fd_a__w_1'   [by dut.left.a <- 0]
[           165213814] <dut.root>  WARNING: unstable transition on `fd_a__w_1'   [by dut.root.a <- 0]
[           165226520] <dut.right>  WARNING: unstable transition on `fd_a__w_1'   [by dut.right.a <- 0]
[           165723828] <dut.left>  WARNING: unstable transition on `fd_a__w_1'   [by dut.left.a <- 0]
[           165878206] <dut.right>  WARNING: unstable transition on `fd_a__w_1'   [by dut.right.a <- 0]
[           166412662] <dut.root>  WARNING: unstable transition on `fd_a__w_1'   [by dut.root.a <- 0]
[           166683117] <dut.root>  WARNING: unstable transition on `fd_a__w_1'   [by dut.root.a <- 0]
[           166711842] <dut.root>  WARNING: unstable transition on `fd_a__w_1'   [by dut.root.a <- 0]
[           166998679] <dut.right>  WARNING: unstable transition on `fd_a__w_1'   [by dut.right.a <- 0]
[           167379196] <dut.left>  WARNING: unstable transition on `fd_a__w_1'   [by dut.left.a <- 0]
[           167710162] <dut.left>  WARNING: unstable transition on `fd_a__w_1'   [by dut.left.a <- 0]
[           168290521] <dut.left>  WARNING: unstable transition on `fd_a__w_1'   [by dut.left.a <- 0]
[           168310087] <dut.right>  WARNING: unstable transition on `fd_a__w_1'   [by dut.right.a <- 0]
[           168349448] <dut.root>  WARNING: unstable transition on `fd_a__w_1'   [by dut.root.a <- 0]
[           168581834] <dut.left>  WARNING: unstable transition on `fd_a__w_1'   [by dut.left.a <- 0]
[           168675329] <dut.root>  WARNING: unstable transition on `fd_a__w_1'   [by dut.root.a <- 0]
[           168820104] <dut.root>  WARNING: unstable transition on `fd_a__w_1'   [by dut.root.a <- 0]
[           168853238] <dut.right>  WARNING: unstable transition on `fd_a__w_1'   [by dut.right.a <- 0]
[           169175412] <dut.root>  WARNING: unstable transition on `fd_a__w_1'   [by dut.root.a <- 0]
[           169208429] <dut.root>  WARNING: unstable transition on `fd_a__w_1'   [by dut.root.a <- 0]
[           169345929] <dut.root>  WARNING: unstable transition on `fd_a__w_1'   [by dut.root.a <- 0]
[           169380004] <dut.root>  WARNING: unstable transition on `fd_a__w_1'   [by dut.root.a <- 0]
[           169441078] <dut.root>  WARNING: unstable transition on `fd_a__w_1'   [by dut.root.a <- 0]
[           169451163] <dut.right>  WARNING: unstable transition on `fd_a__w_1'   [by dut.right.a <- 0]
[           169837003] <dut.right>  WARNING: unstable transition on `fd_a__w_1'   [by dut.right.a <- 0]
[           169898979] <dut.left>  WARNING: unstable transition on `fd_a__w_1'   [by dut.left.a <- 0]
[           169932095] <dut.root>  WARNING: unstable transition on `fd_a__w_1'   [by dut.root.a <- 0]
[           170129552] <dut.root>  WARNING: unstable transition on `fd_a__w_1'   [by dut.root.a <- 0]
[           170419393] <dut.root>  WARNING: unstable transition on `fd_a__w_1'   [by dut.root.a <- 0]
[           170533221] <dut.root>  WARNING: unstable transition on `fd_a__w_1'   [by dut.root.a <- 0]
[           170844575] <dut.root>  WARNING: unstable transition on `fd_a__w_1'   [by dut.root.a <- 0]
[           170889915] <dut.root>  WARNING: unstable transition on `fd_a__w_1'   [by dut.root.a <- 0]
[           170949668] <dut.left>  WARNING: unstable transition on `fd_a__w_1'   [by dut.left.a <- 0]
[           170963101] <dut.left>  WARNING: unstable transition on `fd_a__w_1'   [by dut.left.a <- 0]
[           170970501] <dut.root>  WARNING: unstable transition on `fd_a__w_1'   [by dut.root.a <- 0]
[           170983363] <dut.root>  WARNING: unstable transition on `fd_a__w_1'   [by dut.root.a <- 0]
[           171340211] <dut.right>  WARNING: unstable transition on `fd_a__w_1'   [by dut.right.a <- 0]
[           171396636] <dut.root>  WARNING: unstable transition on `fd_a__w_1'   [by dut.root.a <- 0]
[           171519339] <dut.left>  WARNING: unstable transition on `fd_a__w_1'   [by dut.left.a <- 0]
[           171864575] <dut.left>  WARNING: unstable transition on `fd_a__w_1'   [by dut.left.a <- 0]
[           172416248] <dut.root>  WARNING: unstable transition on `fd_a__w_1'   [by dut.root.a <- 0]
[           172422017] <dut.right>  WARNING: unstable transition on `fd_a__w_1'   [by dut.right.a <- 0]
[           172515151] <dut.root>  WARNING: unstable transition on `fd_a__w_1'   [by dut.root.a <- 0]
[           172979763] <dut.root>  WARNING: unstable transition on `fd_a__w_1'   [by dut.root.a <- 0]
[           173517286] <dut.left>  WARNING: unstable transition on `fd_a__w_1'   [by dut.left.a <- 0]
[           173834346] <dut.root>  WARNING: unstable transition on `fd_a__w_1'   [by dut.root.a <- 0]
[           174252715] <dut.root>  WARNING: unstable transition on `fd_a__w_1'   [by dut.root.a <- 0]
[           174254044] <dut.right>  WARNING: unstable transition on `fd_a__w_1'   [by dut.right.a <- 0]
[           174332878] <dut.right>  WARNING: unstable transition on `fd_a__w_1'   [by dut.right.a <- 0]
[           174557914] <dut.root>  WARNING: unstable transition on `fd_a__w_1'   [by dut.root.a <- 0]
[           174708033] <dut.left>  WARNING: unstable transition on `fd_a__w_1'   [by dut.left.a <- 0]
[           175050535] <dut.right>  WARNING: unstable transition on `fd_a__w_1'   [by dut.right.a <- 0]
[           175097805] <dut.root>  WARNING: unstable transition on `fd_a__w_1'   [by dut.root.a <- 0]
[           175402011] <dut.root>  WARNING: unstable transition on `fd_a__w_1'   [by dut.root.a <- 0]
[           175425156] <dut.right>  WARNING: unstable transition on `fd_a__w_1'   [by dut.right.a <- 0]
[           175478564] <dut.root>  WARNING: unstable transition on `fd_a__w_1'   [by dut.root.a <- 0]
[           175511155] <dut.left>  WARNING: unstable transition on `fd_a__w_1'   [by dut.left.a <- 0]
[           175659749] <dut.left>  WARNING: unstable transition on `fd_a__w_1'   [by dut.left.a <- 0]
[           175705809] <dut.right>  WARNING: unstable transition on `fd_a__w_1'   [by dut.right.a <- 0]
[           175874178] <dut.root>  WARNING: unstable transition on `fd_a__w_1'   [by dut.root.a <- 0]
[           175936369] <dut.root>  WARNING: unstable transition on `fd_a__w_1'   [by dut.root.a <- 0]
[           176915124] <dut.root>  WARNING: unstable transition on `fd_a__w_1'   [by dut.root.a <- 0]
[           177102384] <dut.root>  WARNING: unstable transition on `fd_a__w_1'   [by dut.root.a <- 0]
[           177146795] <dut.root>  WARNING: unstable transition on `fd_a__w_1'   [by dut.root.a <- 0]
[           177608815] <dut.right>  WARNING: unstable transition on `fd_a__w_1'   [by dut.right.a <- 0]
[           177695239] <dut.root>  WARNING: unstable transition on `fd_a__w_1'   [by dut.root.a <- 0]
[           177793669] <dut.right>  WARNING: unstable transition on `fd_a__w_1'   [by dut.right.a <- 0]
[           178346080] <dut.root>  WARNING: unstable transition on `fd_a__w_1'   [by dut.root.a <- 0]
[           178635733] <dut.right>  WARNING: unstable transition on `fd_a__w_1'   [by dut.right.a <- 0]
[           178770482] <dut.root>  WARNING: unstable transition on `fd_a__w_1'   [by dut.root.a <- 0]
[           179114186] <dut.right>  WARNING: unstable transition on `fd_a__w_1'   [by dut.right.a <- 0]
[           179456799] <dut.root>  WARNING: unstable transition on `fd_a__w_1'   [by dut.root.a <- 0]
[           179642982] <dut.root>  WARNING: unstable transition on `fd_a__w_1'   [by dut.root.a <- 0]
[           179668459] <dut.root>  WARNING: unstable transition on `fd_a__w_1'   [by dut.root.a <- 0]
[           179772143] <dut.left>  WARNING: unstable transition on `fd_a__w_1'   [by dut.left.a <- 0]
[           180758542] <dut.left>  WARNING: unstable transition on `fd_a__w_1'   [by dut.left.a <- 0]
[           180829988] <dut.root>  WARNING: unstable transition on `fd_a__w_1'   [by dut.root.a <- 0]
[           180831592] <dut.right>  WARNING: unstable transition on `fd_a__w_1'   [by dut.right.a <- 0]
[           181279489] <dut.left>  WARNING: unstable transition on `fd_a__w_1'   [by dut.left.a <- 0]
[           181306559] <dut.root>  WARNING: unstable transition on `fd_a__w_1'   [by dut.root.a <- 0]
[           181492313] <dut.root>  WARNING: unstable transition on `fd_a__w_1'   [by dut.root.a <- 0]
[           182033394] <dut.left>  WARNING: unstable transition on `fd_a__w_1'   [by dut.left.a <- 0]
[           182129255] <dut.root>  WARNING: unstable transition on `fd_a__w_1'   [by dut.root.a <- 0]
[           182518444] <dut.left>  WARNING: unstable transition on `fd_a__w_1'   [by dut.left.a <- 0]
[           182574786] <dut.left>  WARNING: unstable transition on `fd_a__w_1'   [by dut.left.a <- 0]
[           182771708] <dut.root>  WARNING: unstable transition on `fd_a__w_1'   [by dut.root.a <- 0]
[           182858386] <dut.right>  WARNING: unstable transition on `fd_a__w_1'   [by dut.right.a <- 0]
[           183123352] <dut.root>  WARNING: unstable transition on `fd_a__w_1'   [by dut.root.a <- 0]
[           183187955] <dut.root>  WARNING: unstable transition on `fd_a__w_1'   [by dut.root.a <- 0]
[           183380465] <dut.left>  WARNING: unstable transition on `fd_a__w_1'   [by dut.left.a <- 0]
[           184363188] <dut.left>  WARNING: unstable transition on `fd_a__w_1'   [by dut.left.a <- 0]
[           184395609] <dut.root>  WARNING: unstable transition on `fd_a__w_1'   [by dut.root.a <- 0]
[           184463593] <dut.root>  WARNING: unstable transition on `fd_a__w_1'   [by dut.root.a <- 0]
[           184509641] <dut.left>  WARNING: unstable transition on `fd_a__w_1'   [by dut.left.a <- 0]
[           184690400] <dut.right>  WARNING: unstable transition on `fd_a__w_1'   [by dut.right.a <- 0]
[           184710057] <dut.left>  WARNING: unstable transition on `fd_a__w_1'   [by dut.left.a <- 0]
[           184867877] <dut.root>  WARNING: unstable transition on `fd_a__w_1'   [by dut.root.a <- 0]
[           185170697] <dut.root>  WARNING: unstable transition on `fd_a__w_1'   [by dut.root.a <- 0]
[           185388334] <dut.left>  WARNING: unstable transition on `fd_a__w_1'   [by dut.left.a <- 0]
[           185577165] <dut.left>  WARNING: unstable transition on `fd_a__w_1'   [by dut.left.a <- 0]
[           186031608] <dut.root>  WARNING: unstable transition on `fd_a__w_1'   [by dut.root.a <- 0]
[           186133787] <dut.right>  WARNING: unstable transition on `fd_a__w_1'   [by dut.right.a <- 0]
[           186236726] <dut.right>  WARNING: unstable transition on `fd_a__w_1'   [by dut.right.a <- 0]
[           186685904] <dut.root>  WARNING: unstable transition on `fd_a__w_1'   [by dut.root.a <- 0]
[           186738535] <dut.root>  WARNING: unstable transition on `fd_a__w_1'   [by dut.root.a <- 0]
[           186791154] <dut.right>  WARNING: unstable transition on `fd_a__w_1'   [by dut.right.a <- 0]
[           186913921] <dut.root>  WARNING: unstable transition on `fd_a__w_1'   [by dut.root.a <- 0]
[           186971600] <dut.left>  WARNING: unstable transition on `fd_a__w_1'   [by dut.left.a <- 0]
[           187070258] <dut.right>  WARNING: unstable transition on `fd_a__w_1'   [by dut.right.a <- 0]
[           187110638] <dut.right>  WARNING: unstable transition on `fd_a__w_1'   [by dut.right.a <- 0]
[           187262726] <dut.root>  WARNING: unstable transition on `fd_a__w_1'   [by dut.root.a <- 0]
[           187405356] <dut.root>  WARNING: unstable transition on `fd_a__w_1'   [by dut.root.a <- 0]
[           187609016] <dut.root>  WARNING: unstable transition on `fd_a__w_1'   [by dut.root.a <- 0]
[           187678444] <dut.left>  WARNING: unstable transition on `fd_a__w_1'   [by dut.left.a <- 0]
[           187867056] <dut.right>  WARNING: unstable transition on `fd_a__w_1'   [by dut.right.a <- 0]
[           187995302] <dut.root>  WARNING: unstable transition on `fd_a__w_1'   [by dut.root.a <- 0]
[           188322475] <dut.root>  WARNING: unstable transition on `fd_a__w_1'   [by dut.root.a <- 0]
[           188679577] <dut.right>  WARNING: unstable transition on `fd_a__w_1'   [by dut.right.a <- 0]
[           189093003] <dut.right>  WARNING: unstable transition on `fd_a__w_1'   [by dut.right.a <- 0]
[           189609603] <dut.right>  WARNING: unstable transition on `fd_a__w_1'   [by dut.right.a <- 0]
[           189620842] <dut.root>  WARNING: unstable transition on `fd_a__w_1'   [by dut.root.a <- 0]
[           189894530] <dut.root>  WARNING: unstable transition on `fd_a__w_1'   [by dut.root.a <- 0]
[           189960171] <dut.left>  WARNING: unstable transition on `fd_a__w_1'   [by dut.left.a <- 0]
[           190196742] <dut.right>  WARNING: unstable transition on `fd_a__w_1'   [by dut.right.a <- 0]
[           190241088] <dut.left>  WARNING: unstable transition on `fd_a__w_1'   [by dut.left.a <- 0]
[           190592734] <dut.left>  WARNING: unstable transition on `fd_a__w_1'   [by dut.left.a <- 0]
[           190599605] <dut.right>  WARNING: unstable transition on `fd_a__w_1'   [by dut.right.a <- 0]
[           190639220] <dut.root>  WARNING: unstable transition on `fd_a__w_1'   [by dut.root.a <- 0]
[           190862711] <dut.right>  WARNING: unstable transition on `fd_a__w_1'   [by dut.right.a <- 0]
[           190915179] <dut.right>  WARNING: unstable transition on `fd_a__w_1'   [by dut.right.a <- 0]
[           191159617] <dut.root>  WARNING: unstable transition on `fd_a__w_1'   [by dut.root.a <- 0]
[           191183429] <dut.left>  WARNING: unstable transition on `fd_a__w_1'   [by dut.left.a <- 0]
[           191224392] <dut.left>  WARNING: unstable transition on `fd_a__w_1'   [by dut.left.a <- 0]
[           191693467] <dut.right>  WARNING: unstable transition on `fd_a__w_1'   [by dut.right.a <- 0]
[           191767859] <dut.root>  WARNING: unstable transition on `fd_a__w_1'   [by dut.root.a <- 0]
[           191798611] <dut.root>  WARNING: unstable transition on `fd_a__w_1'   [by dut.root.a <- 0]
[           192005687] <dut.left>  WARNING: unstable transition on `fd_a__w_1'   [by dut.left.a <- 0]
[           192005974] <dut.root>  WARNING: unstable transition on `fd_a__w_1'   [by dut.root.a <- 0]
[           192131247] <dut.root>  WARNING: unstable transition on `fd_a__w_1'   [by dut.root.a <- 0]
[           192166224] <dut.root>  WARNING: unstable transition on `fd_a__w_1'   [by dut.root.a <- 0]
[           192324971] <dut.left>  WARNING: unstable transition on `fd_a__w_1'   [by dut.left.a <- 0]
[           192788937] <dut.root>  WARNING: unstable transition on `fd_a__w_1'   [by dut.root.a <- 0]
[           192914691] <dut.right>  WARNING: unstable transition on `fd_a__w_1'   [by dut.right.a <- 0]
[           193203054] <dut.root>  WARNING: unstable transition on `fd_a__w_1'   [by dut.root.a <- 0]
[           193799300] <dut.left>  WARNING: unstable transition on `fd_a__w_1'   [by dut.left.a <- 0]
[           193886326] <dut.right>  WARNING: unstable transition on `fd_a__w_1'   [by dut.right.a <- 0]
[           193938518] <dut.root>  WARNING: unstable transition on `fd_a__w_1'   [by dut.root.a <- 0]
[           194037670] <dut.left>  WARNING: unstable transition on `fd_a__w_1'   [by dut.left.a <- 0]
[           194144720] <dut.left>  WARNING: unstable transition on `fd_a__w_1'   [by dut.left.a <- 0]
[           194472740] <dut.left>  WARNING: unstable transition on `fd_a__w_1'   [by dut.left.a <- 0]
[           194481890] <dut.root>  WARNING: unstable transition on `fd_a__w_1'   [by dut.root.a <- 0]
[           194488188] <dut.root>  WARNING: unstable transition on `fd_a__w_1'   [by dut.root.a <- 0]
[           194558132] <dut.right>  WARNING: unstable transition on `fd_a__w_1'   [by dut.right.a <- 0]
[           194560775] <dut.root>  WARNING: unstable transition on `fd_a__w_1'   [by dut.root.a <- 0]
[           194623649] <dut.right>  WARNING: unstable transition on `fd_a__w_1'   [by dut.right.a <- 0]
[           194673229] <dut.root>  WARNING: unstable transition on `fd_a__w_1'   [by dut.root.a <- 0]
[           194737309] <dut.root>  WARNING: unstable transition on `fd_a__w_1'   [by dut.root.a <- 0]
[           195001512] <dut.root>  WARNING: unstable transition on `fd_a__w_1'   [by dut.root.a <- 0]
[           195067030] <dut.root>  WARNING: unstable transition on `fd_a__w_1'   [by dut.root.a <- 0]
[           195787367] <dut.root>  WARNING: unstable transition on `fd_a__w_1'   [by dut.root.a <- 0]
[           196382935] <dut.root>  WARNING: unstable transition on `fd_a__w_1'   [by dut.root.a <- 0]
[           197614769] <dut.right>  WARNING: unstable transition on `fd_a__w_1'   [by dut.right.a <- 0]
[           197754437] <dut.root>  WARNING: unstable transition on `fd_a__w_1'   [by dut.root.a <- 0]
[           197841759] <dut.right>  WARNING: unstable transition on `fd_a__w_1'   [by dut.right.a <- 0]
[           198204738] <dut.root>  WARNING: unstable transition on `fd_a__w_1'   [by dut.root.a <- 0]
[           198327928] <dut.root>  WARNING: unstable transition on `fd_a__w_1'   [by dut.root.a <- 0]
[           198996607] <dut.right>  WARNING: unstable transition on `fd_a__w_1'   [by dut.right.a <- 0]
[           199067317] <dut.left>  WARNING: unstable transition on `fd_a__w_1'   [by dut.left.a <- 0]
[           199128121] <dut.right>  WARNING: unstable transition on `fd_a__w_1'   [by dut.right.a <- 0]
[           199556780] <dut.root>  WARNING: unstable transition on `fd_a__w_1'   [by dut.root.a <- 0]
[           199682288] <dut.left>  WARNING: unstable transition on `fd_a__w_1'   [by dut.left.a <- 0]
[           199981439] <dut.right>  WARNING: unstable transition on `fd_a__w_1'   [by dut.right.a <- 0]
[           200080727] <dut.root>  WARNING: unstable transition on `fd_a__w_1'   [by dut.root.a <- 0]
[           200337982] <dut.left>  WARNING: unstable transition on `fd_a__w_1'   [by dut.left.a <- 0]
[           200344320] <dut.root>  WARNING: unstable transition on `fd_a__w_1'   [by dut.root.a <- 0]
[           200768295] <dut.root>  WARNING: unstable transition on `fd_a__w_1'   [by dut.root.a <- 0]
[           200806269] <dut.right>  WARNING: unstable transition on `fd_a__w_1'   [by dut.right.a <- 0]
[           200991241] <dut.right>  WARNING: unstable transition on `fd_a__w_1'   [by dut.right.a <- 0]
[           201226101] <dut.left>  WARNING: unstable transition on `fd_a__w_1'   [by dut.left.a <- 0]
[           201363401] <dut.right>  WARNING: unstable transition on `fd_a__w_1'   [by dut.right.a <- 0]
[           201515494] <dut.left>  WARNING: unstable transition on `fd_a__w_1'   [by dut.left.a <- 0]
[           201675332] <dut.root>  WARNING: unstable transition on `fd_a__w_1'   [by dut.root.a <- 0]
[           201692501] <dut.right>  WARNING: unstable transition on `fd_a__w_1'   [by dut.right.a <- 0]
[           202094006] <dut.right>  WARNING: unstable transition on `fd_a__w_1'   [by dut.right.a <- 0]
[           202512275] <dut.left>  WARNING: unstable transition on `fd_a__w_1'   [by dut.left.a <- 0]
[           202525493] <dut.root>  WARNING: unstable transition on `fd_a__w_1'   [by dut.root.a <- 0]
[           202905181] <dut.root>  WARNING: unstable transition on `fd_a__w_1'   [by dut.root.a <- 0]
[           202931774] <dut.root>  WARNING: unstable transition on `fd_a__w_1'   [by dut.root.a <- 0]
[           202979573] <dut.root>  WARNING: unstable transition on `fd_a__w_1'   [by dut.root.a <- 0]
[           203336625] <dut.root>  WARNING: unstable transition on `fd_a__w_1'   [by dut.root.a <- 0]
[           203504003] <dut.right>  WARNING: unstable transition on `fd_a__w_1'   [by dut.right.a <- 0]
[           203695686] <dut.left>  WARNING: unstable transition on `fd_a__w_1'   [by dut.left.a <- 0]
[           203877333] <dut.right>  WARNING: unstable transition on `fd_a__w_1'   [by dut.right.a <- 0]
[           204007104] <dut.right>  WARNING: unstable transition on `fd_a__w_1'   [by dut.right.a <- 0]
[           204148847] <dut.root>  WARNING: unstable transition on `fd_a__w_1'   [by dut.root.a <- 0]
[           204282857] <dut.left>  WARNING: unstable transition on `fd_a__w_1'   [by dut.left.a <- 0]
[           204400232] <dut.left>  WARNING: unstable transition on `fd_a__w_1'   [by dut.left.a <- 0]
[           205061860] <dut.right>  WARNING: unstable transition on `fd_a__w_1'   [by dut.right.a <- 0]
[           205095635] <dut.root>  WARNING: unstable transition on `fd_a__w_1'   [by dut.root.a <- 0]
[           205339462] <dut.right>  WARNING: unstable transition on `fd_a__w_1'   [by dut.right.a <- 0]
[           205792021] <dut.right>  WARNING: unstable transition on `fd_a__w_1'   [by dut.right.a <- 0]
[           205824309] <dut.left>  WARNING: unstable transition on `fd_a__w_1'   [by dut.left.a <- 0]
[           205884678] <dut.root>  WARNING: unstable transition on `fd_a__w_1'   [by dut.root.a <- 0]
[           206001691] <dut.root>  WARNING: unstable transition on `fd_a__w_1'   [by dut.root.a <- 0]
[           206565225] <dut.root>  WARNING: unstable transition on `fd_a__w_1'   [by dut.root.a <- 0]
[           207325101] <dut.right>  WARNING: unstable transition on `fd_a__w_1'   [by dut.right.a <- 0]
[           207355847] <dut.left>  WARNING: unstable transition on `fd_a__w_1'   [by dut.left.a <- 0]
[           207475263] <dut.root>  WARNING: unstable transition on `fd_a__w_1'   [by dut.root.a <- 0]
[           207911709] <dut.left>  WARNING: unstable transition on `fd_a__w_1'   [by dut.left.a <- 0]
[           207940326] <dut.left>  WARNING: unstable transition on `fd_a__w_1'   [by dut.left.a <- 0]
[           209083850] <dut.left>  WARNING: unstable transition on `fd_a__w_1'   [by dut.left.a <- 0]
[           209175607] <dut.left>  WARNING: unstable transition on `fd_a__w_1'   [by dut.left.a <- 0]
[           209191083] <dut.root>  WARNING: unstable transition on `fd_a__w_1'   [by dut.root.a <- 0]
[           209405821] <dut.left>  WARNING: unstable transition on `fd_a__w_1'   [by dut.left.a <- 0]
[           209482090] <dut.left>  WARNING: unstable transition on `fd_a__w_1'   [by dut.left.a <- 0]
[           209553858] <dut.right>  WARNING: unstable transition on `fd_a__w_1'   [by dut.right.a <- 0]
[           209628398] <dut.left>  WARNING: unstable transition on `fd_a__w_1'   [by dut.left.a <- 0]
[           210653054] <dut.root>  WARNING: unstable transition on `fd_a__w_1'   [by dut.root.a <- 0]
[           211281485] <dut.right>  WARNING: unstable transition on `fd_a__w_1'   [by dut.right.a <- 0]
[           211415795] <dut.right>  WARNING: unstable transition on `fd_a__w_1'   [by dut.right.a <- 0]
[           211441117] <dut.right>  WARNING: unstable transition on `fd_a__w_1'   [by dut.right.a <- 0]
[           211888922] <dut.root>  WARNING: unstable transition on `fd_a__w_1'   [by dut.root.a <- 0]
[           211918347] <dut.root>  WARNING: unstable transition on `fd_a__w_1'   [by dut.root.a <- 0]
[           212063409] <dut.root>  WARNING: unstable transition on `fd_a__w_1'   [by dut.root.a <- 0]
[           212311424] <dut.left>  WARNING: unstable transition on `fd_a__w_1'   [by dut.left.a <- 0]
[           212569109] <dut.root>  WARNING: unstable transition on `fd_a__w_1'   [by dut.root.a <- 0]
[           212819209] <dut.right>  WARNING: unstable transition on `fd_a__w_1'   [by dut.right.a <- 0]
[           213123291] <dut.left>  WARNING: unstable transition on `fd_a__w_1'   [by dut.left.a <- 0]
[           213407438] <dut.root>  WARNING: unstable transition on `fd_a__w_1'   [by dut.root.a <- 0]
[           213499447] <dut.root>  WARNING: unstable transition on `fd_a__w_1'   [by dut.root.a <- 0]
[           213518931] <dut.root>  WARNING: unstable transition on `fd_a__w_1'   [by dut.root.a <- 0]
[           213825368] <dut.root>  WARNING: unstable transition on `fd_a__w_1'   [by dut.root.a <- 0]
[           214438526] <dut.root>  WARNING: unstable transition on `fd_a__w_1'   [by dut.root.a <- 0]
[           214483864] <dut.left>  WARNING: unstable transition on `fd_a__w_1'   [by dut.left.a <- 0]
[           214848692] <dut.right>  WARNING: unstable transition on `fd_a__w_1'   [by dut.right.a <- 0]
[           214862331] <dut.root>  WARNING: unstable transition on `fd_a__w_1'   [by dut.root.a <- 0]
[           214916132] <dut.root>  WARNING: unstable transition on `fd_a__w_1'   [by dut.root.a <- 0]
[           214947261] <dut.root>  WARNING: unstable transition on `fd_a__w_1'   [by dut.root.a <- 0]
[           215194063] <dut.root>  WARNING: unstable transition on `fd_a__w_1'   [by dut.root.a <- 0]
[           215304977] <dut.left>  WARNING: unstable transition on `fd_a__w_1'   [by dut.left.a <- 0]
[           215305264] <dut.root>  WARNING: unstable transition on `fd_a__w_1'   [by dut.root.a <- 0]
[           215350283] <dut.right>  WARNING: unstable transition on `fd_a__w_1'   [by dut.right.a <- 0]
[           215642915] <dut.right>  WARNING: unstable transition on `fd_a__w_1'   [by dut.right.a <- 0]
[           215772316] <dut.left>  WARNING: unstable transition on `fd_a__w_1'   [by dut.left.a <- 0]
[           216156204] <dut.root>  WARNING: unstable transition on `fd_a__w_1'   [by dut.root.a <- 0]
[           216251186] <dut.left>  WARNING: unstable transition on `fd_a__w_1'   [by dut.left.a <- 0]
[           216488286] <dut.left>  WARNING: unstable transition on `fd_a__w_1'   [by dut.left.a <- 0]
[           217203798] <dut.root>  WARNING: unstable transition on `fd_a__w_1'   [by dut.root.a <- 0]
[           217242908] <dut.root>  WARNING: unstable transition on `fd_a__w_1'   [by dut.root.a <- 0]
[           217281968] <dut.root>  WARNING: unstable transition on `fd_a__w_1'   [by dut.root.a <- 0]
[           217498457] <dut.root>  WARNING: unstable transition on `fd_a__w_1'   [by dut.root.a <- 0]
[           217534306] <dut.right>  WARNING: unstable transition on `fd_a__w_1'   [by dut.right.a <- 0]
[           217925623] <dut.root>  WARNING: unstable transition on `fd_a__w_1'   [by dut.root.a <- 0]
[           218007640] <dut.root>  WARNING: unstable transition on `fd_a__w_1'   [by dut.root.a <- 0]
[           218070847] <dut.root>  WARNING: unstable transition on `fd_a__w_1'   [by dut.root.a <- 0]
[           220463878] <dut.root>  WARNING: unstable transition on `fd_a__w_1'   [by dut.root.a <- 0]
[           220702241] <dut.right>  WARNING: unstable transition on `fd_a__w_1'   [by dut.right.a <- 0]
[           220702564] <dut.root>  WARNING: unstable transition on `fd_a__w_1'   [by dut.root.a <- 0]
[           221018695] <dut.root>  WARNING: unstable transition on `fd_a__w_1'   [by dut.root.a <- 0]
[           221449512] <dut.root>  WARNING: unstable transition on `fd_a__w_1'   [by dut.root.a <- 0]
[           221956895] <dut.right>  WARNING: unstable transition on `fd_a__w_1'   [by dut.right.a <- 0]
[           222267007] <dut.right>  WARNING: unstable transition on `fd_a__w_1'   [by dut.right.a <- 0]
[           222491325] <dut.root>  WARNING: unstable transition on `fd_a__w_1'   [by dut.root.a <- 0]
[           222609980] <dut.root>  WARNING: unstable transition on `fd_a__w_1'   [by dut.root.a <- 0]
[           222717639] <dut.root>  WARNING: unstable transition on `fd_a__w_1'   [by dut.root.a <- 0]
[           222821292] <dut.root>  WARNING: unstable transition on `fd_a__w_1'   [by dut.root.a <- 0]
[           222840494] <dut.left>  WARNING: unstable transition on `fd_a__w_1'   [by dut.left.a <- 0]
[           223526023] <dut.right>  WARNING: unstable transition on `fd_a__w_1'   [by dut.right.a <- 0]
[           223752991] <dut.root>  WARNING: unstable transition on `fd_a__w_1'   [by dut.root.a <- 0]
[           223763575] <dut.right>  WARNING: unstable transition on `fd_a__w_1'   [by dut.right.a <- 0]
[           223843928] <dut.root>  WARNING: unstable transition on `fd_a__w_1'   [by dut.root.a <- 0]
[           224109724] <dut.left>  WARNING: unstable transition on `fd_a__w_1'   [by dut.left.a <- 0]
[           224280715] <dut.root>  WARNING: unstable transition on `fd_a__w_1'   [by dut.root.a <- 0]
[           224302274] <dut.right>  WARNING: unstable transition on `fd_a__w_1'   [by dut.right.a <- 0]
[           224895183] <dut.root>  WARNING: unstable transition on `fd_a__w_1'   [by dut.root.a <- 0]
[           225118987] <dut.root>  WARNING: unstable transition on `fd_a__w_1'   [by dut.root.a <- 0]
[           225282281] <dut.right>  WARNING: unstable transition on `fd_a__w_1'   [by dut.right.a <- 0]
[           225385556] <dut.left>  WARNING: unstable transition on `fd_a__w_1'   [by dut.left.a <- 0]
[           225540650] <dut.right>  WARNING: unstable transition on `fd_a__w_1'   [by dut.right.a <- 0]
[           225578305] <dut.right>  WARNING: unstable transition on `fd_a__w_1'   [by dut.right.a <- 0]
[           225598428] <dut.left>  WARNING: unstable transition on `fd_a__w_1'   [by dut.left.a <- 0]
[           225740431] <dut.root>  WARNING: unstable transition on `fd_a__w_1'   [by dut.root.a <- 0]
[           225993383] <dut.root>  WARNING: unstable transition on `fd_a__w_1'   [by dut.root.a <- 0]
[           226075485] <dut.left>  WARNING: unstable transition on `fd_a__w_1'   [by dut.left.a <- 0]
[           226164426] <dut.right>  WARNING: unstable transition on `fd_a__w_1'   [by dut.right.a <- 0]
[           226355067] <dut.root>  WARNING: unstable transition on `fd_a__w_1'   [by dut.root.a <- 0]
[           226899084] <dut.left>  WARNING: unstable transition on `fd_a__w_1'   [by dut.left.a <- 0]
[           227003890] <dut.left>  WARNING: unstable transition on `fd_a__w_1'   [by dut.left.a <- 0]
[           227674373] <dut.root>  WARNING: unstable transition on `fd_a__w_1'   [by dut.root.a <- 0]
[           227705711] <dut.root>  WARNING: unstable transition on `fd_a__w_1'   [by dut.root.a <- 0]
[           227972179] <dut.root>  WARNING: unstable transition on `fd_a__w_1'   [by dut.root.a <- 0]
[           228172194] <dut.left>  WARNING: unstable transition on `fd_a__w_1'   [by dut.left.a <- 0]
[           228548957] <dut.root>  WARNING: unstable transition on `fd_a__w_1'   [by dut.root.a <- 0]
[           228702533] <dut.left>  WARNING: unstable transition on `fd_a__w_1'   [by dut.left.a <- 0]
[           228884497] <dut.root>  WARNING: unstable transition on `fd_a__w_1'   [by dut.root.a <- 0]
[           228983330] <dut.right>  WARNING: unstable transition on `fd_a__w_1'   [by dut.right.a <- 0]
[           229705903] <dut.left>  WARNING: unstable transition on `fd_a__w_1'   [by dut.left.a <- 0]
[           229710810] <dut.root>  WARNING: unstable transition on `fd_a__w_1'   [by dut.root.a <- 0]
[           229798873] <dut.left>  WARNING: unstable transition on `fd_a__w_1'   [by dut.left.a <- 0]
[           229803469] <dut.root>  WARNING: unstable transition on `fd_a__w_1'   [by dut.root.a <- 0]
[           230112356] <dut.root>  WARNING: unstable transition on `fd_a__w_1'   [by dut.root.a <- 0]
[           230353130] <dut.root>  WARNING: unstable transition on `fd_a__w_1'   [by dut.root.a <- 0]
[           230425393] <dut.root>  WARNING: unstable transition on `fd_a__w_1'   [by dut.root.a <- 0]
[           230731271] <dut.right>  WARNING: unstable transition on `fd_a__w_1'   [by dut.right.a <- 0]
[           231119300] <dut.root>  WARNING: unstable transition on `fd_a__w_1'   [by dut.root.a <- 0]
[           231775262] <dut.root>  WARNING: unstable transition on `fd_a__w_1'   [by dut.root.a <- 0]
[           231980878] <dut.root>  WARNING: unstable transition on `fd_a__w_1'   [by dut.root.a <- 0]
[           232337901] <dut.root>  WARNING: unstable transition on `fd_a__w_1'   [by dut.root.a <- 0]
[           232652933] <dut.right>  WARNING: unstable transition on `fd_a__w_1'   [by dut.right.a <- 0]
[           232884024] <dut.root>  WARNING: unstable transition on `fd_a__w_1'   [by dut.root.a <- 0]
[           233090961] <dut.root>  WARNING: unstable transition on `fd_a__w_1'   [by dut.root.a <- 0]
[           233159898] <dut.left>  WARNING: unstable transition on `fd_a__w_1'   [by dut.left.a <- 0]
[           233201751] <dut.root>  WARNING: unstable transition on `fd_a__w_1'   [by dut.root.a <- 0]
[           233507811] <dut.left>  WARNING: unstable transition on `fd_a__w_1'   [by dut.left.a <- 0]
[           234330385] <dut.left>  WARNING: unstable transition on `fd_a__w_1'   [by dut.left.a <- 0]
[           234582669] <dut.root>  WARNING: unstable transition on `fd_a__w_1'   [by dut.root.a <- 0]
[           234785464] <dut.left>  WARNING: unstable transition on `fd_a__w_1'   [by dut.left.a <- 0]
[           235064571] <dut.root>  WARNING: unstable transition on `fd_a__w_1'   [by dut.root.a <- 0]
[           235358731] <dut.root>  WARNING: unstable transition on `fd_a__w_1'   [by dut.root.a <- 0]
[           235646290] <dut.root>  WARNING: unstable transition on `fd_a__w_1'   [by dut.root.a <- 0]
[           236200158] <dut.left>  WARNING: unstable transition on `fd_a__w_1'   [by dut.left.a <- 0]
[           236307362] <dut.root>  WARNING: unstable transition on `fd_a__w_1'   [by dut.root.a <- 0]
[           236816674] <dut.root>  WARNING: unstable transition on `fd_a__w_1'   [by dut.root.a <- 0]
[           237123667] <dut.root>  WARNING: unstable transition on `fd_a__w_1'   [by dut.root.a <- 0]
[           237131948] <dut.left>  WARNING: unstable transition on `fd_a__w_1'   [by dut.left.a <- 0]
[           237425958] <dut.left>  WARNING: unstable transition on `fd_a__w_1'   [by dut.left.a <- 0]
[           237618323] <dut.right>  WARNING: unstable transition on `fd_a__w_1'   [by dut.right.a <- 0]
[           237665933] <dut.root>  WARNING: unstable transition on `fd_a__w_1'   [by dut.root.a <- 0]
[           237787247] <dut.root>  WARNING: unstable transition on `fd_a__w_1'   [by dut.root.a <- 0]
[           237975091] <dut.left>  WARNING: unstable transition on `fd_a__w_1'   [by dut.left.a <- 0]
[           238145021] <dut.left>  WARNING: unstable transition on `fd_a__w_1'   [by dut.left.a <- 0]
[           238338961] <dut.right>  WARNING: unstable transition on `fd_a__w_1'   [by dut.right.a <- 0]
[           238489656] <dut.left>  WARNING: unstable transition on `fd_a__w_1'   [by dut.left.a <- 0]
[           238701392] <dut.root>  WARNING: unstable transition on `fd_a__w_1'   [by dut.root.a <- 0]
[           238920865] <dut.right>  WARNING: unstable transition on `fd_a__w_1'   [by dut.right.a <- 0]
[           238934168] <dut.right>  WARNING: unstable transition on `fd_a__w_1'   [by dut.right.a <- 0]
[           239519694] <dut.left>  WARNING: unstable transition on `fd_a__w_1'   [by dut.left.a <- 0]
[           239559499] <dut.root>  WARNING: unstable transition on `fd_a__w_1'   [by dut.root.a <- 0]
[           239710919] <dut.right>  WARNING: unstable transition on `fd_a__w_1'   [by dut.right.a <- 0]
[           239770239] <dut.left>  WARNING: unstable transition on `fd_a__w_1'   [by dut.left.a <- 0]
[           239819449] <dut.root>  WARNING: unstable transition on `fd_a__w_1'   [by dut.root.a <- 0]
[           239962377] <dut.right>  WARNING: unstable transition on `fd_a__w_1'   [by dut.right.a <- 0]
[           240016017] <dut.root>  WARNING: unstable transition on `fd_a__w_1'   [by dut.root.a <- 0]
[           240051042] <dut.left>  WARNING: unstable transition on `fd_a__w_1'   [by dut.left.a <- 0]
[           240997907] <dut.root>  WARNING: unstable transition on `fd_a__w_1'   [by dut.root.a <- 0]
[           241014973] <dut.right>  WARNING: unstable transition on `fd_a__w_1'   [by dut.right.a <- 0]
[           241178240] <dut.root>  WARNING: unstable transition on `fd_a__w_1'   [by dut.root.a <- 0]
[           241375747] <dut.right>  WARNING: unstable transition on `fd_a__w_1'   [by dut.right.a <- 0]
[           241470150] <dut.right>  WARNING: unstable transition on `fd_a__w_1'   [by dut.right.a <- 0]
[           241590193] <dut.right>  WARNING: unstable transition on `fd_a__w_1'   [by dut.right.a <- 0]
[           241937171] <dut.right>  WARNING: unstable transition on `fd_a__w_1'   [by dut.right.a <- 0]
[           242022651] <dut.left>  WARNING: unstable transition on `fd_a__w_1'   [by dut.left.a <- 0]
[           242085929] <dut.root>  WARNING: unstable transition on `fd_a__w_1'   [by dut.root.a <- 0]
[           242741004] <dut.left>  WARNING: unstable transition on `fd_a__w_1'   [by dut.left.a <- 0]
[           242905614] <dut.root>  WARNING: unstable transition on `fd_a__w_1'   [by dut.root.a <- 0]
[           243515061] <dut.right>  WARNING: unstable transition on `fd_a__w_1'   [by dut.right.a <- 0]
[           244152119] <dut.right>  WARNING: unstable transition on `fd_a__w_1'   [by dut.right.a <- 0]
[           244666928] <dut.left>  WARNING: unstable transition on `fd_a__w_1'   [by dut.left.a <- 0]
[           244812414] <dut.left>  WARNING: unstable transition on `fd_a__w_1'   [by dut.left.a <- 0]
[           244975104] <dut.root>  WARNING: unstable transition on `fd_a__w_1'   [by dut.root.a <- 0]
[           244989889] <dut.right>  WARNING: unstable transition on `fd_a__w_1'   [by dut.right.a <- 0]
[           245263016] <dut.root>  WARNING: unstable transition on `fd_a__w_1'   [by dut.root.a <- 0]
[           245282233] <dut.right>  WARNING: unstable transition on `fd_a__w_1'   [by dut.right.a <- 0]
[           245295583] <dut.right>  WARNING: unstable transition on `fd_a__w_1'   [by dut.right.a <- 0]
[           245362239] <dut.root>  WARNING: unstable transition on `fd_a__w_1'   [by dut.root.a <- 0]
[           245492817] <dut.root>  WARNING: unstable transition on `fd_a__w_1'   [by dut.root.a <- 0]
[           245724690] <dut.root>  WARNING: unstable transition on `fd_a__w_1'   [by dut.root.a <- 0]
[           245789972] <dut.left>  WARNING: unstable transition on `fd_a__w_1'   [by dut.left.a <- 0]
[           245945702] <dut.root>  WARNING: unstable transition on `fd_a__w_1'   [by dut.root.a <- 0]
[           246477937] <dut.right>  WARNING: unstable transition on `fd_a__w_1'   [by dut.right.a <- 0]
[           246688872] <dut.root>  WARNING: unstable transition on `fd_a__w_1'   [by dut.root.a <- 0]
[           246894809] <dut.left>  WARNING: unstable transition on `fd_a__w_1'   [by dut.left.a <- 0]
[           246931486] <dut.root>  WARNING: unstable transition on `fd_a__w_1'   [by dut.root.a <- 0]
[           247247096] <dut.right>  WARNING: unstable transition on `fd_a__w_1'   [by dut.right.a <- 0]
[           247434551] <dut.root>  WARNING: unstable transition on `fd_a__w_1'   [by dut.root.a <- 0]
[           247440797] <dut.left>  WARNING: unstable transition on `fd_a__w_1'   [by dut.left.a <- 0]
[           247681542] <dut.root>  WARNING: unstable transition on `fd_a__w_1'   [by dut.root.a <- 0]
[           247920451] <dut.left>  WARNING: unstable transition on `fd_a__w_1'   [by dut.left.a <- 0]
[           248193727] <dut.root>  WARNING: unstable transition on `fd_a__w_1'   [by dut.root.a <- 0]
[           248377111] <dut.right>  WARNING: unstable transition on `fd_a__w_1'   [by dut.right.a <- 0]
[           248433509] <dut.right>  WARNING: unstable transition on `fd_a__w_1'   [by dut.right.a <- 0]
[           248688487] <dut.root>  WARNING: unstable transition on `fd_a__w_1'   [by dut.root.a <- 0]
[           248905539] <dut.root>  WARNING: unstable transition on `fd_a__w_1'   [by dut.root.a <- 0]
[           248946456] <dut.root>  WARNING: unstable transition on `fd_a__w_1'   [by dut.root.a <- 0]
[           249186140] <dut.root>  WARNING: unstable transition on `fd_a__w_1'   [by dut.root.a <- 0]
[           249214522] <dut.right>  WARNING: unstable transition on `fd_a__w_1'   [by dut.right.a <- 0]
[           249220797] <dut.left>  WARNING: unstable transition on `fd_a__w_1'   [by dut.left.a <- 0]
[           249406155] <dut.root>  WARNING: unstable transition on `fd_a__w_1'   [by dut.root.a <- 0]
[           249479951] <dut.root>  WARNING: unstable transition on `fd_a__w_1'   [by dut.root.a <- 0]
[           249894451] <dut.root>  WARNING: unstable transition on `fd_a__w_1'   [by dut.root.a <- 0]
[           250104594] <dut.right>  WARNING: unstable transition on `fd_a__w_1'   [by dut.right.a <- 0]
[           250193857] <dut.root>  WARNING: unstable transition on `fd_a__w_1'   [by dut.root.a <- 0]
[           250449600] <dut.root>  WARNING: unstable transition on `fd_a__w_1'   [by dut.root.a <- 0]
[           250840867] <dut.root>  WARNING: unstable transition on `fd_a__w_1'   [by dut.root.a <- 0]
[           250880846] <dut.right>  WARNING: unstable transition on `fd_a__w_1'   [by dut.right.a <- 0]
[           251071365] <dut.root>  WARNING: unstable transition on `fd_a__w_1'   [by dut.root.a <- 0]
[           251741430] <dut.right>  WARNING: unstable transition on `fd_a__w_1'   [by dut.right.a <- 0]
[           253007851] <dut.root>  WARNING: unstable transition on `fd_a__w_1'   [by dut.root.a <- 0]
[           253395839] <dut.root>  WARNING: unstable transition on `fd_a__w_1'   [by dut.root.a <- 0]
[           253402119] <dut.root>  WARNING: unstable transition on `fd_a__w_1'   [by dut.root.a <- 0]
[           253868463] <dut.root>  WARNING: unstable transition on `fd_a__w_1'   [by dut.root.a <- 0]
[           254092799] <dut.root>  WARNING: unstable transition on `fd_a__w_1'   [by dut.root.a <- 0]
[           254262699] <dut.root>  WARNING: unstable transition on `fd_a__w_1'   [by dut.root.a <- 0]
[           254316151] <dut.root>  WARNING: unstable transition on `fd_a__w_1'   [by dut.root.a <- 0]
[           254380895] <dut.root>  WARNING: unstable transition on `fd_a__w_1'   [by dut.root.a <- 0]
[           254442265] <dut.root>  WARNING: unstable transition on `fd_a__w_1'   [by dut.root.a <- 0]
[           254586866] <dut.right>  WARNING: unstable transition on `fd_a__w_1'   [by dut.right.a <- 0]
[           254608013] <dut.root>  WARNING: unstable transition on `fd_a__w_1'   [by dut.root.a <- 0]
[           254831868] <dut.root>  WARNING: unstable transition on `fd_a__w_1'   [by dut.root.a <- 0]
[           255078308] <dut.root>  WARNING: unstable transition on `fd_a__w_1'   [by dut.root.a <- 0]
[           255188284] <dut.root>  WARNING: unstable transition on `fd_a__w_1'   [by dut.root.a <- 0]
[           255234071] <dut.root>  WARNING: unstable transition on `fd_a__w_1'   [by dut.root.a <- 0]
[           255267400] <dut.left>  WARNING: unstable transition on `fd_a__w_1'   [by dut.left.a <- 0]
[           255590196] <dut.left>  WARNING: unstable transition on `fd_a__w_1'   [by dut.left.a <- 0]
[           255806549] <dut.right>  WARNING: unstable transition on `fd_a__w_1'   [by dut.right.a <- 0]
[           255819396] <dut.right>  WARNING: unstable transition on `fd_a__w_1'   [by dut.right.a <- 0]
[           256040864] <dut.root>  WARNING: unstable transition on `fd_a__w_1'   [by dut.root.a <- 0]
[           256290546] <dut.left>  WARNING: unstable transition on `fd_a__w_1'   [by dut.left.a <- 0]
[           256429389] <dut.root>  WARNING: unstable transition on `fd_a__w_1'   [by dut.root.a <- 0]
[           256701631] <dut.left>  WARNING: unstable transition on `fd_a__w_1'   [by dut.left.a <- 0]
[           256728153] <dut.left>  WARNING: unstable transition on `fd_a__w_1'   [by dut.left.a <- 0]
[           256775729] <dut.root>  WARNING: unstable transition on `fd_a__w_1'   [by dut.root.a <- 0]
[           257079062] <dut.root>  WARNING: unstable transition on `fd_a__w_1'   [by dut.root.a <- 0]
[           257231707] <dut.root>  WARNING: unstable transition on `fd_a__w_1'   [by dut.root.a <- 0]
[           257396348] <dut.root>  WARNING: unstable transition on `fd_a__w_1'   [by dut.root.a <- 0]
[           257607882] <dut.right>  WARNING: unstable transition on `fd_a__w_1'   [by dut.right.a <- 0]
[           257608332] <dut.root>  WARNING: unstable transition on `fd_a__w_1'   [by dut.root.a <- 0]
[           257650738] <dut.root>  WARNING: unstable transition on `fd_a__w_1'   [by dut.root.a <- 0]
[           257799819] <dut.root>  WARNING: unstable transition on `fd_a__w_1'   [by dut.root.a <- 0]
[           257820139] <dut.root>  WARNING: unstable transition on `fd_a__w_1'   [by dut.root.a <- 0]
[           258086110] <dut.right>  WARNING: unstable transition on `fd_a__w_1'   [by dut.right.a <- 0]
[           258957098] <dut.root>  WARNING: unstable transition on `fd_a__w_1'   [by dut.root.a <- 0]
[           259188799] <dut.right>  WARNING: unstable transition on `fd_a__w_1'   [by dut.right.a <- 0]
[           259629350] <dut.root>  WARNING: unstable transition on `fd_a__w_1'   [by dut.root.a <- 0]
[           260058030] <dut.left>  WARNING: unstable transition on `fd_a__w_1'   [by dut.left.a <- 0]
[           260250179] <dut.left>  WARNING: unstable transition on `fd_a__w_1'   [by dut.left.a <- 0]
[           261002752] <dut.root>  WARNING: unstable transition on `fd_a__w_1'   [by dut.root.a <- 0]
[           261104647] <dut.left>  WARNING: unstable transition on `fd_a__w_1'   [by dut.left.a <- 0]
[           261405299] <dut.root>  WARNING: unstable transition on `fd_a__w_1'   [by dut.root.a <- 0]
[           261915209] <dut.left>  WARNING: unstable transition on `fd_a__w_1'   [by dut.left.a <- 0]
[           262300801] <dut.left>  WARNING: unstable transition on `fd_a__w_1'   [by dut.left.a <- 0]
[           262735444] <dut.left>  WARNING: unstable transition on `fd_a__w_1'   [by dut.left.a <- 0]
[           262896067] <dut.left>  WARNING: unstable transition on `fd_a__w_1'   [by dut.left.a <- 0]
[           262927885] <dut.right>  WARNING: unstable transition on `fd_a__w_1'   [by dut.right.a <- 0]
[           263382766] <dut.root>  WARNING: unstable transition on `fd_a__w_1'   [by dut.root.a <- 0]
[           263572008] <dut.root>  WARNING: unstable transition on `fd_a__w_1'   [by dut.root.a <- 0]
[           263845035] <dut.root>  WARNING: unstable transition on `fd_a__w_1'   [by dut.root.a <- 0]
[           264287157] <dut.left>  WARNING: unstable transition on `fd_a__w_1'   [by dut.left.a <- 0]
[           264736436] <dut.left>  WARNING: unstable transition on `fd_a__w_1'   [by dut.left.a <- 0]
[           265124579] <dut.root>  WARNING: unstable transition on `fd_a__w_1'   [by dut.root.a <- 0]
[           265580450] <dut.left>  WARNING: unstable transition on `fd_a__w_1'   [by dut.left.a <- 0]
[           265848129] <dut.left>  WARNING: unstable transition on `fd_a__w_1'   [by dut.left.a <- 0]
[           265982509] <dut.left>  WARNING: unstable transition on `fd_a__w_1'   [by dut.left.a <- 0]
[           266075863] <dut.root>  WARNING: unstable transition on `fd_a__w_1'   [by dut.root.a <- 0]
[           266335958] <dut.root>  WARNING: unstable transition on `fd_a__w_1'   [by dut.root.a <- 0]
[           266556378] <dut.left>  WARNING: unstable transition on `fd_a__w_1'   [by dut.left.a <- 0]
[           266984387] <dut.right>  WARNING: unstable transition on `fd_a__w_1'   [by dut.right.a <- 0]
[           267033106] <dut.root>  WARNING: unstable transition on `fd_a__w_1'   [by dut.root.a <- 0]
[           267192251] <dut.root>  WARNING: unstable transition on `fd_a__w_1'   [by dut.root.a <- 0]
[           267218693] <dut.root>  WARNING: unstable transition on `fd_a__w_1'   [by dut.root.a <- 0]
[           267422540] <dut.root>  WARNING: unstable transition on `fd_a__w_1'   [by dut.root.a <- 0]
[           267905993] <dut.root>  WARNING: unstable transition on `fd_a__w_1'   [by dut.root.a <- 0]
[           268049709] <dut.root>  WARNING: unstable transition on `fd_a__w_1'   [by dut.root.a <- 0]
[           268528668] <dut.root>  WARNING: unstable transition on `fd_a__w_1'   [by dut.root.a <- 0]
[           268752331] <dut.root>  WARNING: unstable transition on `fd_a__w_1'   [by dut.root.a <- 0]
[           268796164] <dut.root>  WARNING: unstable transition on `fd_a__w_1'   [by dut.root.a <- 0]
[           268901713] <dut.root>  WARNING: unstable transition on `fd_a__w_1'   [by dut.root.a <- 0]
[           269025548] <dut.left>  WARNING: unstable transition on `fd_a__w_1'   [by dut.left.a <- 0]
[           269202445] <dut.root>  WARNING: unstable transition on `fd_a__w_1'   [by dut.root.a <- 0]
[           269694156] <dut.root>  WARNING: unstable transition on `fd_a__w_1'   [by dut.root.a <- 0]
[           269820104] <dut.left>  WARNING: unstable transition on `fd_a__w_1'   [by dut.left.a <- 0]
[           269835291] <dut.left>  WARNING: unstable transition on `fd_a__w_1'   [by dut.left.a <- 0]
[           269932884] <dut.root>  WARNING: unstable transition on `fd_a__w_1'   [by dut.root.a <- 0]
[           269992905] <dut.root>  WARNING: unstable transition on `fd_a__w_1'   [by dut.root.a <- 0]
[           270131176] <dut.right>  WARNING: unstable transition on `fd_a__w_1'   [by dut.right.a <- 0]
[           270201248] <dut.left>  WARNING: unstable transition on `fd_a__w_1'   [by dut.left.a <- 0]
[           270257116] <dut.root>  WARNING: unstable transition on `fd_a__w_1'   [by dut.root.a <- 0]
[           270340858] <dut.root>  WARNING: unstable transition on `fd_a__w_1'   [by dut.root.a <- 0]
[           270832863] <dut.right>  WARNING: unstable transition on `fd_a__w_1'   [by dut.right.a <- 0]
[           270942131] <dut.root>  WARNING: unstable transition on `fd_a__w_1'   [by dut.root.a <- 0]
[           271205415] <dut.root>  WARNING: unstable transition on `fd_a__w_1'   [by dut.root.a <- 0]
[           271271728] <dut.root>  WARNING: unstable transition on `fd_a__w_1'   [by dut.root.a <- 0]
[           271683738] <dut.root>  WARNING: unstable transition on `fd_a__w_1'   [by dut.root.a <- 0]
[           271744543] <dut.left>  WARNING: unstable transition on `fd_a__w_1'   [by dut.left.a <- 0]
[           271837884] <dut.root>  WARNING: unstable transition on `fd_a__w_1'   [by dut.root.a <- 0]
[           271986290] <dut.left>  WARNING: unstable transition on `fd_a__w_1'   [by dut.left.a <- 0]
[           272140803] <dut.root>  WARNING: unstable transition on `fd_a__w_1'   [by dut.root.a <- 0]
[           272187167] <dut.left>  WARNING: unstable transition on `fd_a__w_1'   [by dut.left.a <- 0]
[           272832623] <dut.left>  WARNING: unstable transition on `fd_a__w_1'   [by dut.left.a <- 0]
[           272954244] <dut.root>  WARNING: unstable transition on `fd_a__w_1'   [by dut.root.a <- 0]
[           273192934] <dut.left>  WARNING: unstable transition on `fd_a__w_1'   [by dut.left.a <- 0]
[           273217258] <dut.root>  WARNING: unstable transition on `fd_a__w_1'   [by dut.root.a <- 0]
[           273223203] <dut.right>  WARNING: unstable transition on `fd_a__w_1'   [by dut.right.a <- 0]
[           273237086] <dut.root>  WARNING: unstable transition on `fd_a__w_1'   [by dut.root.a <- 0]
[           273276823] <dut.root>  WARNING: unstable transition on `fd_a__w_1'   [by dut.root.a <- 0]
[           273566083] <dut.right>  WARNING: unstable transition on `fd_a__w_1'   [by dut.right.a <- 0]
[           273925319] <dut.root>  WARNING: unstable transition on `fd_a__w_1'   [by dut.root.a <- 0]
[           274698115] <dut.root>  WARNING: unstable transition on `fd_a__w_1'   [by dut.root.a <- 0]
[           274995998] <dut.left>  WARNING: unstable transition on `fd_a__w_1'   [by dut.left.a <- 0]
[           275511512] <dut.root>  WARNING: unstable transition on `fd_a__w_1'   [by dut.root.a <- 0]
[           276203339] <dut.right>  WARNING: unstable transition on `fd_a__w_1'   [by dut.right.a <- 0]
[           276221545] <dut.left>  WARNING: unstable transition on `fd_a__w_1'   [by dut.left.a <- 0]
[           276676670] <dut.root>  WARNING: unstable transition on `fd_a__w_1'   [by dut.root.a <- 0]
[           277247730] <dut.right>  WARNING: unstable transition on `fd_a__w_1'   [by dut.right.a <- 0]
[           277458369] <dut.root>  WARNING: unstable transition on `fd_a__w_1'   [by dut.root.a <- 0]
[           277760563] <dut.right>  WARNING: unstable transition on `fd_a__w_1'   [by dut.right.a <- 0]
[           277890351] <dut.left>  WARNING: unstable transition on `fd_a__w_1'   [by dut.left.a <- 0]
[           278025918] <dut.root>  WARNING: unstable transition on `fd_a__w_1'   [by dut.root.a <- 0]
[           279025260] <dut.root>  WARNING: unstable transition on `fd_a__w_1'   [by dut.root.a <- 0]
[           279284890] <dut.root>  WARNING: unstable transition on `fd_a__w_1'   [by dut.root.a <- 0]
[           279357356] <dut.root>  WARNING: unstable transition on `fd_a__w_1'   [by dut.root.a <- 0]
[           279730079] <dut.right>  WARNING: unstable transition on `fd_a__w_1'   [by dut.right.a <- 0]
[           279913335] <dut.root>  WARNING: unstable transition on `fd_a__w_1'   [by dut.root.a <- 0]
[           280058469] <dut.root>  WARNING: unstable transition on `fd_a__w_1'   [by dut.root.a <- 0]
[           280282064] <dut.left>  WARNING: unstable transition on `fd_a__w_1'   [by dut.left.a <- 0]
[           280367973] <dut.root>  WARNING: unstable transition on `fd_a__w_1'   [by dut.root.a <- 0]
[           280523209] <dut.root>  WARNING: unstable transition on `fd_a__w_1'   [by dut.root.a <- 0]
[           280749722] <dut.root>  WARNING: unstable transition on `fd_a__w_1'   [by dut.root.a <- 0]
[           280819395] <dut.right>  WARNING: unstable transition on `fd_a__w_1'   [by dut.right.a <- 0]
[           280985879] <dut.root>  WARNING: unstable transition on `fd_a__w_1'   [by dut.root.a <- 0]
[           281108579] <dut.root>  WARNING: unstable transition on `fd_a__w_1'   [by dut.root.a <- 0]
[           281259997] <dut.right>  WARNING: unstable transition on `fd_a__w_1'   [by dut.right.a <- 0]
[           282046869] <dut.root>  WARNING: unstable transition on `fd_a__w_1'   [by dut.root.a <- 0]
[           282190995] <dut.root>  WARNING: unstable transition on `fd_a__w_1'   [by dut.root.a <- 0]
[           282257368] <dut.root>  WARNING: unstable transition on `fd_a__w_1'   [by dut.root.a <- 0]
[           282290018] <dut.left>  WARNING: unstable transition on `fd_a__w_1'   [by dut.left.a <- 0]
[           282341843] <dut.root>  WARNING: unstable transition on `fd_a__w_1'   [by dut.root.a <- 0]
[           282363753] <dut.right>  WARNING: unstable transition on `fd_a__w_1'   [by dut.right.a <- 0]
[           282380558] <dut.root>  WARNING: unstable transition on `fd_a__w_1'   [by dut.root.a <- 0]
[           282529659] <dut.root>  WARNING: unstable transition on `fd_a__w_1'   [by dut.root.a <- 0]
[           282627596] <dut.root>  WARNING: unstable transition on `fd_a__w_1'   [by dut.root.a <- 0]
[           282908351] <dut.root>  WARNING: unstable transition on `fd_a__w_1'   [by dut.root.a <- 0]
[           283019851] <dut.root>  WARNING: unstable transition on `fd_a__w_1'   [by dut.root.a <- 0]
[           283100782] <dut.root>  WARNING: unstable transition on `fd_a__w_1'   [by dut.root.a <- 0]
[           283119142] <dut.right>  WARNING: unstable transition on `fd_a__w_1'   [by dut.right.a <- 0]
[           283320540] <dut.right>  WARNING: unstable transition on `fd_a__w_1'   [by dut.right.a <- 0]
[           283882182] <dut.root>  WARNING: unstable transition on `fd_a__w_1'   [by dut.root.a <- 0]
[           284368234] <dut.right>  WARNING: unstable transition on `fd_a__w_1'   [by dut.right.a <- 0]
[           284648883] <dut.right>  WARNING: unstable transition on `fd_a__w_1'   [by dut.right.a <- 0]
[           285073511] <dut.right>  WARNING: unstable transition on `fd_a__w_1'   [by dut.right.a <- 0]
[           285359388] <dut.root>  WARNING: unstable transition on `fd_a__w_1'   [by dut.root.a <- 0]
[           285432411] <dut.root>  WARNING: unstable transition on `fd_a__w_1'   [by dut.root.a <- 0]
[           285614263] <dut.right>  WARNING: unstable transition on `fd_a__w_1'   [by dut.right.a <- 0]
[           285879366] <dut.right>  WARNING: unstable transition on `fd_a__w_1'   [by dut.right.a <- 0]
[           285881403] <dut.right>  WARNING: unstable transition on `fd_a__w_1'   [by dut.right.a <- 0]
[           286254402] <dut.right>  WARNING: unstable transition on `fd_a__w_1'   [by dut.right.a <- 0]
[           286274238] <dut.left>  WARNING: unstable transition on `fd_a__w_1'   [by dut.left.a <- 0]
[           286597849] <dut.right>  WARNING: unstable transition on `fd_a__w_1'   [by dut.right.a <- 0]
[           286834472] <dut.right>  WARNING: unstable transition on `fd_a__w_1'   [by dut.right.a <- 0]
[           287114564] <dut.root>  WARNING: unstable transition on `fd_a__w_1'   [by dut.root.a <- 0]
[           287250800] <dut.left>  WARNING: unstable transition on `fd_a__w_1'   [by dut.left.a <- 0]
[           287350762] <dut.root>  WARNING: unstable transition on `fd_a__w_1'   [by dut.root.a <- 0]
[           287737242] <dut.right>  WARNING: unstable transition on `fd_a__w_1'   [by dut.right.a <- 0]
[           287907129] <dut.left>  WARNING: unstable transition on `fd_a__w_1'   [by dut.left.a <- 0]
[           288390767] <dut.root>  WARNING: unstable transition on `fd_a__w_1'   [by dut.root.a <- 0]
[           289143953] <dut.right>  WARNING: unstable transition on `fd_a__w_1'   [by dut.right.a <- 0]
[           289348196] <dut.left>  WARNING: unstable transition on `fd_a__w_1'   [by dut.left.a <- 0]
[           289476981] <dut.root>  WARNING: unstable transition on `fd_a__w_1'   [by dut.root.a <- 0]
[           289644183] <dut.root>  WARNING: unstable transition on `fd_a__w_1'   [by dut.root.a <- 0]
[           289661171] <dut.root>  WARNING: unstable transition on `fd_a__w_1'   [by dut.root.a <- 0]
[           289668244] <dut.root>  WARNING: unstable transition on `fd_a__w_1'   [by dut.root.a <- 0]
[           289974395] <dut.root>  WARNING: unstable transition on `fd_a__w_1'   [by dut.root.a <- 0]
[           290009640] <dut.root>  WARNING: unstable transition on `fd_a__w_1'   [by dut.root.a <- 0]
[           290485133] <dut.right>  WARNING: unstable transition on `fd_a__w_1'   [by dut.right.a <- 0]
[           290579850] <dut.root>  WARNING: unstable transition on `fd_a__w_1'   [by dut.root.a <- 0]
[           290836803] <dut.root>  WARNING: unstable transition on `fd_a__w_1'   [by dut.root.a <- 0]
[           291229168] <dut.right>  WARNING: unstable transition on `fd_a__w_1'   [by dut.right.a <- 0]
[           291575247] <dut.right>  WARNING: unstable transition on `fd_a__w_1'   [by dut.right.a <- 0]
[           291606484] <dut.root>  WARNING: unstable transition on `fd_a__w_1'   [by dut.root.a <- 0]
[           291910322] <dut.root>  WARNING: unstable transition on `fd_a__w_1'   [by dut.root.a <- 0]
[           291984758] <dut.right>  WARNING: unstable transition on `fd_a__w_1'   [by dut.right.a <- 0]
[           292163867] <dut.root>  WARNING: unstable transition on `fd_a__w_1'   [by dut.root.a <- 0]
[           292252058] <dut.right>  WARNING: unstable transition on `fd_a__w_1'   [by dut.right.a <- 0]
[           292484804] <dut.root>  WARNING: unstable transition on `fd_a__w_1'   [by dut.root.a <- 0]
[           292591503] <dut.root>  WARNING: unstable transition on `fd_a__w_1'   [by dut.root.a <- 0]
[           292636911] <dut.right>  WARNING: unstable transition on `fd_a__w_1'   [by dut.right.a <- 0]
[           292821002] <dut.right>  WARNING: unstable transition on `fd_a__w_1'   [by dut.right.a <- 0]
[           293036696] <dut.left>  WARNING: unstable transition on `fd_a__w_1'   [by dut.left.a <- 0]
[           293143741] <dut.left>  WARNING: unstable transition on `fd_a__w_1'   [by dut.left.a <- 0]
[           293202837] <dut.right>  WARNING: unstable transition on `fd_a__w_1'   [by dut.right.a <- 0]
[           293527474] <dut.root>  WARNING: unstable transition on `fd_a__w_1'   [by dut.root.a <- 0]
[           293601651] <dut.root>  WARNING: unstable transition on `fd_a__w_1'   [by dut.root.a <- 0]
[           293658055] <dut.left>  WARNING: unstable transition on `fd_a__w_1'   [by dut.left.a <- 0]
[           293719617] <dut.root>  WARNING: unstable transition on `fd_a__w_1'   [by dut.root.a <- 0]
[           294065304] <dut.right>  WARNING: unstable transition on `fd_a__w_1'   [by dut.right.a <- 0]
[           294097456] <dut.root>  WARNING: unstable transition on `fd_a__w_1'   [by dut.root.a <- 0]
[           294303245] <dut.right>  WARNING: unstable transition on `fd_a__w_1'   [by dut.right.a <- 0]
[           294880481] <dut.root>  WARNING: unstable transition on `fd_a__w_1'   [by dut.root.a <- 0]
[           295221619] <dut.left>  WARNING: unstable transition on `fd_a__w_1'   [by dut.left.a <- 0]
[           295408501] <dut.left>  WARNING: unstable transition on `fd_a__w_1'   [by dut.left.a <- 0]
[           295532150] <dut.root>  WARNING: unstable transition on `fd_a__w_1'   [by dut.root.a <- 0]
[           295669765] <dut.right>  WARNING: unstable transition on `fd_a__w_1'   [by dut.right.a <- 0]
[           296024104] <dut.right>  WARNING: unstable transition on `fd_a__w_1'   [by dut.right.a <- 0]
[           296038045] <dut.root>  WARNING: unstable transition on `fd_a__w_1'   [by dut.root.a <- 0]
[           296131357] <dut.root>  WARNING: unstable transition on `fd_a__w_1'   [by dut.root.a <- 0]
[           296258153] <dut.root>  WARNING: unstable transition on `fd_a__w_1'   [by dut.root.a <- 0]
[           296506652] <dut.root>  WARNING: unstable transition on `fd_a__w_1'   [by dut.root.a <- 0]
[           296582050] <dut.root>  WARNING: unstable transition on `fd_a__w_1'   [by dut.root.a <- 0]
[           296779625] <dut.right>  WARNING: unstable transition on `fd_a__w_1'   [by dut.right.a <- 0]
[           296781771] <dut.right>  WARNING: unstable transition on `fd_a__w_1'   [by dut.right.a <- 0]
[           296889366] <dut.right>  WARNING: unstable transition on `fd_a__w_1'   [by dut.right.a <- 0]
[           297582308] <dut.right>  WARNING: unstable transition on `fd_a__w_1'   [by dut.right.a <- 0]
[           298066826] <dut.left>  WARNING: unstable transition on `fd_a__w_1'   [by dut.left.a <- 0]
[           298257587] <dut.root>  WARNING: unstable transition on `fd_a__w_1'   [by dut.root.a <- 0]
[           298272602] <dut.left>  WARNING: unstable transition on `fd_a__w_1'   [by dut.left.a <- 0]
[           298366122] <dut.root>  WARNING: unstable transition on `fd_a__w_1'   [by dut.root.a <- 0]
[           298582855] <dut.root>  WARNING: unstable transition on `fd_a__w_1'   [by dut.root.a <- 0]
[           298887973] <dut.right>  WARNING: unstable transition on `fd_a__w_1'   [by dut.right.a <- 0]
[           298958655] <dut.left>  WARNING: unstable transition on `fd_a__w_1'   [by dut.left.a <- 0]
[           299236341] <dut.root>  WARNING: unstable transition on `fd_a__w_1'   [by dut.root.a <- 0]
[           299255626] <dut.right>  WARNING: unstable transition on `fd_a__w_1'   [by dut.right.a <- 0]
[           299267060] <dut.root>  WARNING: unstable transition on `fd_a__w_1'   [by dut.root.a <- 0]
[           299409357] <dut.right>  WARNING: unstable transition on `fd_a__w_1'   [by dut.right.a <- 0]
[           299422984] <dut.root>  WARNING: unstable transition on `fd_a__w_1'   [by dut.root.a <- 0]
[           300242921] <dut.right>  WARNING: unstable transition on `fd_a__w_1'   [by dut.right.a <- 0]
[           300329636] <dut.root>  WARNING: unstable transition on `fd_a__w_1'   [by dut.root.a <- 0]
[           300397994] <dut.root>  WARNING: unstable transition on `fd_a__w_1'   [by dut.root.a <- 0]
[           300649468] <dut.right>  WARNING: unstable transition on `fd_a__w_1'   [by dut.right.a <- 0]
[           300676158] <dut.root>  WARNING: unstable transition on `fd_a__w_1'   [by dut.root.a <- 0]
[           301579721] <dut.right>  WARNING: unstable transition on `fd_a__w_1'   [by dut.right.a <- 0]
[           301684891] <dut.right>  WARNING: unstable transition on `fd_a__w_1'   [by dut.right.a <- 0]
[           301685271] <dut.root>  WARNING: unstable transition on `fd_a__w_1'   [by dut.root.a <- 0]
[           302142641] <dut.left>  WARNING: unstable transition on `fd_a__w_1'   [by dut.left.a <- 0]
[           302681512] <dut.root>  WARNING: unstable transition on `fd_a__w_1'   [by dut.root.a <- 0]
[           302757080] <dut.right>  WARNING: unstable transition on `fd_a__w_1'   [by dut.right.a <- 0]
[           302873059] <dut.left>  WARNING: unstable transition on `fd_a__w_1'   [by dut.left.a <- 0]
[           303192651] <dut.root>  WARNING: unstable transition on `fd_a__w_1'   [by dut.root.a <- 0]
[           303284638] <dut.left>  WARNING: unstable transition on `fd_a__w_1'   [by dut.left.a <- 0]
[           303724639] <dut.root>  WARNING: unstable transition on `fd_a__w_1'   [by dut.root.a <- 0]
[           303748742] <dut.root>  WARNING: unstable transition on `fd_a__w_1'   [by dut.root.a <- 0]
[           303813652] <dut.root>  WARNING: unstable transition on `fd_a__w_1'   [by dut.root.a <- 0]
[           304193783] <dut.root>  WARNING: unstable transition on `fd_a__w_1'   [by dut.root.a <- 0]
[           304348915] <dut.root>  WARNING: unstable transition on `fd_a__w_1'   [by dut.root.a <- 0]
[           304398998] <dut.left>  WARNING: unstable transition on `fd_a__w_1'   [by dut.left.a <- 0]
[           304852378] <dut.root>  WARNING: unstable transition on `fd_a__w_1'   [by dut.root.a <- 0]
[           304924341] <dut.right>  WARNING: unstable transition on `fd_a__w_1'   [by dut.right.a <- 0]
[           305540227] <dut.right>  WARNING: unstable transition on `fd_a__w_1'   [by dut.right.a <- 0]
[           305609739] <dut.left>  WARNING: unstable transition on `fd_a__w_1'   [by dut.left.a <- 0]
[           305656287] <dut.right>  WARNING: unstable transition on `fd_a__w_1'   [by dut.right.a <- 0]
[           305807537] <dut.root>  WARNING: unstable transition on `fd_a__w_1'   [by dut.root.a <- 0]
[           305933481] <dut.right>  WARNING: unstable transition on `fd_a__w_1'   [by dut.right.a <- 0]
[           306823696] <dut.right>  WARNING: unstable transition on `fd_a__w_1'   [by dut.right.a <- 0]
[           306962612] <dut.root>  WARNING: unstable transition on `fd_a__w_1'   [by dut.root.a <- 0]
[           307002912] <dut.root>  WARNING: unstable transition on `fd_a__w_1'   [by dut.root.a <- 0]
[           307017484] <dut.root>  WARNING: unstable transition on `fd_a__w_1'   [by dut.root.a <- 0]
[           307239732] <dut.root>  WARNING: unstable transition on `fd_a__w_1'   [by dut.root.a <- 0]
[           307322383] <dut.left>  WARNING: unstable transition on `fd_a__w_1'   [by dut.left.a <- 0]
[           307367408] <dut.root>  WARNING: unstable transition on `fd_a__w_1'   [by dut.root.a <- 0]
[           307455432] <dut.root>  WARNING: unstable transition on `fd_a__w_1'   [by dut.root.a <- 0]
[           307900994] <dut.right>  WARNING: unstable transition on `fd_a__w_1'   [by dut.right.a <- 0]
[           308054061] <dut.root>  WARNING: unstable transition on `fd_a__w_1'   [by dut.root.a <- 0]
[           308060713] <dut.root>  WARNING: unstable transition on `fd_a__w_1'   [by dut.root.a <- 0]
[           308437164] <dut.left>  WARNING: unstable transition on `fd_a__w_1'   [by dut.left.a <- 0]
[           308510777] <dut.root>  WARNING: unstable transition on `fd_a__w_1'   [by dut.root.a <- 0]
[           308623076] <dut.left>  WARNING: unstable transition on `fd_a__w_1'   [by dut.left.a <- 0]
[           309056192] <dut.root>  WARNING: unstable transition on `fd_a__w_1'   [by dut.root.a <- 0]
[           309340484] <dut.root>  WARNING: unstable transition on `fd_a__w_1'   [by dut.root.a <- 0]
[           309432658] <dut.root>  WARNING: unstable transition on `fd_a__w_1'   [by dut.root.a <- 0]
[           309594291] <dut.root>  WARNING: unstable transition on `fd_a__w_1'   [by dut.root.a <- 0]
[           309694764] <dut.root>  WARNING: unstable transition on `fd_a__w_1'   [by dut.root.a <- 0]
[           309726551] <dut.right>  WARNING: unstable transition on `fd_a__w_1'   [by dut.right.a <- 0]
[           309749388] <dut.right>  WARNING: unstable transition on `fd_a__w_1'   [by dut.right.a <- 0]
[           309853900] <dut.right>  WARNING: unstable transition on `fd_a__w_1'   [by dut.right.a <- 0]
[           310634603] <dut.left>  WARNING: unstable transition on `fd_a__w_1'   [by dut.left.a <- 0]
[           310724428] <dut.root>  WARNING: unstable transition on `fd_a__w_1'   [by dut.root.a <- 0]
[           310948212] <dut.root>  WARNING: unstable transition on `fd_a__w_1'   [by dut.root.a <- 0]
[           311079824] <dut.right>  WARNING: unstable transition on `fd_a__w_1'   [by dut.right.a <- 0]
[           311424854] <dut.right>  WARNING: unstable transition on `fd_a__w_1'   [by dut.right.a <- 0]
[           311940493] <dut.right>  WARNING: unstable transition on `fd_a__w_1'   [by dut.right.a <- 0]
[           311955514] <dut.right>  WARNING: unstable transition on `fd_a__w_1'   [by dut.right.a <- 0]
[           312123820] <dut.left>  WARNING: unstable transition on `fd_a__w_1'   [by dut.left.a <- 0]
[           312194950] <dut.root>  WARNING: unstable transition on `fd_a__w_1'   [by dut.root.a <- 0]
[           312209685] <dut.right>  WARNING: unstable transition on `fd_a__w_1'   [by dut.right.a <- 0]
[           312220873] <dut.root>  WARNING: unstable transition on `fd_a__w_1'   [by dut.root.a <- 0]
[           312222785] <dut.root>  WARNING: unstable transition on `fd_a__w_1'   [by dut.root.a <- 0]
[           312299399] <dut.right>  WARNING: unstable transition on `fd_a__w_1'   [by dut.right.a <- 0]
[           312674844] <dut.root>  WARNING: unstable transition on `fd_a__w_1'   [by dut.root.a <- 0]
[           312719950] <dut.left>  WARNING: unstable transition on `fd_a__w_1'   [by dut.left.a <- 0]
[           313140710] <dut.root>  WARNING: unstable transition on `fd_a__w_1'   [by dut.root.a <- 0]
[           313197934] <dut.left>  WARNING: unstable transition on `fd_a__w_1'   [by dut.left.a <- 0]
[           313200500] <dut.root>  WARNING: unstable transition on `fd_a__w_1'   [by dut.root.a <- 0]
[           313290306] <dut.root>  WARNING: unstable transition on `fd_a__w_1'   [by dut.root.a <- 0]
[           313400969] <dut.right>  WARNING: unstable transition on `fd_a__w_1'   [by dut.right.a <- 0]
[           313851110] <dut.right>  WARNING: unstable transition on `fd_a__w_1'   [by dut.right.a <- 0]
[           314212556] <dut.root>  WARNING: unstable transition on `fd_a__w_1'   [by dut.root.a <- 0]
[           314231826] <dut.root>  WARNING: unstable transition on `fd_a__w_1'   [by dut.root.a <- 0]
[           314303533] <dut.right>  WARNING: unstable transition on `fd_a__w_1'   [by dut.right.a <- 0]
[           314544657] <dut.right>  WARNING: unstable transition on `fd_a__w_1'   [by dut.right.a <- 0]
[           314643151] <dut.left>  WARNING: unstable transition on `fd_a__w_1'   [by dut.left.a <- 0]
[           314777031] <dut.left>  WARNING: unstable transition on `fd_a__w_1'   [by dut.left.a <- 0]
[           314877120] <dut.right>  WARNING: unstable transition on `fd_a__w_1'   [by dut.right.a <- 0]
[           315050538] <dut.right>  WARNING: unstable transition on `fd_a__w_1'   [by dut.right.a <- 0]
[           315388835] <dut.root>  WARNING: unstable transition on `fd_a__w_1'   [by dut.root.a <- 0]
[           315599392] <dut.root>  WARNING: unstable transition on `fd_a__w_1'   [by dut.root.a <- 0]
[           315637123] <dut.left>  WARNING: unstable transition on `fd_a__w_1'   [by dut.left.a <- 0]
[           316596982] <dut.root>  WARNING: unstable transition on `fd_a__w_1'   [by dut.root.a <- 0]
[           316910979] <dut.root>  WARNING: unstable transition on `fd_a__w_1'   [by dut.root.a <- 0]
[           317063145] <dut.right>  WARNING: unstable transition on `fd_a__w_1'   [by dut.right.a <- 0]
[           317680594] <dut.left>  WARNING: unstable transition on `fd_a__w_1'   [by dut.left.a <- 0]
[           317680854] <dut.root>  WARNING: unstable transition on `fd_a__w_1'   [by dut.root.a <- 0]
[           318027459] <dut.root>  WARNING: unstable transition on `fd_a__w_1'   [by dut.root.a <- 0]
[           318229173] <dut.root>  WARNING: unstable transition on `fd_a__w_1'   [by dut.root.a <- 0]
[           318249767] <dut.right>  WARNING: unstable transition on `fd_a__w_1'   [by dut.right.a <- 0]
[           318263115] <dut.right>  WARNING: unstable transition on `fd_a__w_1'   [by dut.right.a <- 0]
[           318281521] <dut.root>  WARNING: unstable transition on `fd_a__w_1'   [by dut.root.a <- 0]
[           318367094] <dut.right>  WARNING: unstable transition on `fd_a__w_1'   [by dut.right.a <- 0]
[           318381505] <dut.root>  WARNING: unstable transition on `fd_a__w_1'   [by dut.root.a <- 0]
[           318480279] <dut.left>  WARNING: unstable transition on `fd_a__w_1'   [by dut.left.a <- 0]
[           318565472] <dut.right>  WARNING: unstable transition on `fd_a__w_1'   [by dut.right.a <- 0]
[           318853845] <dut.root>  WARNING: unstable transition on `fd_a__w_1'   [by dut.root.a <- 0]
[           319129994] <dut.root>  WARNING: unstable transition on `fd_a__w_1'   [by dut.root.a <- 0]
[           319320008] <dut.right>  WARNING: unstable transition on `fd_a__w_1'   [by dut.right.a <- 0]
[           319784082] <dut.right>  WARNING: unstable transition on `fd_a__w_1'   [by dut.right.a <- 0]
[           320501316] <dut.root>  WARNING: unstable transition on `fd_a__w_1'   [by dut.root.a <- 0]
[           320647261] <dut.right>  WARNING: unstable transition on `fd_a__w_1'   [by dut.right.a <- 0]
[           320762900] <dut.root>  WARNING: unstable transition on `fd_a__w_1'   [by dut.root.a <- 0]
[           321314019] <dut.root>  WARNING: unstable transition on `fd_a__w_1'   [by dut.root.a <- 0]
[           321419226] <dut.left>  WARNING: unstable transition on `fd_a__w_1'   [by dut.left.a <- 0]
[           322307921] <dut.root>  WARNING: unstable transition on `fd_a__w_1'   [by dut.root.a <- 0]
[           322368727] <dut.root>  WARNING: unstable transition on `fd_a__w_1'   [by dut.root.a <- 0]
[           322394431] <dut.right>  WARNING: unstable transition on `fd_a__w_1'   [by dut.right.a <- 0]
[           322885824] <dut.root>  WARNING: unstable transition on `fd_a__w_1'   [by dut.root.a <- 0]
[           323368535] <dut.root>  WARNING: unstable transition on `fd_a__w_1'   [by dut.root.a <- 0]
[           323469656] <dut.root>  WARNING: unstable transition on `fd_a__w_1'   [by dut.root.a <- 0]
[           323528312] <dut.root>  WARNING: unstable transition on `fd_a__w_1'   [by dut.root.a <- 0]
[           323734187] <dut.root>  WARNING: unstable transition on `fd_a__w_1'   [by dut.root.a <- 0]
[           324187738] <dut.root>  WARNING: unstable transition on `fd_a__w_1'   [by dut.root.a <- 0]
[           324305604] <dut.root>  WARNING: unstable transition on `fd_a__w_1'   [by dut.root.a <- 0]
[           324341327] <dut.root>  WARNING: unstable transition on `fd_a__w_1'   [by dut.root.a <- 0]
[           324378079] <dut.right>  WARNING: unstable transition on `fd_a__w_1'   [by dut.right.a <- 0]
[           324384393] <dut.left>  WARNING: unstable transition on `fd_a__w_1'   [by dut.left.a <- 0]
[           324417837] <dut.right>  WARNING: unstable transition on `fd_a__w_1'   [by dut.right.a <- 0]
[           324493604] <dut.left>  WARNING: unstable transition on `fd_a__w_1'   [by dut.left.a <- 0]
[           324737929] <dut.right>  WARNING: unstable transition on `fd_a__w_1'   [by dut.right.a <- 0]
[           325345898] <dut.root>  WARNING: unstable transition on `fd_a__w_1'   [by dut.root.a <- 0]
[           325482431] <dut.root>  WARNING: unstable transition on `fd_a__w_1'   [by dut.root.a <- 0]
[           325510525] <dut.right>  WARNING: unstable transition on `fd_a__w_1'   [by dut.right.a <- 0]
[           325554940] <dut.left>  WARNING: unstable transition on `fd_a__w_1'   [by dut.left.a <- 0]
[           325629451] <dut.right>  WARNING: unstable transition on `fd_a__w_1'   [by dut.right.a <- 0]
[           325729239] <dut.left>  WARNING: unstable transition on `fd_a__w_1'   [by dut.left.a <- 0]
[           325847522] <dut.left>  WARNING: unstable transition on `fd_a__w_1'   [by dut.left.a <- 0]
[           325947128] <dut.root>  WARNING: unstable transition on `fd_a__w_1'   [by dut.root.a <- 0]
[           325987503] <dut.root>  WARNING: unstable transition on `fd_a__w_1'   [by dut.root.a <- 0]
[           326019385] <dut.left>  WARNING: unstable transition on `fd_a__w_1'   [by dut.left.a <- 0]
[           326022337] <dut.root>  WARNING: unstable transition on `fd_a__w_1'   [by dut.root.a <- 0]
[           326247652] <dut.root>  WARNING: unstable transition on `fd_a__w_1'   [by dut.root.a <- 0]
[           326274421] <dut.root>  WARNING: unstable transition on `fd_a__w_1'   [by dut.root.a <- 0]
[           326465964] <dut.root>  WARNING: unstable transition on `fd_a__w_1'   [by dut.root.a <- 0]
[           326792964] <dut.root>  WARNING: unstable transition on `fd_a__w_1'   [by dut.root.a <- 0]
[           326818370] <dut.root>  WARNING: unstable transition on `fd_a__w_1'   [by dut.root.a <- 0]
[           327230832] <dut.left>  WARNING: unstable transition on `fd_a__w_1'   [by dut.left.a <- 0]
[           327317676] <dut.right>  WARNING: unstable transition on `fd_a__w_1'   [by dut.right.a <- 0]
[           327417272] <dut.left>  WARNING: unstable transition on `fd_a__w_1'   [by dut.left.a <- 0]
[           327567990] <dut.root>  WARNING: unstable transition on `fd_a__w_1'   [by dut.root.a <- 0]
[           327719487] <dut.root>  WARNING: unstable transition on `fd_a__w_1'   [by dut.root.a <- 0]
[           328072183] <dut.root>  WARNING: unstable transition on `fd_a__w_1'   [by dut.root.a <- 0]
[           328139646] <dut.root>  WARNING: unstable transition on `fd_a__w_1'   [by dut.root.a <- 0]
[           328219954] <dut.root>  WARNING: unstable transition on `fd_a__w_1'   [by dut.root.a <- 0]
[           328382590] <dut.root>  WARNING: unstable transition on `fd_a__w_1'   [by dut.root.a <- 0]
[           328422251] <dut.right>  WARNING: unstable transition on `fd_a__w_1'   [by dut.right.a <- 0]
[           328501940] <dut.right>  WARNING: unstable transition on `fd_a__w_1'   [by dut.right.a <- 0]
[           328610768] <dut.right>  WARNING: unstable transition on `fd_a__w_1'   [by dut.right.a <- 0]
[           328716141] <dut.root>  WARNING: unstable transition on `fd_a__w_1'   [by dut.root.a <- 0]
[           329126054] <dut.root>  WARNING: unstable transition on `fd_a__w_1'   [by dut.root.a <- 0]
[           329479409] <dut.left>  WARNING: unstable transition on `fd_a__w_1'   [by dut.left.a <- 0]
[           329681399] <dut.root>  WARNING: unstable transition on `fd_a__w_1'   [by dut.root.a <- 0]
[           329859079] <dut.right>  WARNING: unstable transition on `fd_a__w_1'   [by dut.right.a <- 0]
[           329943930] <dut.left>  WARNING: unstable transition on `fd_a__w_1'   [by dut.left.a <- 0]
[           330231929] <dut.right>  WARNING: unstable transition on `fd_a__w_1'   [by dut.right.a <- 0]
[           330357403] <dut.root>  WARNING: unstable transition on `fd_a__w_1'   [by dut.root.a <- 0]
[           330618668] <dut.right>  WARNING: unstable transition on `fd_a__w_1'   [by dut.right.a <- 0]
[           330688366] <dut.root>  WARNING: unstable transition on `fd_a__w_1'   [by dut.root.a <- 0]
[           330884107] <dut.root>  WARNING: unstable transition on `fd_a__w_1'   [by dut.root.a <- 0]
[           330978198] <dut.right>  WARNING: unstable transition on `fd_a__w_1'   [by dut.right.a <- 0]
[           330980264] <dut.right>  WARNING: unstable transition on `fd_a__w_1'   [by dut.right.a <- 0]
[           331011377] <dut.left>  WARNING: unstable transition on `fd_a__w_1'   [by dut.left.a <- 0]
[           331328494] <dut.left>  WARNING: unstable transition on `fd_a__w_1'   [by dut.left.a <- 0]
[           331488553] <dut.left>  WARNING: unstable transition on `fd_a__w_1'   [by dut.left.a <- 0]
[           331516769] <dut.left>  WARNING: unstable transition on `fd_a__w_1'   [by dut.left.a <- 0]
[           332484964] <dut.root>  WARNING: unstable transition on `fd_a__w_1'   [by dut.root.a <- 0]
[           332501781] <dut.root>  WARNING: unstable transition on `fd_a__w_1'   [by dut.root.a <- 0]
[           332747967] <dut.root>  WARNING: unstable transition on `fd_a__w_1'   [by dut.root.a <- 0]
[           332921385] <dut.root>  WARNING: unstable transition on `fd_a__w_1'   [by dut.root.a <- 0]
[           333250360] <dut.root>  WARNING: unstable transition on `fd_a__w_1'   [by dut.root.a <- 0]
[           333871713] <dut.root>  WARNING: unstable transition on `fd_a__w_1'   [by dut.root.a <- 0]
[           334152206] <dut.right>  WARNING: unstable transition on `fd_a__w_1'   [by dut.right.a <- 0]
[           334305287] <dut.left>  WARNING: unstable transition on `fd_a__w_1'   [by dut.left.a <- 0]
[           334646827] <dut.root>  WARNING: unstable transition on `fd_a__w_1'   [by dut.root.a <- 0]
[           334680029] <dut.root>  WARNING: unstable transition on `fd_a__w_1'   [by dut.root.a <- 0]
[           334688494] <dut.left>  WARNING: unstable transition on `fd_a__w_1'   [by dut.left.a <- 0]
[           334786160] <dut.root>  WARNING: unstable transition on `fd_a__w_1'   [by dut.root.a <- 0]
[           334896682] <dut.left>  WARNING: unstable transition on `fd_a__w_1'   [by dut.left.a <- 0]
[           334905866] <dut.root>  WARNING: unstable transition on `fd_a__w_1'   [by dut.root.a <- 0]
[           335177601] <dut.root>  WARNING: unstable transition on `fd_a__w_1'   [by dut.root.a <- 0]
[           335380956] <dut.right>  WARNING: unstable transition on `fd_a__w_1'   [by dut.right.a <- 0]
[           335731236] <dut.left>  WARNING: unstable transition on `fd_a__w_1'   [by dut.left.a <- 0]
[           336245082] <dut.root>  WARNING: unstable transition on `fd_a__w_1'   [by dut.root.a <- 0]
[           336371294] <dut.left>  WARNING: unstable transition on `fd_a__w_1'   [by dut.left.a <- 0]
[           336423893] <dut.root>  WARNING: unstable transition on `fd_a__w_1'   [by dut.root.a <- 0]
[           336622659] <dut.left>  WARNING: unstable transition on `fd_a__w_1'   [by dut.left.a <- 0]
[           336931172] <dut.right>  WARNING: unstable transition on `fd_a__w_1'   [by dut.right.a <- 0]
[           336953160] <dut.root>  WARNING: unstable transition on `fd_a__w_1'   [by dut.root.a <- 0]
[           336966120] <dut.left>  WARNING: unstable transition on `fd_a__w_1'   [by dut.left.a <- 0]
[           337161930] <dut.left>  WARNING: unstable transition on `fd_a__w_1'   [by dut.left.a <- 0]
[           337423877] <dut.right>  WARNING: unstable transition on `fd_a__w_1'   [by dut.right.a <- 0]
[           338204620] <dut.right>  WARNING: unstable transition on `fd_a__w_1'   [by dut.right.a <- 0]
[           338211242] <dut.left>  WARNING: unstable transition on `fd_a__w_1'   [by dut.left.a <- 0]
[           338281702] <dut.root>  WARNING: unstable transition on `fd_a__w_1'   [by dut.root.a <- 0]
[           338299202] <dut.root>  WARNING: unstable transition on `fd_a__w_1'   [by dut.root.a <- 0]
[           338739331] <dut.right>  WARNING: unstable transition on `fd_a__w_1'   [by dut.right.a <- 0]
[           339072107] <dut.right>  WARNING: unstable transition on `fd_a__w_1'   [by dut.right.a <- 0]
[           339072378] <dut.root>  WARNING: unstable transition on `fd_a__w_1'   [by dut.root.a <- 0]
[           339188190] <dut.left>  WARNING: unstable transition on `fd_a__w_1'   [by dut.left.a <- 0]
[           339378702] <dut.right>  WARNING: unstable transition on `fd_a__w_1'   [by dut.right.a <- 0]
[           339650379] <dut.root>  WARNING: unstable transition on `fd_a__w_1'   [by dut.root.a <- 0]
[           339688177] <dut.root>  WARNING: unstable transition on `fd_a__w_1'   [by dut.root.a <- 0]
[           340315048] <dut.right>  WARNING: unstable transition on `fd_a__w_1'   [by dut.right.a <- 0]
[           340710838] <dut.root>  WARNING: unstable transition on `fd_a__w_1'   [by dut.root.a <- 0]
[           340747619] <dut.left>  WARNING: unstable transition on `fd_a__w_1'   [by dut.left.a <- 0]
[           340796650] <dut.root>  WARNING: unstable transition on `fd_a__w_1'   [by dut.root.a <- 0]
[           341072873] <dut.right>  WARNING: unstable transition on `fd_a__w_1'   [by dut.right.a <- 0]
[           341307569] <dut.root>  WARNING: unstable transition on `fd_a__w_1'   [by dut.root.a <- 0]
[           341360215] <dut.left>  WARNING: unstable transition on `fd_a__w_1'   [by dut.left.a <- 0]
[           341434071] <dut.root>  WARNING: unstable transition on `fd_a__w_1'   [by dut.root.a <- 0]
[           341514100] <dut.right>  WARNING: unstable transition on `fd_a__w_1'   [by dut.right.a <- 0]
[           341555045] <dut.root>  WARNING: unstable transition on `fd_a__w_1'   [by dut.root.a <- 0]
[           341622121] <dut.root>  WARNING: unstable transition on `fd_a__w_1'   [by dut.root.a <- 0]
[           341783647] <dut.root>  WARNING: unstable transition on `fd_a__w_1'   [by dut.root.a <- 0]
[           341855573] <dut.root>  WARNING: unstable transition on `fd_a__w_1'   [by dut.root.a <- 0]
[           342146316] <dut.root>  WARNING: unstable transition on `fd_a__w_1'   [by dut.root.a <- 0]
[           342221677] <dut.root>  WARNING: unstable transition on `fd_a__w_1'   [by dut.root.a <- 0]
[           342253863] <dut.left>  WARNING: unstable transition on `fd_a__w_1'   [by dut.left.a <- 0]
[           342267808] <dut.root>  WARNING: unstable transition on `fd_a__w_1'   [by dut.root.a <- 0]
[           342293916] <dut.left>  WARNING: unstable transition on `fd_a__w_1'   [by dut.left.a <- 0]
[           342433177] <dut.root>  WARNING: unstable transition on `fd_a__w_1'   [by dut.root.a <- 0]
[           342590486] <dut.root>  WARNING: unstable transition on `fd_a__w_1'   [by dut.root.a <- 0]
[           342831369] <dut.root>  WARNING: unstable transition on `fd_a__w_1'   [by dut.root.a <- 0]
[           342978071] <dut.left>  WARNING: unstable transition on `fd_a__w_1'   [by dut.left.a <- 0]
[           343218906] <dut.root>  WARNING: unstable transition on `fd_a__w_1'   [by dut.root.a <- 0]
[           343641679] <dut.root>  WARNING: unstable transition on `fd_a__w_1'   [by dut.root.a <- 0]
[           343786431] <dut.right>  WARNING: unstable transition on `fd_a__w_1'   [by dut.right.a <- 0]
[           344186575] <dut.right>  WARNING: unstable transition on `fd_a__w_1'   [by dut.right.a <- 0]
[           344576053] <dut.root>  WARNING: unstable transition on `fd_a__w_1'   [by dut.root.a <- 0]
[           344775782] <dut.root>  WARNING: unstable transition on `fd_a__w_1'   [by dut.root.a <- 0]
[           344834100] <dut.root>  WARNING: unstable transition on `fd_a__w_1'   [by dut.root.a <- 0]
[           345108849] <dut.root>  WARNING: unstable transition on `fd_a__w_1'   [by dut.root.a <- 0]
[           345824590] <dut.root>  WARNING: unstable transition on `fd_a__w_1'   [by dut.root.a <- 0]
[           345994483] <dut.left>  WARNING: unstable transition on `fd_a__w_1'   [by dut.left.a <- 0]
[           346816218] <dut.root>  WARNING: unstable transition on `fd_a__w_1'   [by dut.root.a <- 0]
[           346838876] <dut.root>  WARNING: unstable transition on `fd_a__w_1'   [by dut.root.a <- 0]
[           346845092] <dut.right>  WARNING: unstable transition on `fd_a__w_1'   [by dut.right.a <- 0]
[           347060645] <dut.left>  WARNING: unstable transition on `fd_a__w_1'   [by dut.left.a <- 0]
[           347109607] <dut.root>  WARNING: unstable transition on `fd_a__w_1'   [by dut.root.a <- 0]
[           347149287] <dut.root>  WARNING: unstable transition on `fd_a__w_1'   [by dut.root.a <- 0]
[           347160006] <dut.root>  WARNING: unstable transition on `fd_a__w_1'   [by dut.root.a <- 0]
[           347338457] <dut.root>  WARNING: unstable transition on `fd_a__w_1'   [by dut.root.a <- 0]
[           347672713] <dut.left>  WARNING: unstable transition on `fd_a__w_1'   [by dut.left.a <- 0]
[           347860832] <dut.root>  WARNING: unstable transition on `fd_a__w_1'   [by dut.root.a <- 0]
[           348217467] <dut.right>  WARNING: unstable transition on `fd_a__w_1'   [by dut.right.a <- 0]
[           349388996] <dut.root>  WARNING: unstable transition on `fd_a__w_1'   [by dut.root.a <- 0]
[           350033523] <dut.root>  WARNING: unstable transition on `fd_a__w_1'   [by dut.root.a <- 0]
[           350044114] <dut.left>  WARNING: unstable transition on `fd_a__w_1'   [by dut.left.a <- 0]
[           350238469] <dut.right>  WARNING: unstable transition on `fd_a__w_1'   [by dut.right.a <- 0]
[           351468009] <dut.root>  WARNING: unstable transition on `fd_a__w_1'   [by dut.root.a <- 0]
[           351900569] <dut.right>  WARNING: unstable transition on `fd_a__w_1'   [by dut.right.a <- 0]
[           352002571] <dut.root>  WARNING: unstable transition on `fd_a__w_1'   [by dut.root.a <- 0]
[           352373214] <dut.root>  WARNING: unstable transition on `fd_a__w_1'   [by dut.root.a <- 0]
[           352386373] <dut.root>  WARNING: unstable transition on `fd_a__w_1'   [by dut.root.a <- 0]
[           352444693] <dut.right>  WARNING: unstable transition on `fd_a__w_1'   [by dut.right.a <- 0]
[           352449176] <dut.left>  WARNING: unstable transition on `fd_a__w_1'   [by dut.left.a <- 0]
[           352874036] <dut.root>  WARNING: unstable transition on `fd_a__w_1'   [by dut.root.a <- 0]
[           352876230] <dut.root>  WARNING: unstable transition on `fd_a__w_1'   [by dut.root.a <- 0]
[           352991727] <dut.left>  WARNING: unstable transition on `fd_a__w_1'   [by dut.left.a <- 0]
[           353257613] <dut.left>  WARNING: unstable transition on `fd_a__w_1'   [by dut.left.a <- 0]
[           353478966] <dut.right>  WARNING: unstable transition on `fd_a__w_1'   [by dut.right.a <- 0]
[           353679497] <dut.right>  WARNING: unstable transition on `fd_a__w_1'   [by dut.right.a <- 0]
[           353782821] <dut.right>  WARNING: unstable transition on `fd_a__w_1'   [by dut.right.a <- 0]
[           353931236] <dut.right>  WARNING: unstable transition on `fd_a__w_1'   [by dut.right.a <- 0]
[           354068405] <dut.root>  WARNING: unstable transition on `fd_a__w_1'   [by dut.root.a <- 0]
[           354496730] <dut.right>  WARNING: unstable transition on `fd_a__w_1'   [by dut.right.a <- 0]
[           354811633] <dut.root>  WARNING: unstable transition on `fd_a__w_1'   [by dut.root.a <- 0]
[           354913545] <dut.root>  WARNING: unstable transition on `fd_a__w_1'   [by dut.root.a <- 0]
[           355076203] <dut.root>  WARNING: unstable transition on `fd_a__w_1'   [by dut.root.a <- 0]
[           355779885] <dut.root>  WARNING: unstable transition on `fd_a__w_1'   [by dut.root.a <- 0]
[           355892816] <dut.root>  WARNING: unstable transition on `fd_a__w_1'   [by dut.root.a <- 0]
[           355999738] <dut.right>  WARNING: unstable transition on `fd_a__w_1'   [by dut.right.a <- 0]
[           356225940] <dut.root>  WARNING: unstable transition on `fd_a__w_1'   [by dut.root.a <- 0]
[           356552800] <dut.root>  WARNING: unstable transition on `fd_a__w_1'   [by dut.root.a <- 0]
[           356701303] <dut.left>  WARNING: unstable transition on `fd_a__w_1'   [by dut.left.a <- 0]
[           357114032] <dut.left>  WARNING: unstable transition on `fd_a__w_1'   [by dut.left.a <- 0]
[           357176115] <dut.root>  WARNING: unstable transition on `fd_a__w_1'   [by dut.root.a <- 0]
[           357189372] <dut.root>  WARNING: unstable transition on `fd_a__w_1'   [by dut.root.a <- 0]
[           357199806] <dut.root>  WARNING: unstable transition on `fd_a__w_1'   [by dut.root.a <- 0]
[           357245900] <dut.root>  WARNING: unstable transition on `fd_a__w_1'   [by dut.root.a <- 0]
[           357652235] <dut.right>  WARNING: unstable transition on `fd_a__w_1'   [by dut.right.a <- 0]
[           357869702] <dut.right>  WARNING: unstable transition on `fd_a__w_1'   [by dut.right.a <- 0]
[           358277765] <dut.root>  WARNING: unstable transition on `fd_a__w_1'   [by dut.root.a <- 0]
[           358416547] <dut.root>  WARNING: unstable transition on `fd_a__w_1'   [by dut.root.a <- 0]
[           359033763] <dut.root>  WARNING: unstable transition on `fd_a__w_1'   [by dut.root.a <- 0]
[           359138615] <dut.root>  WARNING: unstable transition on `fd_a__w_1'   [by dut.root.a <- 0]
[           359341473] <dut.right>  WARNING: unstable transition on `fd_a__w_1'   [by dut.right.a <- 0]
[           359367521] <dut.right>  WARNING: unstable transition on `fd_a__w_1'   [by dut.right.a <- 0]
[           359706167] <dut.root>  WARNING: unstable transition on `fd_a__w_1'   [by dut.root.a <- 0]
[           360579865] <dut.root>  WARNING: unstable transition on `fd_a__w_1'   [by dut.root.a <- 0]
[           360686764] <dut.right>  WARNING: unstable transition on `fd_a__w_1'   [by dut.right.a <- 0]
[           360832930] <dut.right>  WARNING: unstable transition on `fd_a__w_1'   [by dut.right.a <- 0]
[           361018690] <dut.right>  WARNING: unstable transition on `fd_a__w_1'   [by dut.right.a <- 0]
[           361561822] <dut.right>  WARNING: unstable transition on `fd_a__w_1'   [by dut.right.a <- 0]
[           361569405] <dut.root>  WARNING: unstable transition on `fd_a__w_1'   [by dut.root.a <- 0]
[           361781012] <dut.root>  WARNING: unstable transition on `fd_a__w_1'   [by dut.root.a <- 0]
[           362075404] <dut.right>  WARNING: unstable transition on `fd_a__w_1'   [by dut.right.a <- 0]
[           362979806] <dut.root>  WARNING: unstable transition on `fd_a__w_1'   [by dut.root.a <- 0]
[           363233342] <dut.left>  WARNING: unstable transition on `fd_a__w_1'   [by dut.left.a <- 0]
[           363286053] <dut.left>  WARNING: unstable transition on `fd_a__w_1'   [by dut.left.a <- 0]
[           363386532] <dut.right>  WARNING: unstable transition on `fd_a__w_1'   [by dut.right.a <- 0]
[           363399665] <dut.right>  WARNING: unstable transition on `fd_a__w_1'   [by dut.right.a <- 0]
[           363449219] <dut.root>  WARNING: unstable transition on `fd_a__w_1'   [by dut.root.a <- 0]
[           363719639] <dut.right>  WARNING: unstable transition on `fd_a__w_1'   [by dut.right.a <- 0]
[           364782306] <dut.root>  WARNING: unstable transition on `fd_a__w_1'   [by dut.root.a <- 0]
[           364940049] <dut.right>  WARNING: unstable transition on `fd_a__w_1'   [by dut.right.a <- 0]
[           364970307] <dut.left>  WARNING: unstable transition on `fd_a__w_1'   [by dut.left.a <- 0]
[           365042549] <dut.right>  WARNING: unstable transition on `fd_a__w_1'   [by dut.right.a <- 0]
[           365236666] <dut.left>  WARNING: unstable transition on `fd_a__w_1'   [by dut.left.a <- 0]
[           365283932] <dut.right>  WARNING: unstable transition on `fd_a__w_1'   [by dut.right.a <- 0]
[           365368955] <dut.root>  WARNING: unstable transition on `fd_a__w_1'   [by dut.root.a <- 0]
[           365606014] <dut.left>  WARNING: unstable transition on `fd_a__w_1'   [by dut.left.a <- 0]
[           365771651] <dut.right>  WARNING: unstable transition on `fd_a__w_1'   [by dut.right.a <- 0]
[           366084266] <dut.root>  WARNING: unstable transition on `fd_a__w_1'   [by dut.root.a <- 0]
[           366240165] <dut.right>  WARNING: unstable transition on `fd_a__w_1'   [by dut.right.a <- 0]
[           366280583] <dut.root>  WARNING: unstable transition on `fd_a__w_1'   [by dut.root.a <- 0]
[           366307688] <dut.root>  WARNING: unstable transition on `fd_a__w_1'   [by dut.root.a <- 0]
[           366663918] <dut.right>  WARNING: unstable transition on `fd_a__w_1'   [by dut.right.a <- 0]
[           367069272] <dut.root>  WARNING: unstable transition on `fd_a__w_1'   [by dut.root.a <- 0]
[           367402841] <dut.right>  WARNING: unstable transition on `fd_a__w_1'   [by dut.right.a <- 0]
[           367475823] <dut.root>  WARNING: unstable transition on `fd_a__w_1'   [by dut.root.a <- 0]
[           367655249] <dut.root>  WARNING: unstable transition on `fd_a__w_1'   [by dut.root.a <- 0]
[           367875277] <dut.root>  WARNING: unstable transition on `fd_a__w_1'   [by dut.root.a <- 0]
[           368006686] <dut.root>  WARNING: unstable transition on `fd_a__w_1'   [by dut.root.a <- 0]
[           368322276] <dut.right>  WARNING: unstable transition on `fd_a__w_1'   [by dut.right.a <- 0]
[           368622621] <dut.root>  WARNING: unstable transition on `fd_a__w_1'   [by dut.root.a <- 0]
[           368994719] <dut.right>  WARNING: unstable transition on `fd_a__w_1'   [by dut.right.a <- 0]
[           369350082] <dut.root>  WARNING: unstable transition on `fd_a__w_1'   [by dut.root.a <- 0]
[           369665863] <dut.left>  WARNING: unstable transition on `fd_a__w_1'   [by dut.left.a <- 0]
[           369738950] <dut.root>  WARNING: unstable transition on `fd_a__w_1'   [by dut.root.a <- 0]
[           369760473] <dut.left>  WARNING: unstable transition on `fd_a__w_1'   [by dut.left.a <- 0]
[           370025270] <dut.root>  WARNING: unstable transition on `fd_a__w_1'   [by dut.root.a <- 0]
[           370177213] <dut.right>  WARNING: unstable transition on `fd_a__w_1'   [by dut.right.a <- 0]
[           370405552] <dut.root>  WARNING: unstable transition on `fd_a__w_1'   [by dut.root.a <- 0]
[           370797639] <dut.root>  WARNING: unstable transition on `fd_a__w_1'   [by dut.root.a <- 0]
[           370880137] <dut.root>  WARNING: unstable transition on `fd_a__w_1'   [by dut.root.a <- 0]
[           371105411] <dut.root>  WARNING: unstable transition on `fd_a__w_1'   [by dut.root.a <- 0]
[           371384369] <dut.root>  WARNING: unstable transition on `fd_a__w_1'   [by dut.root.a <- 0]
[           371408586] <dut.left>  WARNING: unstable transition on `fd_a__w_1'   [by dut.left.a <- 0]
[           371527304] <dut.root>  WARNING: unstable transition on `fd_a__w_1'   [by dut.root.a <- 0]
[           372424794] <dut.root>  WARNING: unstable transition on `fd_a__w_1'   [by dut.root.a <- 0]
[           372590652] <dut.right>  WARNING: unstable transition on `fd_a__w_1'   [by dut.right.a <- 0]
[           372682171] <dut.root>  WARNING: unstable transition on `fd_a__w_1'   [by dut.root.a <- 0]
[           372730446] <dut.left>  WARNING: unstable transition on `fd_a__w_1'   [by dut.left.a <- 0]
[           373003280] <dut.right>  WARNING: unstable transition on `fd_a__w_1'   [by dut.right.a <- 0]
[           373036202] <dut.left>  WARNING: unstable transition on `fd_a__w_1'   [by dut.left.a <- 0]
[           373617951] <dut.root>  WARNING: unstable transition on `fd_a__w_1'   [by dut.root.a <- 0]
[           374162712] <dut.right>  WARNING: unstable transition on `fd_a__w_1'   [by dut.right.a <- 0]
[           374488307] <dut.root>  WARNING: unstable transition on `fd_a__w_1'   [by dut.root.a <- 0]
[           374627727] <dut.right>  WARNING: unstable transition on `fd_a__w_1'   [by dut.right.a <- 0]
[           374818384] <dut.left>  WARNING: unstable transition on `fd_a__w_1'   [by dut.left.a <- 0]
[           374822805] <dut.root>  WARNING: unstable transition on `fd_a__w_1'   [by dut.root.a <- 0]
[           375042532] <dut.root>  WARNING: unstable transition on `fd_a__w_1'   [by dut.root.a <- 0]
[           375257365] <dut.root>  WARNING: unstable transition on `fd_a__w_1'   [by dut.root.a <- 0]
[           375602349] <dut.root>  WARNING: unstable transition on `fd_a__w_1'   [by dut.root.a <- 0]
[           375780060] <dut.root>  WARNING: unstable transition on `fd_a__w_1'   [by dut.root.a <- 0]
[           375786732] <dut.root>  WARNING: unstable transition on `fd_a__w_1'   [by dut.root.a <- 0]
[           376049297] <dut.left>  WARNING: unstable transition on `fd_a__w_1'   [by dut.left.a <- 0]
[           376128455] <dut.root>  WARNING: unstable transition on `fd_a__w_1'   [by dut.root.a <- 0]
[           376207513] <dut.root>  WARNING: unstable transition on `fd_a__w_1'   [by dut.root.a <- 0]
[           376450596] <dut.right>  WARNING: unstable transition on `fd_a__w_1'   [by dut.right.a <- 0]
[           376463565] <dut.right>  WARNING: unstable transition on `fd_a__w_1'   [by dut.right.a <- 0]
[           376503626] <dut.right>  WARNING: unstable transition on `fd_a__w_1'   [by dut.right.a <- 0]
[           376566143] <dut.root>  WARNING: unstable transition on `fd_a__w_1'   [by dut.root.a <- 0]
[           376599947] <dut.root>  WARNING: unstable transition on `fd_a__w_1'   [by dut.root.a <- 0]
[           376698879] <dut.left>  WARNING: unstable transition on `fd_a__w_1'   [by dut.left.a <- 0]
[           377087966] <dut.root>  WARNING: unstable transition on `fd_a__w_1'   [by dut.root.a <- 0]
[           377127049] <dut.left>  WARNING: unstable transition on `fd_a__w_1'   [by dut.left.a <- 0]
[           377174121] <dut.root>  WARNING: unstable transition on `fd_a__w_1'   [by dut.root.a <- 0]
[           377267366] <dut.root>  WARNING: unstable transition on `fd_a__w_1'   [by dut.root.a <- 0]
[           377305796] <dut.root>  WARNING: unstable transition on `fd_a__w_1'   [by dut.root.a <- 0]
[           377339220] <dut.root>  WARNING: unstable transition on `fd_a__w_1'   [by dut.root.a <- 0]
[           377571434] <dut.right>  WARNING: unstable transition on `fd_a__w_1'   [by dut.right.a <- 0]
[           377677789] <dut.right>  WARNING: unstable transition on `fd_a__w_1'   [by dut.right.a <- 0]
[           378044125] <dut.root>  WARNING: unstable transition on `fd_a__w_1'   [by dut.root.a <- 0]
[           378273137] <dut.right>  WARNING: unstable transition on `fd_a__w_1'   [by dut.right.a <- 0]
[           378473805] <dut.right>  WARNING: unstable transition on `fd_a__w_1'   [by dut.right.a <- 0]
[           378646500] <dut.right>  WARNING: unstable transition on `fd_a__w_1'   [by dut.right.a <- 0]
[           378803304] <dut.right>  WARNING: unstable transition on `fd_a__w_1'   [by dut.right.a <- 0]
[           378823311] <dut.root>  WARNING: unstable transition on `fd_a__w_1'   [by dut.root.a <- 0]
[           379174225] <dut.right>  WARNING: unstable transition on `fd_a__w_1'   [by dut.right.a <- 0]
[           379225203] <dut.root>  WARNING: unstable transition on `fd_a__w_1'   [by dut.root.a <- 0]
[           379237840] <dut.right>  WARNING: unstable transition on `fd_a__w_1'   [by dut.right.a <- 0]
[           379713041] <dut.left>  WARNING: unstable transition on `fd_a__w_1'   [by dut.left.a <- 0]
[           380069857] <dut.root>  WARNING: unstable transition on `fd_a__w_1'   [by dut.root.a <- 0]
[           380175099] <dut.left>  WARNING: unstable transition on `fd_a__w_1'   [by dut.left.a <- 0]
[           380375465] <dut.root>  WARNING: unstable transition on `fd_a__w_1'   [by dut.root.a <- 0]
[           380667048] <dut.left>  WARNING: unstable transition on `fd_a__w_1'   [by dut.left.a <- 0]
[           380933533] <dut.root>  WARNING: unstable transition on `fd_a__w_1'   [by dut.root.a <- 0]
[           381045277] <dut.right>  WARNING: unstable transition on `fd_a__w_1'   [by dut.right.a <- 0]
[           381519466] <dut.root>  WARNING: unstable transition on `fd_a__w_1'   [by dut.root.a <- 0]
[           381818781] <dut.root>  WARNING: unstable transition on `fd_a__w_1'   [by dut.root.a <- 0]
[           381902586] <dut.left>  WARNING: unstable transition on `fd_a__w_1'   [by dut.left.a <- 0]
[           381945807] <dut.root>  WARNING: unstable transition on `fd_a__w_1'   [by dut.root.a <- 0]
[           381964476] <dut.right>  WARNING: unstable transition on `fd_a__w_1'   [by dut.right.a <- 0]
[           382836944] <dut.root>  WARNING: unstable transition on `fd_a__w_1'   [by dut.root.a <- 0]
[           382902121] <dut.root>  WARNING: unstable transition on `fd_a__w_1'   [by dut.root.a <- 0]
[           383360347] <dut.left>  WARNING: unstable transition on `fd_a__w_1'   [by dut.left.a <- 0]
[           383778091] <dut.root>  WARNING: unstable transition on `fd_a__w_1'   [by dut.root.a <- 0]
[           384045557] <dut.left>  WARNING: unstable transition on `fd_a__w_1'   [by dut.left.a <- 0]
[           384801914] <dut.left>  WARNING: unstable transition on `fd_a__w_1'   [by dut.left.a <- 0]
[           384872600] <dut.right>  WARNING: unstable transition on `fd_a__w_1'   [by dut.right.a <- 0]
[           385188623] <dut.root>  WARNING: unstable transition on `fd_a__w_1'   [by dut.root.a <- 0]
[           385203971] <dut.root>  WARNING: unstable transition on `fd_a__w_1'   [by dut.root.a <- 0]
[           385523658] <dut.right>  WARNING: unstable transition on `fd_a__w_1'   [by dut.right.a <- 0]
[           385592213] <dut.root>  WARNING: unstable transition on `fd_a__w_1'   [by dut.root.a <- 0]
[           385850254] <dut.left>  WARNING: unstable transition on `fd_a__w_1'   [by dut.left.a <- 0]
[           385918733] <dut.left>  WARNING: unstable transition on `fd_a__w_1'   [by dut.left.a <- 0]
[           385919049] <dut.root>  WARNING: unstable transition on `fd_a__w_1'   [by dut.root.a <- 0]
[           386091506] <dut.left>  WARNING: unstable transition on `fd_a__w_1'   [by dut.left.a <- 0]
[           386543335] <dut.root>  WARNING: unstable transition on `fd_a__w_1'   [by dut.root.a <- 0]
[           387330367] <dut.right>  WARNING: unstable transition on `fd_a__w_1'   [by dut.right.a <- 0]
[           388198275] <dut.right>  WARNING: unstable transition on `fd_a__w_1'   [by dut.right.a <- 0]
[           388246254] <dut.left>  WARNING: unstable transition on `fd_a__w_1'   [by dut.left.a <- 0]
[           388266063] <dut.root>  WARNING: unstable transition on `fd_a__w_1'   [by dut.root.a <- 0]
[           388358228] <dut.root>  WARNING: unstable transition on `fd_a__w_1'   [by dut.root.a <- 0]
[           388362002] <dut.left>  WARNING: unstable transition on `fd_a__w_1'   [by dut.left.a <- 0]
[           388519408] <dut.left>  WARNING: unstable transition on `fd_a__w_1'   [by dut.left.a <- 0]
[           388613348] <dut.left>  WARNING: unstable transition on `fd_a__w_1'   [by dut.left.a <- 0]
[           388633171] <dut.right>  WARNING: unstable transition on `fd_a__w_1'   [by dut.right.a <- 0]
[           390369657] <dut.root>  WARNING: unstable transition on `fd_a__w_1'   [by dut.root.a <- 0]
[           390515936] <dut.root>  WARNING: unstable transition on `fd_a__w_1'   [by dut.root.a <- 0]
[           390797731] <dut.left>  WARNING: unstable transition on `fd_a__w_1'   [by dut.left.a <- 0]
[           390884462] <dut.root>  WARNING: unstable transition on `fd_a__w_1'   [by dut.root.a <- 0]
[           390990331] <dut.right>  WARNING: unstable transition on `fd_a__w_1'   [by dut.right.a <- 0]
[           391196649] <dut.root>  WARNING: unstable transition on `fd_a__w_1'   [by dut.root.a <- 0]
[           391333424] <dut.root>  WARNING: unstable transition on `fd_a__w_1'   [by dut.root.a <- 0]
[           391368713] <dut.root>  WARNING: unstable transition on `fd_a__w_1'   [by dut.root.a <- 0]
[           391395464] <dut.left>  WARNING: unstable transition on `fd_a__w_1'   [by dut.left.a <- 0]
[           391671185] <dut.root>  WARNING: unstable transition on `fd_a__w_1'   [by dut.root.a <- 0]
[           391784421] <dut.right>  WARNING: unstable transition on `fd_a__w_1'   [by dut.right.a <- 0]
[           392163254] <dut.root>  WARNING: unstable transition on `fd_a__w_1'   [by dut.root.a <- 0]
[           392230891] <dut.root>  WARNING: unstable transition on `fd_a__w_1'   [by dut.root.a <- 0]
[           392870415] <dut.right>  WARNING: unstable transition on `fd_a__w_1'   [by dut.right.a <- 0]
[           392925932] <dut.right>  WARNING: unstable transition on `fd_a__w_1'   [by dut.right.a <- 0]
[           392936579] <dut.right>  WARNING: unstable transition on `fd_a__w_1'   [by dut.right.a <- 0]
[           392999413] <dut.root>  WARNING: unstable transition on `fd_a__w_1'   [by dut.root.a <- 0]
[           393144713] <dut.left>  WARNING: unstable transition on `fd_a__w_1'   [by dut.left.a <- 0]
[           393186688] <dut.left>  WARNING: unstable transition on `fd_a__w_1'   [by dut.left.a <- 0]
[           393654023] <dut.left>  WARNING: unstable transition on `fd_a__w_1'   [by dut.left.a <- 0]
[           393661149] <dut.root>  WARNING: unstable transition on `fd_a__w_1'   [by dut.root.a <- 0]
[           393783593] <dut.root>  WARNING: unstable transition on `fd_a__w_1'   [by dut.root.a <- 0]
[           393854518] <dut.right>  WARNING: unstable transition on `fd_a__w_1'   [by dut.right.a <- 0]
[           393888252] <dut.left>  WARNING: unstable transition on `fd_a__w_1'   [by dut.left.a <- 0]
[           393982862] <dut.left>  WARNING: unstable transition on `fd_a__w_1'   [by dut.left.a <- 0]
[           394121839] <dut.right>  WARNING: unstable transition on `fd_a__w_1'   [by dut.right.a <- 0]
[           394124630] <dut.root>  WARNING: unstable transition on `fd_a__w_1'   [by dut.root.a <- 0]
[           394199618] <dut.right>  WARNING: unstable transition on `fd_a__w_1'   [by dut.right.a <- 0]
[           394286319] <dut.left>  WARNING: unstable transition on `fd_a__w_1'   [by dut.left.a <- 0]
[           394748331] <dut.root>  WARNING: unstable transition on `fd_a__w_1'   [by dut.root.a <- 0]
[           394807217] <dut.root>  WARNING: unstable transition on `fd_a__w_1'   [by dut.root.a <- 0]
[           395065646] <dut.right>  WARNING: unstable transition on `fd_a__w_1'   [by dut.right.a <- 0]
[           395354617] <dut.root>  WARNING: unstable transition on `fd_a__w_1'   [by dut.root.a <- 0]
[           395920190] <dut.right>  WARNING: unstable transition on `fd_a__w_1'   [by dut.right.a <- 0]
[           396061946] <dut.root>  WARNING: unstable transition on `fd_a__w_1'   [by dut.root.a <- 0]
[           396179834] <dut.left>  WARNING: unstable transition on `fd_a__w_1'   [by dut.left.a <- 0]
[           396184670] <dut.root>  WARNING: unstable transition on `fd_a__w_1'   [by dut.root.a <- 0]
[           396343584] <dut.right>  WARNING: unstable transition on `fd_a__w_1'   [by dut.right.a <- 0]
[           396399071] <dut.root>  WARNING: unstable transition on `fd_a__w_1'   [by dut.root.a <- 0]
[           396590578] <dut.root>  WARNING: unstable transition on `fd_a__w_1'   [by dut.root.a <- 0]
[           396671690] <dut.left>  WARNING: unstable transition on `fd_a__w_1'   [by dut.left.a <- 0]
[           396699173] <dut.root>  WARNING: unstable transition on `fd_a__w_1'   [by dut.root.a <- 0]
[           397045524] <dut.root>  WARNING: unstable transition on `fd_a__w_1'   [by dut.root.a <- 0]
[           397203616] <dut.left>  WARNING: unstable transition on `fd_a__w_1'   [by dut.left.a <- 0]
[           397393276] <dut.right>  WARNING: unstable transition on `fd_a__w_1'   [by dut.right.a <- 0]
[           397452554] <dut.left>  WARNING: unstable transition on `fd_a__w_1'   [by dut.left.a <- 0]
[           398614487] <dut.root>  WARNING: unstable transition on `fd_a__w_1'   [by dut.root.a <- 0]
[           398831818] <dut.root>  WARNING: unstable transition on `fd_a__w_1'   [by dut.root.a <- 0]
[           399156955] <dut.right>  WARNING: unstable transition on `fd_a__w_1'   [by dut.right.a <- 0]
[           399260513] <dut.root>  WARNING: unstable transition on `fd_a__w_1'   [by dut.root.a <- 0]
[           399509656] <dut.left>  WARNING: unstable transition on `fd_a__w_1'   [by dut.left.a <- 0]
[           399560781] <dut.root>  WARNING: unstable transition on `fd_a__w_1'   [by dut.root.a <- 0]
[           399718731] <dut.root>  WARNING: unstable transition on `fd_a__w_1'   [by dut.root.a <- 0]
[           399731388] <dut.left>  WARNING: unstable transition on `fd_a__w_1'   [by dut.left.a <- 0]
[           399751372] <dut.right>  WARNING: unstable transition on `fd_a__w_1'   [by dut.right.a <- 0]
[           400135990] <dut.right>  WARNING: unstable transition on `fd_a__w_1'   [by dut.right.a <- 0]
[           400210232] <dut.left>  WARNING: unstable transition on `fd_a__w_1'   [by dut.left.a <- 0]
[           400616278] <dut.left>  WARNING: unstable transition on `fd_a__w_1'   [by dut.left.a <- 0]
[           400646057] <dut.root>  WARNING: unstable transition on `fd_a__w_1'   [by dut.root.a <- 0]
[           400650121] <dut.right>  WARNING: unstable transition on `fd_a__w_1'   [by dut.right.a <- 0]
[           401200945] <dut.root>  WARNING: unstable transition on `fd_a__w_1'   [by dut.root.a <- 0]
[           401856145] <dut.root>  WARNING: unstable transition on `fd_a__w_1'   [by dut.root.a <- 0]
[           401862094] <dut.right>  WARNING: unstable transition on `fd_a__w_1'   [by dut.right.a <- 0]
[           401966756] <dut.root>  WARNING: unstable transition on `fd_a__w_1'   [by dut.root.a <- 0]
[           402062116] <dut.right>  WARNING: unstable transition on `fd_a__w_1'   [by dut.right.a <- 0]
[           402154724] <dut.root>  WARNING: unstable transition on `fd_a__w_1'   [by dut.root.a <- 0]
[           402281514] <dut.root>  WARNING: unstable transition on `fd_a__w_1'   [by dut.root.a <- 0]
[           402425091] <dut.left>  WARNING: unstable transition on `fd_a__w_1'   [by dut.left.a <- 0]
[           402444601] <dut.right>  WARNING: unstable transition on `fd_a__w_1'   [by dut.right.a <- 0]
[           402525808] <dut.right>  WARNING: unstable transition on `fd_a__w_1'   [by dut.right.a <- 0]
[           402559872] <dut.left>  WARNING: unstable transition on `fd_a__w_1'   [by dut.left.a <- 0]
[           402577248] <dut.right>  WARNING: unstable transition on `fd_a__w_1'   [by dut.right.a <- 0]
[           402873362] <dut.root>  WARNING: unstable transition on `fd_a__w_1'   [by dut.root.a <- 0]
[           403400917] <dut.right>  WARNING: unstable transition on `fd_a__w_1'   [by dut.right.a <- 0]
[           403418828] <dut.left>  WARNING: unstable transition on `fd_a__w_1'   [by dut.left.a <- 0]
[           403637136] <dut.right>  WARNING: unstable transition on `fd_a__w_1'   [by dut.right.a <- 0]
[           403885158] <dut.left>  WARNING: unstable transition on `fd_a__w_1'   [by dut.left.a <- 0]
[           403905419] <dut.root>  WARNING: unstable transition on `fd_a__w_1'   [by dut.root.a <- 0]
[           404358496] <dut.root>  WARNING: unstable transition on `fd_a__w_1'   [by dut.root.a <- 0]
[           404466807] <dut.root>  WARNING: unstable transition on `fd_a__w_1'   [by dut.root.a <- 0]
[           404499593] <dut.left>  WARNING: unstable transition on `fd_a__w_1'   [by dut.left.a <- 0]
[           404648985] <dut.right>  WARNING: unstable transition on `fd_a__w_1'   [by dut.right.a <- 0]
[           405355360] <dut.left>  WARNING: unstable transition on `fd_a__w_1'   [by dut.left.a <- 0]
[           405567546] <dut.root>  WARNING: unstable transition on `fd_a__w_1'   [by dut.root.a <- 0]
[           406214960] <dut.right>  WARNING: unstable transition on `fd_a__w_1'   [by dut.right.a <- 0]
[           406459990] <dut.left>  WARNING: unstable transition on `fd_a__w_1'   [by dut.left.a <- 0]
[           406810021] <dut.root>  WARNING: unstable transition on `fd_a__w_1'   [by dut.root.a <- 0]
[           406996446] <dut.root>  WARNING: unstable transition on `fd_a__w_1'   [by dut.root.a <- 0]
[           407062739] <dut.root>  WARNING: unstable transition on `fd_a__w_1'   [by dut.root.a <- 0]
[           407093413] <dut.left>  WARNING: unstable transition on `fd_a__w_1'   [by dut.left.a <- 0]
[           407181832] <dut.root>  WARNING: unstable transition on `fd_a__w_1'   [by dut.root.a <- 0]
[           407524171] <dut.right>  WARNING: unstable transition on `fd_a__w_1'   [by dut.right.a <- 0]
[           407812405] <dut.left>  WARNING: unstable transition on `fd_a__w_1'   [by dut.left.a <- 0]
[           407823425] <dut.left>  WARNING: unstable transition on `fd_a__w_1'   [by dut.left.a <- 0]
[           407949832] <dut.root>  WARNING: unstable transition on `fd_a__w_1'   [by dut.root.a <- 0]
[           408022763] <dut.root>  WARNING: unstable transition on `fd_a__w_1'   [by dut.root.a <- 0]
[           408035591] <dut.left>  WARNING: unstable transition on `fd_a__w_1'   [by dut.left.a <- 0]
[           408177705] <dut.root>  WARNING: unstable transition on `fd_a__w_1'   [by dut.root.a <- 0]
[           408190469] <dut.root>  WARNING: unstable transition on `fd_a__w_1'   [by dut.root.a <- 0]
[           408228399] <dut.right>  WARNING: unstable transition on `fd_a__w_1'   [by dut.right.a <- 0]
[           408254789] <dut.root>  WARNING: unstable transition on `fd_a__w_1'   [by dut.root.a <- 0]
[           408632254] <dut.root>  WARNING: unstable transition on `fd_a__w_1'   [by dut.root.a <- 0]
[           408838555] <dut.root>  WARNING: unstable transition on `fd_a__w_1'   [by dut.root.a <- 0]
[           409123210] <dut.root>  WARNING: unstable transition on `fd_a__w_1'   [by dut.root.a <- 0]
[           409797630] <dut.root>  WARNING: unstable transition on `fd_a__w_1'   [by dut.root.a <- 0]
[           410061683] <dut.left>  WARNING: unstable transition on `fd_a__w_1'   [by dut.left.a <- 0]
[           410199236] <dut.right>  WARNING: unstable transition on `fd_a__w_1'   [by dut.right.a <- 0]
[           410439859] <dut.root>  WARNING: unstable transition on `fd_a__w_1'   [by dut.root.a <- 0]
[           410551557] <dut.root>  WARNING: unstable transition on `fd_a__w_1'   [by dut.root.a <- 0]
[           410847475] <dut.root>  WARNING: unstable transition on `fd_a__w_1'   [by dut.root.a <- 0]
[           411096739] <dut.right>  WARNING: unstable transition on `fd_a__w_1'   [by dut.right.a <- 0]
[           411258621] <dut.right>  WARNING: unstable transition on `fd_a__w_1'   [by dut.right.a <- 0]
[           411318827] <dut.root>  WARNING: unstable transition on `fd_a__w_1'   [by dut.root.a <- 0]
[           411323382] <dut.root>  WARNING: unstable transition on `fd_a__w_1'   [by dut.root.a <- 0]
[           411777221] <dut.right>  WARNING: unstable transition on `fd_a__w_1'   [by dut.right.a <- 0]
[           412283989] <dut.left>  WARNING: unstable transition on `fd_a__w_1'   [by dut.left.a <- 0]
[           412288308] <dut.right>  WARNING: unstable transition on `fd_a__w_1'   [by dut.right.a <- 0]
[           412363293] <dut.left>  WARNING: unstable transition on `fd_a__w_1'   [by dut.left.a <- 0]
[           412620560] <dut.right>  WARNING: unstable transition on `fd_a__w_1'   [by dut.right.a <- 0]
[           412620905] <dut.root>  WARNING: unstable transition on `fd_a__w_1'   [by dut.root.a <- 0]
[           413646865] <dut.left>  WARNING: unstable transition on `fd_a__w_1'   [by dut.left.a <- 0]
[           413732073] <dut.right>  WARNING: unstable transition on `fd_a__w_1'   [by dut.right.a <- 0]
[           413862764] <dut.right>  WARNING: unstable transition on `fd_a__w_1'   [by dut.right.a <- 0]
[           413871535] <dut.left>  WARNING: unstable transition on `fd_a__w_1'   [by dut.left.a <- 0]
[           414029550] <dut.root>  WARNING: unstable transition on `fd_a__w_1'   [by dut.root.a <- 0]
[           414062304] <dut.right>  WARNING: unstable transition on `fd_a__w_1'   [by dut.right.a <- 0]
[           414074306] <dut.root>  WARNING: unstable transition on `fd_a__w_1'   [by dut.root.a <- 0]
[           414212757] <dut.left>  WARNING: unstable transition on `fd_a__w_1'   [by dut.left.a <- 0]
[           414273057] <dut.right>  WARNING: unstable transition on `fd_a__w_1'   [by dut.right.a <- 0]
[           414638841] <dut.root>  WARNING: unstable transition on `fd_a__w_1'   [by dut.root.a <- 0]
[           414875449] <dut.left>  WARNING: unstable transition on `fd_a__w_1'   [by dut.left.a <- 0]
[           414961449] <dut.right>  WARNING: unstable transition on `fd_a__w_1'   [by dut.right.a <- 0]
[           415181073] <dut.left>  WARNING: unstable transition on `fd_a__w_1'   [by dut.left.a <- 0]
[           415387974] <dut.root>  WARNING: unstable transition on `fd_a__w_1'   [by dut.root.a <- 0]
[           415409347] <dut.left>  WARNING: unstable transition on `fd_a__w_1'   [by dut.left.a <- 0]
[           416211122] <dut.right>  WARNING: unstable transition on `fd_a__w_1'   [by dut.right.a <- 0]
[           416354017] <dut.root>  WARNING: unstable transition on `fd_a__w_1'   [by dut.root.a <- 0]
[           416420736] <dut.left>  WARNING: unstable transition on `fd_a__w_1'   [by dut.left.a <- 0]
[           416756121] <dut.right>  WARNING: unstable transition on `fd_a__w_1'   [by dut.right.a <- 0]
[           416758893] <dut.root>  WARNING: unstable transition on `fd_a__w_1'   [by dut.root.a <- 0]
[           416822786] <dut.right>  WARNING: unstable transition on `fd_a__w_1'   [by dut.right.a <- 0]
[           417015284] <dut.left>  WARNING: unstable transition on `fd_a__w_1'   [by dut.left.a <- 0]
[           417348386] <dut.root>  WARNING: unstable transition on `fd_a__w_1'   [by dut.root.a <- 0]
[           417582517] <dut.right>  WARNING: unstable transition on `fd_a__w_1'   [by dut.right.a <- 0]
[           417694327] <dut.left>  WARNING: unstable transition on `fd_a__w_1'   [by dut.left.a <- 0]
[           417701504] <dut.root>  WARNING: unstable transition on `fd_a__w_1'   [by dut.root.a <- 0]
[           417913946] <dut.right>  WARNING: unstable transition on `fd_a__w_1'   [by dut.right.a <- 0]
[           418062681] <dut.left>  WARNING: unstable transition on `fd_a__w_1'   [by dut.left.a <- 0]
[           418268275] <dut.root>  WARNING: unstable transition on `fd_a__w_1'   [by dut.root.a <- 0]
[           418667910] <dut.right>  WARNING: unstable transition on `fd_a__w_1'   [by dut.right.a <- 0]
[           418953033] <dut.left>  WARNING: unstable transition on `fd_a__w_1'   [by dut.left.a <- 0]
[           419297019] <dut.root>  WARNING: unstable transition on `fd_a__w_1'   [by dut.root.a <- 0]
[           419606829] <dut.right>  WARNING: unstable transition on `fd_a__w_1'   [by dut.right.a <- 0]
[           419926284] <dut.left>  WARNING: unstable transition on `fd_a__w_1'   [by dut.left.a <- 0]
[           420009227] <dut.root>  WARNING: unstable transition on `fd_a__w_1'   [by dut.root.a <- 0]
[           420327259] <dut.root>  WARNING: unstable transition on `fd_a__w_1'   [by dut.root.a <- 0]
[           420565709] <dut.root>  WARNING: unstable transition on `fd_a__w_1'   [by dut.root.a <- 0]
[           420605242] <dut.right>  WARNING: unstable transition on `fd_a__w_1'   [by dut.right.a <- 0]
[           420850890] <dut.left>  WARNING: unstable transition on `fd_a__w_1'   [by dut.left.a <- 0]
[           421112699] <dut.root>  WARNING: unstable transition on `fd_a__w_1'   [by dut.root.a <- 0]
[           421459877] <dut.left>  WARNING: unstable transition on `fd_a__w_1'   [by dut.left.a <- 0]
[           421727168] <dut.left>  WARNING: unstable transition on `fd_a__w_1'   [by dut.left.a <- 0]
[           421952362] <dut.root>  WARNING: unstable transition on `fd_a__w_1'   [by dut.root.a <- 0]
[           421974324] <dut.right>  WARNING: unstable transition on `fd_a__w_1'   [by dut.right.a <- 0]
[           422025033] <dut.root>  WARNING: unstable transition on `fd_a__w_1'   [by dut.root.a <- 0]
[           422255232] <dut.left>  WARNING: unstable transition on `fd_a__w_1'   [by dut.left.a <- 0]
[           422491365] <dut.right>  WARNING: unstable transition on `fd_a__w_1'   [by dut.right.a <- 0]
[           422635087] <dut.root>  WARNING: unstable transition on `fd_a__w_1'   [by dut.root.a <- 0]
[           422728328] <dut.right>  WARNING: unstable transition on `fd_a__w_1'   [by dut.right.a <- 0]
[           422864003] <dut.root>  WARNING: unstable transition on `fd_a__w_1'   [by dut.root.a <- 0]
[           422982893] <dut.right>  WARNING: unstable transition on `fd_a__w_1'   [by dut.right.a <- 0]
[           423838577] <dut.left>  WARNING: unstable transition on `fd_a__w_1'   [by dut.left.a <- 0]
[           424507210] <dut.right>  WARNING: unstable transition on `fd_a__w_1'   [by dut.right.a <- 0]
[           424514228] <dut.root>  WARNING: unstable transition on `fd_a__w_1'   [by dut.root.a <- 0]
[           424596249] <dut.root>  WARNING: unstable transition on `fd_a__w_1'   [by dut.root.a <- 0]
[           424674924] <dut.root>  WARNING: unstable transition on `fd_a__w_1'   [by dut.root.a <- 0]
[           424902893] <dut.root>  WARNING: unstable transition on `fd_a__w_1'   [by dut.root.a <- 0]
[           425043127] <dut.left>  WARNING: unstable transition on `fd_a__w_1'   [by dut.left.a <- 0]
[           425294162] <dut.root>  WARNING: unstable transition on `fd_a__w_1'   [by dut.root.a <- 0]
[           425472065] <dut.root>  WARNING: unstable transition on `fd_a__w_1'   [by dut.root.a <- 0]
[           426000140] <dut.left>  WARNING: unstable transition on `fd_a__w_1'   [by dut.left.a <- 0]
[           426103939] <dut.left>  WARNING: unstable transition on `fd_a__w_1'   [by dut.left.a <- 0]
[           426241795] <dut.root>  WARNING: unstable transition on `fd_a__w_1'   [by dut.root.a <- 0]
[           427173339] <dut.root>  WARNING: unstable transition on `fd_a__w_1'   [by dut.root.a <- 0]
[           427264808] <dut.right>  WARNING: unstable transition on `fd_a__w_1'   [by dut.right.a <- 0]
[           427312461] <dut.left>  WARNING: unstable transition on `fd_a__w_1'   [by dut.left.a <- 0]
[           427645004] <dut.root>  WARNING: unstable transition on `fd_a__w_1'   [by dut.root.a <- 0]
[           427811134] <dut.right>  WARNING: unstable transition on `fd_a__w_1'   [by dut.right.a <- 0]
[           427939118] <dut.left>  WARNING: unstable transition on `fd_a__w_1'   [by dut.left.a <- 0]
[           427945233] <dut.right>  WARNING: unstable transition on `fd_a__w_1'   [by dut.right.a <- 0]
[           428121629] <dut.left>  WARNING: unstable transition on `fd_a__w_1'   [by dut.left.a <- 0]
[           428170723] <dut.root>  WARNING: unstable transition on `fd_a__w_1'   [by dut.root.a <- 0]
[           428395145] <dut.right>  WARNING: unstable transition on `fd_a__w_1'   [by dut.right.a <- 0]
[           428421705] <dut.right>  WARNING: unstable transition on `fd_a__w_1'   [by dut.right.a <- 0]
[           428644973] <dut.right>  WARNING: unstable transition on `fd_a__w_1'   [by dut.right.a <- 0]
[           428673151] <dut.right>  WARNING: unstable transition on `fd_a__w_1'   [by dut.right.a <- 0]
[           428878981] <dut.left>  WARNING: unstable transition on `fd_a__w_1'   [by dut.left.a <- 0]
[           429177773] <dut.root>  WARNING: unstable transition on `fd_a__w_1'   [by dut.root.a <- 0]
[           429757278] <dut.root>  WARNING: unstable transition on `fd_a__w_1'   [by dut.root.a <- 0]
[           429939091] <dut.root>  WARNING: unstable transition on `fd_a__w_1'   [by dut.root.a <- 0]
[           430012903] <dut.left>  WARNING: unstable transition on `fd_a__w_1'   [by dut.left.a <- 0]
[           430202044] <dut.root>  WARNING: unstable transition on `fd_a__w_1'   [by dut.root.a <- 0]
[           430262719] <dut.root>  WARNING: unstable transition on `fd_a__w_1'   [by dut.root.a <- 0]
[           430301997] <dut.right>  WARNING: unstable transition on `fd_a__w_1'   [by dut.right.a <- 0]
[           430377979] <dut.root>  WARNING: unstable transition on `fd_a__w_1'   [by dut.root.a <- 0]
[           431057409] <dut.right>  WARNING: unstable transition on `fd_a__w_1'   [by dut.right.a <- 0]
[           431627684] <dut.root>  WARNING: unstable transition on `fd_a__w_1'   [by dut.root.a <- 0]
[           432009917] <dut.right>  WARNING: unstable transition on `fd_a__w_1'   [by dut.right.a <- 0]
[           432096228] <dut.root>  WARNING: unstable transition on `fd_a__w_1'   [by dut.root.a <- 0]
[           432187950] <dut.left>  WARNING: unstable transition on `fd_a__w_1'   [by dut.left.a <- 0]
[           432449369] <dut.root>  WARNING: unstable transition on `fd_a__w_1'   [by dut.root.a <- 0]
[           432828722] <dut.left>  WARNING: unstable transition on `fd_a__w_1'   [by dut.left.a <- 0]
[           433138926] <dut.root>  WARNING: unstable transition on `fd_a__w_1'   [by dut.root.a <- 0]
[           433181222] <dut.root>  WARNING: unstable transition on `fd_a__w_1'   [by dut.root.a <- 0]
[           433270715] <dut.left>  WARNING: unstable transition on `fd_a__w_1'   [by dut.left.a <- 0]
[           433306061] <dut.root>  WARNING: unstable transition on `fd_a__w_1'   [by dut.root.a <- 0]
[           433427120] <dut.right>  WARNING: unstable transition on `fd_a__w_1'   [by dut.right.a <- 0]
[           433507280] <dut.root>  WARNING: unstable transition on `fd_a__w_1'   [by dut.root.a <- 0]
[           433723826] <dut.left>  WARNING: unstable transition on `fd_a__w_1'   [by dut.left.a <- 0]
[           433956726] <dut.right>  WARNING: unstable transition on `fd_a__w_1'   [by dut.right.a <- 0]
[           434022208] <dut.right>  WARNING: unstable transition on `fd_a__w_1'   [by dut.right.a <- 0]
[           434045163] <dut.root>  WARNING: unstable transition on `fd_a__w_1'   [by dut.root.a <- 0]
[           434243462] <dut.left>  WARNING: unstable transition on `fd_a__w_1'   [by dut.left.a <- 0]
[           434608391] <dut.root>  WARNING: unstable transition on `fd_a__w_1'   [by dut.root.a <- 0]
[           434935650] <dut.root>  WARNING: unstable transition on `fd_a__w_1'   [by dut.root.a <- 0]
[           434981883] <dut.root>  WARNING: unstable transition on `fd_a__w_1'   [by dut.root.a <- 0]
[           435194405] <dut.right>  WARNING: unstable transition on `fd_a__w_1'   [by dut.right.a <- 0]
[           435337519] <dut.right>  WARNING: unstable transition on `fd_a__w_1'   [by dut.right.a <- 0]
[           435360094] <dut.root>  WARNING: unstable transition on `fd_a__w_1'   [by dut.root.a <- 0]
[           435415921] <dut.right>  WARNING: unstable transition on `fd_a__w_1'   [by dut.right.a <- 0]
[           435467988] <dut.root>  WARNING: unstable transition on `fd_a__w_1'   [by dut.root.a <- 0]
[           435804541] <dut.right>  WARNING: unstable transition on `fd_a__w_1'   [by dut.right.a <- 0]
[           435989818] <dut.right>  WARNING: unstable transition on `fd_a__w_1'   [by dut.right.a <- 0]
[           436059072] <dut.root>  WARNING: unstable transition on `fd_a__w_1'   [by dut.root.a <- 0]
[           436445621] <dut.root>  WARNING: unstable transition on `fd_a__w_1'   [by dut.root.a <- 0]
[           436478805] <dut.left>  WARNING: unstable transition on `fd_a__w_1'   [by dut.left.a <- 0]
[           436650014] <dut.left>  WARNING: unstable transition on `fd_a__w_1'   [by dut.left.a <- 0]
[           436688673] <dut.left>  WARNING: unstable transition on `fd_a__w_1'   [by dut.left.a <- 0]
[           437230374] <dut.left>  WARNING: unstable transition on `fd_a__w_1'   [by dut.left.a <- 0]
[           437471400] <dut.root>  WARNING: unstable transition on `fd_a__w_1'   [by dut.root.a <- 0]
[           437954218] <dut.root>  WARNING: unstable transition on `fd_a__w_1'   [by dut.root.a <- 0]
[           438335471] <dut.root>  WARNING: unstable transition on `fd_a__w_1'   [by dut.root.a <- 0]
[           438428523] <dut.root>  WARNING: unstable transition on `fd_a__w_1'   [by dut.root.a <- 0]
[           438439409] <dut.root>  WARNING: unstable transition on `fd_a__w_1'   [by dut.root.a <- 0]
[           438606368] <dut.right>  WARNING: unstable transition on `fd_a__w_1'   [by dut.right.a <- 0]
[           438676909] <dut.left>  WARNING: unstable transition on `fd_a__w_1'   [by dut.left.a <- 0]
[           439318877] <dut.root>  WARNING: unstable transition on `fd_a__w_1'   [by dut.root.a <- 0]
[           439362572] <dut.root>  WARNING: unstable transition on `fd_a__w_1'   [by dut.root.a <- 0]
[           439475459] <dut.root>  WARNING: unstable transition on `fd_a__w_1'   [by dut.root.a <- 0]
[           439477721] <dut.root>  WARNING: unstable transition on `fd_a__w_1'   [by dut.root.a <- 0]
[           439508624] <dut.right>  WARNING: unstable transition on `fd_a__w_1'   [by dut.right.a <- 0]
[           439508897] <dut.root>  WARNING: unstable transition on `fd_a__w_1'   [by dut.root.a <- 0]
[           439789458] <dut.root>  WARNING: unstable transition on `fd_a__w_1'   [by dut.root.a <- 0]
[           439885088] <dut.right>  WARNING: unstable transition on `fd_a__w_1'   [by dut.right.a <- 0]
[           440016566] <dut.root>  WARNING: unstable transition on `fd_a__w_1'   [by dut.root.a <- 0]
[           440397332] <dut.root>  WARNING: unstable transition on `fd_a__w_1'   [by dut.root.a <- 0]
[           440492853] <dut.root>  WARNING: unstable transition on `fd_a__w_1'   [by dut.root.a <- 0]
[           440566346] <dut.root>  WARNING: unstable transition on `fd_a__w_1'   [by dut.root.a <- 0]
[           440701377] <dut.root>  WARNING: unstable transition on `fd_a__w_1'   [by dut.root.a <- 0]
[           441204407] <dut.left>  WARNING: unstable transition on `fd_a__w_1'   [by dut.left.a <- 0]
[           441305076] <dut.root>  WARNING: unstable transition on `fd_a__w_1'   [by dut.root.a <- 0]
[           441344813] <dut.root>  WARNING: unstable transition on `fd_a__w_1'   [by dut.root.a <- 0]
[           441526882] <dut.root>  WARNING: unstable transition on `fd_a__w_1'   [by dut.root.a <- 0]
[           441540016] <dut.left>  WARNING: unstable transition on `fd_a__w_1'   [by dut.left.a <- 0]
[           441670900] <dut.root>  WARNING: unstable transition on `fd_a__w_1'   [by dut.root.a <- 0]
[           441984707] <dut.right>  WARNING: unstable transition on `fd_a__w_1'   [by dut.right.a <- 0]
[           442386637] <dut.right>  WARNING: unstable transition on `fd_a__w_1'   [by dut.right.a <- 0]
[           442760478] <dut.right>  WARNING: unstable transition on `fd_a__w_1'   [by dut.right.a <- 0]
[           443051618] <dut.root>  WARNING: unstable transition on `fd_a__w_1'   [by dut.root.a <- 0]
[           443113975] <dut.left>  WARNING: unstable transition on `fd_a__w_1'   [by dut.left.a <- 0]
[           443184454] <dut.right>  WARNING: unstable transition on `fd_a__w_1'   [by dut.right.a <- 0]
[           443184643] <dut.root>  WARNING: unstable transition on `fd_a__w_1'   [by dut.root.a <- 0]
[           443277714] <dut.right>  WARNING: unstable transition on `fd_a__w_1'   [by dut.right.a <- 0]
[           443625134] <dut.right>  WARNING: unstable transition on `fd_a__w_1'   [by dut.right.a <- 0]
[           443648816] <dut.root>  WARNING: unstable transition on `fd_a__w_1'   [by dut.root.a <- 0]
[           443762265] <dut.left>  WARNING: unstable transition on `fd_a__w_1'   [by dut.left.a <- 0]
[           444019045] <dut.left>  WARNING: unstable transition on `fd_a__w_1'   [by dut.left.a <- 0]
[           444283083] <dut.root>  WARNING: unstable transition on `fd_a__w_1'   [by dut.root.a <- 0]
[           444769780] <dut.root>  WARNING: unstable transition on `fd_a__w_1'   [by dut.root.a <- 0]
[           445015200] <dut.left>  WARNING: unstable transition on `fd_a__w_1'   [by dut.left.a <- 0]
[           445251460] <dut.root>  WARNING: unstable transition on `fd_a__w_1'   [by dut.root.a <- 0]
[           445290834] <dut.root>  WARNING: unstable transition on `fd_a__w_1'   [by dut.root.a <- 0]
[           445301971] <dut.root>  WARNING: unstable transition on `fd_a__w_1'   [by dut.root.a <- 0]
[           445647879] <dut.left>  WARNING: unstable transition on `fd_a__w_1'   [by dut.left.a <- 0]
[           445756153] <dut.root>  WARNING: unstable transition on `fd_a__w_1'   [by dut.root.a <- 0]
[           445869445] <dut.left>  WARNING: unstable transition on `fd_a__w_1'   [by dut.left.a <- 0]
[           446127889] <dut.root>  WARNING: unstable transition on `fd_a__w_1'   [by dut.root.a <- 0]
[           446977884] <dut.right>  WARNING: unstable transition on `fd_a__w_1'   [by dut.right.a <- 0]
[           447074645] <dut.root>  WARNING: unstable transition on `fd_a__w_1'   [by dut.root.a <- 0]
[           447623601] <dut.root>  WARNING: unstable transition on `fd_a__w_1'   [by dut.root.a <- 0]
[           447956352] <dut.left>  WARNING: unstable transition on `fd_a__w_1'   [by dut.left.a <- 0]
[           447967271] <dut.left>  WARNING: unstable transition on `fd_a__w_1'   [by dut.left.a <- 0]
[           448485060] <dut.left>  WARNING: unstable transition on `fd_a__w_1'   [by dut.left.a <- 0]
[           448864238] <dut.root>  WARNING: unstable transition on `fd_a__w_1'   [by dut.root.a <- 0]
[           449070047] <dut.root>  WARNING: unstable transition on `fd_a__w_1'   [by dut.root.a <- 0]
[           449345984] <dut.root>  WARNING: unstable transition on `fd_a__w_1'   [by dut.root.a <- 0]
[           449859049] <dut.left>  WARNING: unstable transition on `fd_a__w_1'   [by dut.left.a <- 0]
[           449925536] <dut.left>  WARNING: unstable transition on `fd_a__w_1'   [by dut.left.a <- 0]
[           450271498] <dut.root>  WARNING: unstable transition on `fd_a__w_1'   [by dut.root.a <- 0]
[           450331275] <dut.root>  WARNING: unstable transition on `fd_a__w_1'   [by dut.root.a <- 0]
[           450441862] <dut.left>  WARNING: unstable transition on `fd_a__w_1'   [by dut.left.a <- 0]
[           450903468] <dut.right>  WARNING: unstable transition on `fd_a__w_1'   [by dut.right.a <- 0]
[           451156179] <dut.right>  WARNING: unstable transition on `fd_a__w_1'   [by dut.right.a <- 0]
[           452304562] <dut.root>  WARNING: unstable transition on `fd_a__w_1'   [by dut.root.a <- 0]
[           453075657] <dut.right>  WARNING: unstable transition on `fd_a__w_1'   [by dut.right.a <- 0]
[           453251045] <dut.root>  WARNING: unstable transition on `fd_a__w_1'   [by dut.root.a <- 0]
[           453468331] <dut.root>  WARNING: unstable transition on `fd_a__w_1'   [by dut.root.a <- 0]
[           453594106] <dut.root>  WARNING: unstable transition on `fd_a__w_1'   [by dut.root.a <- 0]
[           453685201] <dut.right>  WARNING: unstable transition on `fd_a__w_1'   [by dut.right.a <- 0]
[           453878571] <dut.left>  WARNING: unstable transition on `fd_a__w_1'   [by dut.left.a <- 0]
[           454091680] <dut.root>  WARNING: unstable transition on `fd_a__w_1'   [by dut.root.a <- 0]
[           454112208] <dut.root>  WARNING: unstable transition on `fd_a__w_1'   [by dut.root.a <- 0]
[           454114600] <dut.root>  WARNING: unstable transition on `fd_a__w_1'   [by dut.root.a <- 0]
[           454146034] <dut.left>  WARNING: unstable transition on `fd_a__w_1'   [by dut.left.a <- 0]
[           454307210] <dut.root>  WARNING: unstable transition on `fd_a__w_1'   [by dut.root.a <- 0]
[           454515146] <dut.root>  WARNING: unstable transition on `fd_a__w_1'   [by dut.root.a <- 0]
[           455315222] <dut.left>  WARNING: unstable transition on `fd_a__w_1'   [by dut.left.a <- 0]
[           455530380] <dut.right>  WARNING: unstable transition on `fd_a__w_1'   [by dut.right.a <- 0]
[           455740536] <dut.root>  WARNING: unstable transition on `fd_a__w_1'   [by dut.root.a <- 0]
[           456149541] <dut.root>  WARNING: unstable transition on `fd_a__w_1'   [by dut.root.a <- 0]
[           456168980] <dut.right>  WARNING: unstable transition on `fd_a__w_1'   [by dut.right.a <- 0]
[           457089168] <dut.root>  WARNING: unstable transition on `fd_a__w_1'   [by dut.root.a <- 0]
[           457544249] <dut.left>  WARNING: unstable transition on `fd_a__w_1'   [by dut.left.a <- 0]
[           457808736] <dut.root>  WARNING: unstable transition on `fd_a__w_1'   [by dut.root.a <- 0]
[           457971338] <dut.root>  WARNING: unstable transition on `fd_a__w_1'   [by dut.root.a <- 0]
[           458316672] <dut.left>  WARNING: unstable transition on `fd_a__w_1'   [by dut.left.a <- 0]
[           458513872] <dut.left>  WARNING: unstable transition on `fd_a__w_1'   [by dut.left.a <- 0]
[           458785248] <dut.root>  WARNING: unstable transition on `fd_a__w_1'   [by dut.root.a <- 0]
[           458901537] <dut.left>  WARNING: unstable transition on `fd_a__w_1'   [by dut.left.a <- 0]
[           459247717] <dut.left>  WARNING: unstable transition on `fd_a__w_1'   [by dut.left.a <- 0]
[           459553209] <dut.left>  WARNING: unstable transition on `fd_a__w_1'   [by dut.left.a <- 0]
[           459579196] <dut.left>  WARNING: unstable transition on `fd_a__w_1'   [by dut.left.a <- 0]
[           459624321] <dut.right>  WARNING: unstable transition on `fd_a__w_1'   [by dut.right.a <- 0]
[           459746394] <dut.right>  WARNING: unstable transition on `fd_a__w_1'   [by dut.right.a <- 0]
[           459845947] <dut.root>  WARNING: unstable transition on `fd_a__w_1'   [by dut.root.a <- 0]
[           460549751] <dut.left>  WARNING: unstable transition on `fd_a__w_1'   [by dut.left.a <- 0]
[           460645568] <dut.root>  WARNING: unstable transition on `fd_a__w_1'   [by dut.root.a <- 0]
[           461235989] <dut.root>  WARNING: unstable transition on `fd_a__w_1'   [by dut.root.a <- 0]
[           461414992] <dut.root>  WARNING: unstable transition on `fd_a__w_1'   [by dut.root.a <- 0]
[           461464745] <dut.left>  WARNING: unstable transition on `fd_a__w_1'   [by dut.left.a <- 0]
[           462112672] <dut.root>  WARNING: unstable transition on `fd_a__w_1'   [by dut.root.a <- 0]
[           462119445] <dut.root>  WARNING: unstable transition on `fd_a__w_1'   [by dut.root.a <- 0]
[           462253067] <dut.root>  WARNING: unstable transition on `fd_a__w_1'   [by dut.root.a <- 0]
[           462861024] <dut.right>  WARNING: unstable transition on `fd_a__w_1'   [by dut.right.a <- 0]
[           463022037] <dut.right>  WARNING: unstable transition on `fd_a__w_1'   [by dut.right.a <- 0]
[           463326176] <dut.right>  WARNING: unstable transition on `fd_a__w_1'   [by dut.right.a <- 0]
[           463330244] <dut.left>  WARNING: unstable transition on `fd_a__w_1'   [by dut.left.a <- 0]
[           463531911] <dut.left>  WARNING: unstable transition on `fd_a__w_1'   [by dut.left.a <- 0]
[           463584733] <dut.left>  WARNING: unstable transition on `fd_a__w_1'   [by dut.left.a <- 0]
[           463990698] <dut.right>  WARNING: unstable transition on `fd_a__w_1'   [by dut.right.a <- 0]
[           464095848] <dut.right>  WARNING: unstable transition on `fd_a__w_1'   [by dut.right.a <- 0]
[           464209763] <dut.left>  WARNING: unstable transition on `fd_a__w_1'   [by dut.left.a <- 0]
[           464388291] <dut.root>  WARNING: unstable transition on `fd_a__w_1'   [by dut.root.a <- 0]
[           464423514] <dut.root>  WARNING: unstable transition on `fd_a__w_1'   [by dut.root.a <- 0]
[           464495877] <dut.root>  WARNING: unstable transition on `fd_a__w_1'   [by dut.root.a <- 0]
[           464573021] <dut.root>  WARNING: unstable transition on `fd_a__w_1'   [by dut.root.a <- 0]
[           464701093] <dut.left>  WARNING: unstable transition on `fd_a__w_1'   [by dut.left.a <- 0]
[           464874360] <dut.root>  WARNING: unstable transition on `fd_a__w_1'   [by dut.root.a <- 0]
[           464934379] <dut.right>  WARNING: unstable transition on `fd_a__w_1'   [by dut.right.a <- 0]
[           464954438] <dut.root>  WARNING: unstable transition on `fd_a__w_1'   [by dut.root.a <- 0]
[           464965709] <dut.root>  WARNING: unstable transition on `fd_a__w_1'   [by dut.root.a <- 0]
[           465287867] <dut.root>  WARNING: unstable transition on `fd_a__w_1'   [by dut.root.a <- 0]
[           465296187] <dut.right>  WARNING: unstable transition on `fd_a__w_1'   [by dut.right.a <- 0]
[           465464470] <dut.left>  WARNING: unstable transition on `fd_a__w_1'   [by dut.left.a <- 0]
[           466242122] <dut.root>  WARNING: unstable transition on `fd_a__w_1'   [by dut.root.a <- 0]
[           466374434] <dut.root>  WARNING: unstable transition on `fd_a__w_1'   [by dut.root.a <- 0]
[           467053822] <dut.right>  WARNING: unstable transition on `fd_a__w_1'   [by dut.right.a <- 0]
[           467172571] <dut.root>  WARNING: unstable transition on `fd_a__w_1'   [by dut.root.a <- 0]
[           467192099] <dut.root>  WARNING: unstable transition on `fd_a__w_1'   [by dut.root.a <- 0]
[           467276031] <dut.root>  WARNING: unstable transition on `fd_a__w_1'   [by dut.root.a <- 0]
[           467634169] <dut.right>  WARNING: unstable transition on `fd_a__w_1'   [by dut.right.a <- 0]
[           467945816] <dut.right>  WARNING: unstable transition on `fd_a__w_1'   [by dut.right.a <- 0]
[           467985412] <dut.right>  WARNING: unstable transition on `fd_a__w_1'   [by dut.right.a <- 0]
[           468259929] <dut.root>  WARNING: unstable transition on `fd_a__w_1'   [by dut.root.a <- 0]
[           468317499] <dut.root>  WARNING: unstable transition on `fd_a__w_1'   [by dut.root.a <- 0]
[           468458815] <dut.left>  WARNING: unstable transition on `fd_a__w_1'   [by dut.left.a <- 0]
[           468633387] <dut.root>  WARNING: unstable transition on `fd_a__w_1'   [by dut.root.a <- 0]
[           468738504] <dut.root>  WARNING: unstable transition on `fd_a__w_1'   [by dut.root.a <- 0]
[           468826486] <dut.right>  WARNING: unstable transition on `fd_a__w_1'   [by dut.right.a <- 0]
[           469025303] <dut.right>  WARNING: unstable transition on `fd_a__w_1'   [by dut.right.a <- 0]
[           469303964] <dut.root>  WARNING: unstable transition on `fd_a__w_1'   [by dut.root.a <- 0]
[           469574849] <dut.root>  WARNING: unstable transition on `fd_a__w_1'   [by dut.root.a <- 0]
[           469857331] <dut.root>  WARNING: unstable transition on `fd_a__w_1'   [by dut.root.a <- 0]
[           470280433] <dut.left>  WARNING: unstable transition on `fd_a__w_1'   [by dut.left.a <- 0]
[           470496711] <dut.root>  WARNING: unstable transition on `fd_a__w_1'   [by dut.root.a <- 0]
[           470682574] <dut.root>  WARNING: unstable transition on `fd_a__w_1'   [by dut.root.a <- 0]
[           471169383] <dut.right>  WARNING: unstable transition on `fd_a__w_1'   [by dut.right.a <- 0]
[           471645220] <dut.right>  WARNING: unstable transition on `fd_a__w_1'   [by dut.right.a <- 0]
[           471906005] <dut.left>  WARNING: unstable transition on `fd_a__w_1'   [by dut.left.a <- 0]
[           471968009] <dut.root>  WARNING: unstable transition on `fd_a__w_1'   [by dut.root.a <- 0]
[           471999198] <dut.left>  WARNING: unstable transition on `fd_a__w_1'   [by dut.left.a <- 0]
[           472061999] <dut.root>  WARNING: unstable transition on `fd_a__w_1'   [by dut.root.a <- 0]
[           472236335] <dut.root>  WARNING: unstable transition on `fd_a__w_1'   [by dut.root.a <- 0]
[           472302245] <dut.root>  WARNING: unstable transition on `fd_a__w_1'   [by dut.root.a <- 0]
[           472530986] <dut.left>  WARNING: unstable transition on `fd_a__w_1'   [by dut.left.a <- 0]
[           472600158] <dut.root>  WARNING: unstable transition on `fd_a__w_1'   [by dut.root.a <- 0]
[           473458118] <dut.root>  WARNING: unstable transition on `fd_a__w_1'   [by dut.root.a <- 0]
[           473538520] <dut.left>  WARNING: unstable transition on `fd_a__w_1'   [by dut.left.a <- 0]
[           473642653] <dut.root>  WARNING: unstable transition on `fd_a__w_1'   [by dut.root.a <- 0]
[           473933634] <dut.left>  WARNING: unstable transition on `fd_a__w_1'   [by dut.left.a <- 0]
[           474150607] <dut.root>  WARNING: unstable transition on `fd_a__w_1'   [by dut.root.a <- 0]
[           474377999] <dut.root>  WARNING: unstable transition on `fd_a__w_1'   [by dut.root.a <- 0]
[           475324079] <dut.root>  WARNING: unstable transition on `fd_a__w_1'   [by dut.root.a <- 0]
[           475709642] <dut.root>  WARNING: unstable transition on `fd_a__w_1'   [by dut.root.a <- 0]
[           475821433] <dut.root>  WARNING: unstable transition on `fd_a__w_1'   [by dut.root.a <- 0]
[           475830184] <dut.root>  WARNING: unstable transition on `fd_a__w_1'   [by dut.root.a <- 0]
[           476263433] <dut.root>  WARNING: unstable transition on `fd_a__w_1'   [by dut.root.a <- 0]
[           476496180] <dut.right>  WARNING: unstable transition on `fd_a__w_1'   [by dut.right.a <- 0]
[           476693818] <dut.right>  WARNING: unstable transition on `fd_a__w_1'   [by dut.right.a <- 0]
[           476769455] <dut.root>  WARNING: unstable transition on `fd_a__w_1'   [by dut.root.a <- 0]
[           477108935] <dut.root>  WARNING: unstable transition on `fd_a__w_1'   [by dut.root.a <- 0]
[           477391194] <dut.left>  WARNING: unstable transition on `fd_a__w_1'   [by dut.left.a <- 0]
[           477663473] <dut.right>  WARNING: unstable transition on `fd_a__w_1'   [by dut.right.a <- 0]
[           477684659] <dut.root>  WARNING: unstable transition on `fd_a__w_1'   [by dut.root.a <- 0]
[           478166927] <dut.left>  WARNING: unstable transition on `fd_a__w_1'   [by dut.left.a <- 0]
[           478738416] <dut.root>  WARNING: unstable transition on `fd_a__w_1'   [by dut.root.a <- 0]
[           478881610] <dut.left>  WARNING: unstable transition on `fd_a__w_1'   [by dut.left.a <- 0]
[           479346191] <dut.root>  WARNING: unstable transition on `fd_a__w_1'   [by dut.root.a <- 0]
[           479624932] <dut.right>  WARNING: unstable transition on `fd_a__w_1'   [by dut.right.a <- 0]
[           480000889] <dut.root>  WARNING: unstable transition on `fd_a__w_1'   [by dut.root.a <- 0]
[           480061744] <dut.root>  WARNING: unstable transition on `fd_a__w_1'   [by dut.root.a <- 0]
[           480065917] <dut.left>  WARNING: unstable transition on `fd_a__w_1'   [by dut.left.a <- 0]
[           480963308] <dut.right>  WARNING: unstable transition on `fd_a__w_1'   [by dut.right.a <- 0]
[           481127666] <dut.root>  WARNING: unstable transition on `fd_a__w_1'   [by dut.root.a <- 0]
[           481251510] <dut.root>  WARNING: unstable transition on `fd_a__w_1'   [by dut.root.a <- 0]
[           481492952] <dut.left>  WARNING: unstable transition on `fd_a__w_1'   [by dut.left.a <- 0]
[           482054702] <dut.left>  WARNING: unstable transition on `fd_a__w_1'   [by dut.left.a <- 0]
[           482153125] <dut.root>  WARNING: unstable transition on `fd_a__w_1'   [by dut.root.a <- 0]
[           482435189] <dut.left>  WARNING: unstable transition on `fd_a__w_1'   [by dut.left.a <- 0]
[           482576103] <dut.root>  WARNING: unstable transition on `fd_a__w_1'   [by dut.root.a <- 0]
[           482733729] <dut.right>  WARNING: unstable transition on `fd_a__w_1'   [by dut.right.a <- 0]
[           482835961] <dut.root>  WARNING: unstable transition on `fd_a__w_1'   [by dut.root.a <- 0]
[           482908507] <dut.root>  WARNING: unstable transition on `fd_a__w_1'   [by dut.root.a <- 0]
[           483041436] <dut.right>  WARNING: unstable transition on `fd_a__w_1'   [by dut.right.a <- 0]
[           483185836] <dut.right>  WARNING: unstable transition on `fd_a__w_1'   [by dut.right.a <- 0]
[           483214729] <dut.root>  WARNING: unstable transition on `fd_a__w_1'   [by dut.root.a <- 0]
[           483232549] <dut.root>  WARNING: unstable transition on `fd_a__w_1'   [by dut.root.a <- 0]
[           483286171] <dut.root>  WARNING: unstable transition on `fd_a__w_1'   [by dut.root.a <- 0]
[           483352149] <dut.left>  WARNING: unstable transition on `fd_a__w_1'   [by dut.left.a <- 0]
[           483623450] <dut.right>  WARNING: unstable transition on `fd_a__w_1'   [by dut.right.a <- 0]
[           483799227] <dut.root>  WARNING: unstable transition on `fd_a__w_1'   [by dut.root.a <- 0]
[           483966196] <dut.root>  WARNING: unstable transition on `fd_a__w_1'   [by dut.root.a <- 0]
[           484426316] <dut.root>  WARNING: unstable transition on `fd_a__w_1'   [by dut.root.a <- 0]
[           484612232] <dut.root>  WARNING: unstable transition on `fd_a__w_1'   [by dut.root.a <- 0]
[           485004813] <dut.root>  WARNING: unstable transition on `fd_a__w_1'   [by dut.root.a <- 0]
[           485112779] <dut.left>  WARNING: unstable transition on `fd_a__w_1'   [by dut.left.a <- 0]
[           485137537] <dut.root>  WARNING: unstable transition on `fd_a__w_1'   [by dut.root.a <- 0]
[           485450252] <dut.root>  WARNING: unstable transition on `fd_a__w_1'   [by dut.root.a <- 0]
[           485634956] <dut.root>  WARNING: unstable transition on `fd_a__w_1'   [by dut.root.a <- 0]
[           485704206] <dut.right>  WARNING: unstable transition on `fd_a__w_1'   [by dut.right.a <- 0]
[           485736955] <dut.left>  WARNING: unstable transition on `fd_a__w_1'   [by dut.left.a <- 0]
[           485926866] <dut.right>  WARNING: unstable transition on `fd_a__w_1'   [by dut.right.a <- 0]
[           486480135] <dut.left>  WARNING: unstable transition on `fd_a__w_1'   [by dut.left.a <- 0]
[           486491193] <dut.root>  WARNING: unstable transition on `fd_a__w_1'   [by dut.root.a <- 0]
[           486936411] <dut.root>  WARNING: unstable transition on `fd_a__w_1'   [by dut.root.a <- 0]
[           487189673] <dut.root>  WARNING: unstable transition on `fd_a__w_1'   [by dut.root.a <- 0]
[           487274767] <dut.root>  WARNING: unstable transition on `fd_a__w_1'   [by dut.root.a <- 0]
[           487549265] <dut.right>  WARNING: unstable transition on `fd_a__w_1'   [by dut.right.a <- 0]
[           487561979] <dut.right>  WARNING: unstable transition on `fd_a__w_1'   [by dut.right.a <- 0]
[           487779150] <dut.root>  WARNING: unstable transition on `fd_a__w_1'   [by dut.root.a <- 0]
[           487794995] <dut.root>  WARNING: unstable transition on `fd_a__w_1'   [by dut.root.a <- 0]
[           487857516] <dut.left>  WARNING: unstable transition on `fd_a__w_1'   [by dut.left.a <- 0]
[           488101047] <dut.root>  WARNING: unstable transition on `fd_a__w_1'   [by dut.root.a <- 0]
[           488296890] <dut.root>  WARNING: unstable transition on `fd_a__w_1'   [by dut.root.a <- 0]
[           488410432] <dut.root>  WARNING: unstable transition on `fd_a__w_1'   [by dut.root.a <- 0]
[           488530345] <dut.right>  WARNING: unstable transition on `fd_a__w_1'   [by dut.right.a <- 0]
[           488555658] <dut.root>  WARNING: unstable transition on `fd_a__w_1'   [by dut.root.a <- 0]
[           488803144] <dut.left>  WARNING: unstable transition on `fd_a__w_1'   [by dut.left.a <- 0]
[           489152208] <dut.right>  WARNING: unstable transition on `fd_a__w_1'   [by dut.right.a <- 0]
[           489214271] <dut.root>  WARNING: unstable transition on `fd_a__w_1'   [by dut.root.a <- 0]
[           489543653] <dut.left>  WARNING: unstable transition on `fd_a__w_1'   [by dut.left.a <- 0]
[           489889979] <dut.right>  WARNING: unstable transition on `fd_a__w_1'   [by dut.right.a <- 0]
[           489972680] <dut.root>  WARNING: unstable transition on `fd_a__w_1'   [by dut.root.a <- 0]
[           490647157] <dut.root>  WARNING: unstable transition on `fd_a__w_1'   [by dut.root.a <- 0]
[           490780604] <dut.root>  WARNING: unstable transition on `fd_a__w_1'   [by dut.root.a <- 0]
[           490959319] <dut.right>  WARNING: unstable transition on `fd_a__w_1'   [by dut.right.a <- 0]
[           491038378] <dut.root>  WARNING: unstable transition on `fd_a__w_1'   [by dut.root.a <- 0]
[           491098851] <dut.root>  WARNING: unstable transition on `fd_a__w_1'   [by dut.root.a <- 0]
[           491101084] <dut.root>  WARNING: unstable transition on `fd_a__w_1'   [by dut.root.a <- 0]
[           491247081] <dut.root>  WARNING: unstable transition on `fd_a__w_1'   [by dut.root.a <- 0]
[           491561565] <dut.right>  WARNING: unstable transition on `fd_a__w_1'   [by dut.right.a <- 0]
[           491599288] <dut.root>  WARNING: unstable transition on `fd_a__w_1'   [by dut.root.a <- 0]
[           491834925] <dut.root>  WARNING: unstable transition on `fd_a__w_1'   [by dut.root.a <- 0]
[           491847703] <dut.left>  WARNING: unstable transition on `fd_a__w_1'   [by dut.left.a <- 0]
[           492284882] <dut.root>  WARNING: unstable transition on `fd_a__w_1'   [by dut.root.a <- 0]
[           492465120] <dut.left>  WARNING: unstable transition on `fd_a__w_1'   [by dut.left.a <- 0]
[           492505858] <dut.root>  WARNING: unstable transition on `fd_a__w_1'   [by dut.root.a <- 0]
[           492879463] <dut.right>  WARNING: unstable transition on `fd_a__w_1'   [by dut.right.a <- 0]
[           493152238] <dut.root>  WARNING: unstable transition on `fd_a__w_1'   [by dut.root.a <- 0]
[           493375411] <dut.left>  WARNING: unstable transition on `fd_a__w_1'   [by dut.left.a <- 0]
[           493635722] <dut.right>  WARNING: unstable transition on `fd_a__w_1'   [by dut.right.a <- 0]
[           493802308] <dut.root>  WARNING: unstable transition on `fd_a__w_1'   [by dut.root.a <- 0]
[           493882100] <dut.root>  WARNING: unstable transition on `fd_a__w_1'   [by dut.root.a <- 0]
[           494068370] <dut.root>  WARNING: unstable transition on `fd_a__w_1'   [by dut.root.a <- 0]
[           494343988] <dut.left>  WARNING: unstable transition on `fd_a__w_1'   [by dut.left.a <- 0]
[           494738308] <dut.right>  WARNING: unstable transition on `fd_a__w_1'   [by dut.right.a <- 0]
[           495045414] <dut.left>  WARNING: unstable transition on `fd_a__w_1'   [by dut.left.a <- 0]
[           495399329] <dut.right>  WARNING: unstable transition on `fd_a__w_1'   [by dut.right.a <- 0]
[           495540745] <dut.left>  WARNING: unstable transition on `fd_a__w_1'   [by dut.left.a <- 0]
[           496071632] <dut.root>  WARNING: unstable transition on `fd_a__w_1'   [by dut.root.a <- 0]
[           496408086] <dut.right>  WARNING: unstable transition on `fd_a__w_1'   [by dut.right.a <- 0]
[           496735094] <dut.root>  WARNING: unstable transition on `fd_a__w_1'   [by dut.root.a <- 0]
[           496793710] <dut.right>  WARNING: unstable transition on `fd_a__w_1'   [by dut.right.a <- 0]
[           496859095] <dut.root>  WARNING: unstable transition on `fd_a__w_1'   [by dut.root.a <- 0]
[           496886782] <dut.root>  WARNING: unstable transition on `fd_a__w_1'   [by dut.root.a <- 0]
[           496940865] <dut.root>  WARNING: unstable transition on `fd_a__w_1'   [by dut.root.a <- 0]
[           496954327] <dut.root>  WARNING: unstable transition on `fd_a__w_1'   [by dut.root.a <- 0]
[           497504542] <dut.left>  WARNING: unstable transition on `fd_a__w_1'   [by dut.left.a <- 0]
[           497636177] <dut.root>  WARNING: unstable transition on `fd_a__w_1'   [by dut.root.a <- 0]
[           497642400] <dut.right>  WARNING: unstable transition on `fd_a__w_1'   [by dut.right.a <- 0]
[           497902553] <dut.left>  WARNING: unstable transition on `fd_a__w_1'   [by dut.left.a <- 0]
[           498093345] <dut.right>  WARNING: unstable transition on `fd_a__w_1'   [by dut.right.a <- 0]
[           498518086] <dut.left>  WARNING: unstable transition on `fd_a__w_1'   [by dut.left.a <- 0]
[           498853890] <dut.left>  WARNING: unstable transition on `fd_a__w_1'   [by dut.left.a <- 0]
[           499144395] <dut.left>  WARNING: unstable transition on `fd_a__w_1'   [by dut.left.a <- 0]
[           499258436] <dut.right>  WARNING: unstable transition on `fd_a__w_1'   [by dut.right.a <- 0]
[           499298747] <dut.root>  WARNING: unstable transition on `fd_a__w_1'   [by dut.root.a <- 0]
[           499361350] <dut.right>  WARNING: unstable transition on `fd_a__w_1'   [by dut.right.a <- 0]
[           499566232] <dut.root>  WARNING: unstable transition on `fd_a__w_1'   [by dut.root.a <- 0]
[           499812771] <dut.right>  WARNING: unstable transition on `fd_a__w_1'   [by dut.right.a <- 0]
[           499814790] <dut.right>  WARNING: unstable transition on `fd_a__w_1'   [by dut.right.a <- 0]
TB_STRESS_END 500009999
[           500018052] <driver>  PASSED: rounds=37664
TB_FINAL
done: 1
fail: 0
rounds: 37664  (0x9320)
TB_X_BEGIN
TB_X_END
