WARNING: TbFailure<2>: substituting chp model (requested prs, not found)
WARNING: InputRouterDriver<>: substituting chp model (requested prs, not found)
TB_RANDOM_CHOICE off
TB_WARNING_POLICY resume-on-warn
TB_STRESS_BEGIN 10000
[              109116] <dut>  WARNING: unstable transition on `fd_a__p'   [by dut.a <- 0]
[              154938] <dut>  WARNING: unstable transition on `fd_a__p'   [by dut.a <- 0]
[              285533] <dut>  WARNING: unstable transition on `fd_a__p'   [by dut.a <- 0]
[              463766] <dut>  WARNING: unstable transition on `fd_a__p'   [by dut.a <- 0]
[              668040] <dut>  WARNING: unstable transition on `fd_a__p'   [by dut.a <- 0]
[              715894] <dut>  WARNING: unstable transition on `fd_a__p'   [by dut.a <- 0]
[              813340] <dut>  WARNING: unstable transition on `fd_a__p'   [by dut.a <- 0]
[              913748] <dut>  WARNING: unstable transition on `fd_a__p'   [by dut.a <- 0]
[              968431] <dut>  WARNING: unstable transition on `fd_a__p'   [by dut.a <- 0]
[             1325752] <dut>  WARNING: unstable transition on `fd_a__p'   [by dut.a <- 0]
[             1372889] <dut>  WARNING: unstable transition on `fd_a__p'   [by dut.a <- 0]
[             1405343] <dut>  WARNING: unstable transition on `fd_a__p'   [by dut.a <- 0]
[             1679194] <dut>  WARNING: unstable transition on `fd_a__p'   [by dut.a <- 0]
[             2269362] <dut>  WARNING: unstable transition on `fd_a__p'   [by dut.a <- 0]
[             2458327] <dut>  WARNING: unstable transition on `fd_a__p'   [by dut.a <- 0]
[             2855576] <dut>  WARNING: unstable transition on `fd_a__p'   [by dut.a <- 0]
[             2957069] <dut>  WARNING: unstable transition on `fd_a__p'   [by dut.a <- 0]
[             3200945] <dut>  WARNING: unstable transition on `fd_a__p'   [by dut.a <- 0]
[             3541043] <dut>  WARNING: unstable transition on `fd_a__p'   [by dut.a <- 0]
[             4186679] <dut>  WARNING: unstable transition on `fd_a__p'   [by dut.a <- 0]
[             4227224] <dut>  WARNING: unstable transition on `fd_a__p'   [by dut.a <- 0]
[             5125823] <dut>  WARNING: unstable transition on `fd_a__p'   [by dut.a <- 0]
[             5185038] <dut>  WARNING: unstable transition on `fd_a__p'   [by dut.a <- 0]
[             5215844] <dut>  WARNING: unstable transition on `fd_a__p'   [by dut.a <- 0]
[             5226154] <dut>  WARNING: unstable transition on `fd_a__p'   [by dut.a <- 0]
[             5452499] <dut>  WARNING: unstable transition on `fd_a__p'   [by dut.a <- 0]
[             6179968] <dut>  WARNING: unstable transition on `fd_a__p'   [by dut.a <- 0]
[             6235091] <dut>  WARNING: unstable transition on `fd_a__p'   [by dut.a <- 0]
[             6570578] <dut>  WARNING: unstable transition on `fd_a__p'   [by dut.a <- 0]
[             6806213] <dut>  WARNING: unstable transition on `fd_a__p'   [by dut.a <- 0]
[             6907811] <dut>  WARNING: unstable transition on `fd_a__p'   [by dut.a <- 0]
[             7134046] <dut>  WARNING: unstable transition on `fd_a__p'   [by dut.a <- 0]
[             7231811] <dut>  WARNING: unstable transition on `fd_a__p'   [by dut.a <- 0]
[             7368604] <dut>  WARNING: unstable transition on `fd_a__p'   [by dut.a <- 0]
[             8008391] <dut>  WARNING: unstable transition on `fd_a__p'   [by dut.a <- 0]
[             8217074] <dut>  WARNING: unstable transition on `fd_a__p'   [by dut.a <- 0]
[             8248891] <dut>  WARNING: unstable transition on `fd_a__p'   [by dut.a <- 0]
[             8951724] <dut>  WARNING: unstable transition on `fd_a__p'   [by dut.a <- 0]
[             9006173] <dut>  WARNING: unstable transition on `fd_a__p'   [by dut.a <- 0]
[             9304075] <dut>  WARNING: unstable transition on `fd_a__p'   [by dut.a <- 0]
[             9341485] <dut>  WARNING: unstable transition on `fd_a__p'   [by dut.a <- 0]
[             9402778] <dut>  WARNING: unstable transition on `fd_a__p'   [by dut.a <- 0]
[             9494578] <dut>  WARNING: unstable transition on `fd_a__p'   [by dut.a <- 0]
[             9508298] <dut>  WARNING: unstable transition on `fd_a__p'   [by dut.a <- 0]
[             9588027] <dut>  WARNING: unstable transition on `fd_a__p'   [by dut.a <- 0]
[             9867586] <dut>  WARNING: unstable transition on `fd_a__p'   [by dut.a <- 0]
[            10051714] <dut>  WARNING: unstable transition on `fd_a__p'   [by dut.a <- 0]
[            10462670] <dut>  WARNING: unstable transition on `fd_a__p'   [by dut.a <- 0]
[            10475083] <dut>  WARNING: unstable transition on `fd_a__p'   [by dut.a <- 0]
[            10791428] <dut>  WARNING: unstable transition on `fd_a__p'   [by dut.a <- 0]
[            10995328] <dut>  WARNING: unstable transition on `fd_a__p'   [by dut.a <- 0]
[            11366564] <dut>  WARNING: unstable transition on `fd_a__p'   [by dut.a <- 0]
[            11416260] <dut>  WARNING: unstable transition on `fd_a__p'   [by dut.a <- 0]
[            11446997] <dut>  WARNING: unstable transition on `fd_a__p'   [by dut.a <- 0]
[            11453403] <dut>  WARNING: unstable transition on `fd_a__p'   [by dut.a <- 0]
[            11726567] <dut>  WARNING: unstable transition on `fd_a__p'   [by dut.a <- 0]
[            11783371] <dut>  WARNING: unstable transition on `fd_a__p'   [by dut.a <- 0]
[            11797268] <dut>  WARNING: unstable transition on `fd_a__p'   [by dut.a <- 0]
[            11884844] <dut>  WARNING: unstable transition on `fd_a__p'   [by dut.a <- 0]
[            12125810] <dut>  WARNING: unstable transition on `fd_a__p'   [by dut.a <- 0]
[            12132574] <dut>  WARNING: unstable transition on `fd_a__p'   [by dut.a <- 0]
[            12516091] <dut>  WARNING: unstable transition on `fd_a__p'   [by dut.a <- 0]
[            12729207] <dut>  WARNING: unstable transition on `fd_a__p'   [by dut.a <- 0]
[            12870068] <dut>  WARNING: unstable transition on `fd_a__p'   [by dut.a <- 0]
[            12970478] <dut>  WARNING: unstable transition on `fd_a__p'   [by dut.a <- 0]
[            13004410] <dut>  WARNING: unstable transition on `fd_a__p'   [by dut.a <- 0]
[            13314984] <dut>  WARNING: unstable transition on `fd_a__p'   [by dut.a <- 0]
[            13335494] <dut>  WARNING: unstable transition on `fd_a__p'   [by dut.a <- 0]
[            13438658] <dut>  WARNING: unstable transition on `fd_a__p'   [by dut.a <- 0]
[            13721066] <dut>  WARNING: unstable transition on `fd_a__p'   [by dut.a <- 0]
[            13795771] <dut>  WARNING: unstable transition on `fd_a__p'   [by dut.a <- 0]
[            14574533] <dut>  WARNING: unstable transition on `fd_a__p'   [by dut.a <- 0]
[            15046645] <dut>  WARNING: unstable transition on `fd_a__p'   [by dut.a <- 0]
[            15047714] <dut>  WARNING: unstable transition on `fd_a__p'   [by dut.a <- 0]
[            15230738] <dut>  WARNING: unstable transition on `fd_a__p'   [by dut.a <- 0]
[            15368442] <dut>  WARNING: unstable transition on `fd_a__p'   [by dut.a <- 0]
[            15481474] <dut>  WARNING: unstable transition on `fd_a__p'   [by dut.a <- 0]
[            15713818] <dut>  WARNING: unstable transition on `fd_a__p'   [by dut.a <- 0]
[            15763457] <dut>  WARNING: unstable transition on `fd_a__p'   [by dut.a <- 0]
[            15903004] <dut>  WARNING: unstable transition on `fd_a__p'   [by dut.a <- 0]
[            15999760] <dut>  WARNING: unstable transition on `fd_a__p'   [by dut.a <- 0]
[            16335533] <dut>  WARNING: unstable transition on `fd_a__p'   [by dut.a <- 0]
[            16880554] <dut>  WARNING: unstable transition on `fd_a__p'   [by dut.a <- 0]
[            16916801] <dut>  WARNING: unstable transition on `fd_a__p'   [by dut.a <- 0]
[            17015003] <dut>  WARNING: unstable transition on `fd_a__p'   [by dut.a <- 0]
[            17179117] <dut>  WARNING: unstable transition on `fd_a__p'   [by dut.a <- 0]
[            17356027] <dut>  WARNING: unstable transition on `fd_a__p'   [by dut.a <- 0]
[            17721189] <dut>  WARNING: unstable transition on `fd_a__p'   [by dut.a <- 0]
[            17986951] <dut>  WARNING: unstable transition on `fd_a__p'   [by dut.a <- 0]
[            18031133] <dut>  WARNING: unstable transition on `fd_a__p'   [by dut.a <- 0]
[            18220822] <dut>  WARNING: unstable transition on `fd_a__p'   [by dut.a <- 0]
[            18453554] <dut>  WARNING: unstable transition on `fd_a__p'   [by dut.a <- 0]
[            18861844] <dut>  WARNING: unstable transition on `fd_a__p'   [by dut.a <- 0]
[            19075854] <dut>  WARNING: unstable transition on `fd_a__p'   [by dut.a <- 0]
[            19684534] <dut>  WARNING: unstable transition on `fd_a__p'   [by dut.a <- 0]
[            19821319] <dut>  WARNING: unstable transition on `fd_a__p'   [by dut.a <- 0]
[            19853785] <dut>  WARNING: unstable transition on `fd_a__p'   [by dut.a <- 0]
[            19887924] <dut>  WARNING: unstable transition on `fd_a__p'   [by dut.a <- 0]
[            19919843] <dut>  WARNING: unstable transition on `fd_a__p'   [by dut.a <- 0]
[            20427230] <dut>  WARNING: unstable transition on `fd_a__p'   [by dut.a <- 0]
[            20498362] <dut>  WARNING: unstable transition on `fd_a__p'   [by dut.a <- 0]
[            20525616] <dut>  WARNING: unstable transition on `fd_a__p'   [by dut.a <- 0]
[            20541466] <dut>  WARNING: unstable transition on `fd_a__p'   [by dut.a <- 0]
[            20571400] <dut>  WARNING: unstable transition on `fd_a__p'   [by dut.a <- 0]
[            20705647] <dut>  WARNING: unstable transition on `fd_a__p'   [by dut.a <- 0]
[            20868658] <dut>  WARNING: unstable transition on `fd_a__p'   [by dut.a <- 0]
[            21271205] <dut>  WARNING: unstable transition on `fd_a__p'   [by dut.a <- 0]
[            21312507] <dut>  WARNING: unstable transition on `fd_a__p'   [by dut.a <- 0]
[            21456046] <dut>  WARNING: unstable transition on `fd_a__p'   [by dut.a <- 0]
[            21658175] <dut>  WARNING: unstable transition on `fd_a__p'   [by dut.a <- 0]
[            21757708] <dut>  WARNING: unstable transition on `fd_a__p'   [by dut.a <- 0]
[            22178322] <dut>  WARNING: unstable transition on `fd_a__p'   [by dut.a <- 0]
[            22276450] <dut>  WARNING: unstable transition on `fd_a__p'   [by dut.a <- 0]
[            22362654] <dut>  WARNING: unstable transition on `fd_a__p'   [by dut.a <- 0]
[            22953423] <dut>  WARNING: unstable transition on `fd_a__p'   [by dut.a <- 0]
[            22977299] <dut>  WARNING: unstable transition on `fd_a__p'   [by dut.a <- 0]
[            23649111] <dut>  WARNING: unstable transition on `fd_a__p'   [by dut.a <- 0]
[            23727885] <dut>  WARNING: unstable transition on `fd_a__p'   [by dut.a <- 0]
[            23864568] <dut>  WARNING: unstable transition on `fd_a__p'   [by dut.a <- 0]
[            23900078] <dut>  WARNING: unstable transition on `fd_a__p'   [by dut.a <- 0]
[            24006096] <dut>  WARNING: unstable transition on `fd_a__p'   [by dut.a <- 0]
[            24283101] <dut>  WARNING: unstable transition on `fd_a__p'   [by dut.a <- 0]
[            24575880] <dut>  WARNING: unstable transition on `fd_a__p'   [by dut.a <- 0]
[            25128525] <dut>  WARNING: unstable transition on `fd_a__p'   [by dut.a <- 0]
[            25361412] <dut>  WARNING: unstable transition on `fd_a__p'   [by dut.a <- 0]
[            25615799] <dut>  WARNING: unstable transition on `fd_a__p'   [by dut.a <- 0]
[            25815396] <dut>  WARNING: unstable transition on `fd_a__p'   [by dut.a <- 0]
[            26453059] <dut>  WARNING: unstable transition on `fd_a__p'   [by dut.a <- 0]
[            27283298] <dut>  WARNING: unstable transition on `fd_a__p'   [by dut.a <- 0]
[            27400821] <dut>  WARNING: unstable transition on `fd_a__p'   [by dut.a <- 0]
[            27502029] <dut>  WARNING: unstable transition on `fd_a__p'   [by dut.a <- 0]
[            27531990] <dut>  WARNING: unstable transition on `fd_a__p'   [by dut.a <- 0]
[            28029845] <dut>  WARNING: unstable transition on `fd_a__p'   [by dut.a <- 0]
[            28107529] <dut>  WARNING: unstable transition on `fd_a__p'   [by dut.a <- 0]
[            28230891] <dut>  WARNING: unstable transition on `fd_a__p'   [by dut.a <- 0]
[            28480169] <dut>  WARNING: unstable transition on `fd_a__p'   [by dut.a <- 0]
[            28752984] <dut>  WARNING: unstable transition on `fd_a__p'   [by dut.a <- 0]
[            28851217] <dut>  WARNING: unstable transition on `fd_a__p'   [by dut.a <- 0]
[            28868464] <dut>  WARNING: unstable transition on `fd_a__p'   [by dut.a <- 0]
[            29045664] <dut>  WARNING: unstable transition on `fd_a__p'   [by dut.a <- 0]
[            29252881] <dut>  WARNING: unstable transition on `fd_a__p'   [by dut.a <- 0]
[            29314625] <dut>  WARNING: unstable transition on `fd_a__p'   [by dut.a <- 0]
[            29543554] <dut>  WARNING: unstable transition on `fd_a__p'   [by dut.a <- 0]
[            30012683] <dut>  WARNING: unstable transition on `fd_a__p'   [by dut.a <- 0]
[            30043818] <dut>  WARNING: unstable transition on `fd_a__p'   [by dut.a <- 0]
[            30872198] <dut>  WARNING: unstable transition on `fd_a__p'   [by dut.a <- 0]
[            30945841] <dut>  WARNING: unstable transition on `fd_a__p'   [by dut.a <- 0]
[            31921877] <dut>  WARNING: unstable transition on `fd_a__p'   [by dut.a <- 0]
[            32505520] <dut>  WARNING: unstable transition on `fd_a__p'   [by dut.a <- 0]
[            32808463] <dut>  WARNING: unstable transition on `fd_a__p'   [by dut.a <- 0]
[            33436896] <dut>  WARNING: unstable transition on `fd_a__p'   [by dut.a <- 0]
[            33559645] <dut>  WARNING: unstable transition on `fd_a__p'   [by dut.a <- 0]
[            33563221] <dut>  WARNING: unstable transition on `fd_a__p'   [by dut.a <- 0]
[            33746418] <dut>  WARNING: unstable transition on `fd_a__p'   [by dut.a <- 0]
[            33917716] <dut>  WARNING: unstable transition on `fd_a__p'   [by dut.a <- 0]
[            34007818] <dut>  WARNING: unstable transition on `fd_a__p'   [by dut.a <- 0]
[            34420112] <dut>  WARNING: unstable transition on `fd_a__p'   [by dut.a <- 0]
[            34525672] <dut>  WARNING: unstable transition on `fd_a__p'   [by dut.a <- 0]
[            34743020] <dut>  WARNING: unstable transition on `fd_a__p'   [by dut.a <- 0]
[            35020818] <dut>  WARNING: unstable transition on `fd_a__p'   [by dut.a <- 0]
[            35065916] <dut>  WARNING: unstable transition on `fd_a__p'   [by dut.a <- 0]
[            35111238] <dut>  WARNING: unstable transition on `fd_a__p'   [by dut.a <- 0]
[            35345541] <dut>  WARNING: unstable transition on `fd_a__p'   [by dut.a <- 0]
[            35390763] <dut>  WARNING: unstable transition on `fd_a__p'   [by dut.a <- 0]
[            35450645] <dut>  WARNING: unstable transition on `fd_a__p'   [by dut.a <- 0]
[            35594599] <dut>  WARNING: unstable transition on `fd_a__p'   [by dut.a <- 0]
[            35688980] <dut>  WARNING: unstable transition on `fd_a__p'   [by dut.a <- 0]
[            35849375] <dut>  WARNING: unstable transition on `fd_a__p'   [by dut.a <- 0]
[            36309558] <dut>  WARNING: unstable transition on `fd_a__p'   [by dut.a <- 0]
[            36328150] <dut>  WARNING: unstable transition on `fd_a__p'   [by dut.a <- 0]
[            36751450] <dut>  WARNING: unstable transition on `fd_a__p'   [by dut.a <- 0]
[            36881631] <dut>  WARNING: unstable transition on `fd_a__p'   [by dut.a <- 0]
[            37090673] <dut>  WARNING: unstable transition on `fd_a__p'   [by dut.a <- 0]
[            38207826] <dut>  WARNING: unstable transition on `fd_a__p'   [by dut.a <- 0]
[            39092343] <dut>  WARNING: unstable transition on `fd_a__p'   [by dut.a <- 0]
[            39110538] <dut>  WARNING: unstable transition on `fd_a__p'   [by dut.a <- 0]
[            39121297] <dut>  WARNING: unstable transition on `fd_a__p'   [by dut.a <- 0]
[            39590459] <dut>  WARNING: unstable transition on `fd_a__p'   [by dut.a <- 0]
[            39795168] <dut>  WARNING: unstable transition on `fd_a__p'   [by dut.a <- 0]
[            39808022] <dut>  WARNING: unstable transition on `fd_a__p'   [by dut.a <- 0]
[            39898573] <dut>  WARNING: unstable transition on `fd_a__p'   [by dut.a <- 0]
[            39906380] <dut>  WARNING: unstable transition on `fd_a__p'   [by dut.a <- 0]
[            40174379] <dut>  WARNING: unstable transition on `fd_a__p'   [by dut.a <- 0]
[            40216312] <dut>  WARNING: unstable transition on `fd_a__p'   [by dut.a <- 0]
[            40234013] <dut>  WARNING: unstable transition on `fd_a__p'   [by dut.a <- 0]
[            40340587] <dut>  WARNING: unstable transition on `fd_a__p'   [by dut.a <- 0]
[            40452782] <dut>  WARNING: unstable transition on `fd_a__p'   [by dut.a <- 0]
[            40476652] <dut>  WARNING: unstable transition on `fd_a__p'   [by dut.a <- 0]
[            40753524] <dut>  WARNING: unstable transition on `fd_a__p'   [by dut.a <- 0]
[            40810751] <dut>  WARNING: unstable transition on `fd_a__p'   [by dut.a <- 0]
[            40866873] <dut>  WARNING: unstable transition on `fd_a__p'   [by dut.a <- 0]
[            41646075] <dut>  WARNING: unstable transition on `fd_a__p'   [by dut.a <- 0]
[            41727212] <dut>  WARNING: unstable transition on `fd_a__p'   [by dut.a <- 0]
[            42001963] <dut>  WARNING: unstable transition on `fd_a__p'   [by dut.a <- 0]
[            42079179] <dut>  WARNING: unstable transition on `fd_a__p'   [by dut.a <- 0]
[            42460852] <dut>  WARNING: unstable transition on `fd_a__p'   [by dut.a <- 0]
[            42508737] <dut>  WARNING: unstable transition on `fd_a__p'   [by dut.a <- 0]
[            42855519] <dut>  WARNING: unstable transition on `fd_a__p'   [by dut.a <- 0]
[            42951936] <dut>  WARNING: unstable transition on `fd_a__p'   [by dut.a <- 0]
[            43146237] <dut>  WARNING: unstable transition on `fd_a__p'   [by dut.a <- 0]
[            43415894] <dut>  WARNING: unstable transition on `fd_a__p'   [by dut.a <- 0]
[            43464796] <dut>  WARNING: unstable transition on `fd_a__p'   [by dut.a <- 0]
[            43674297] <dut>  WARNING: unstable transition on `fd_a__p'   [by dut.a <- 0]
[            44451086] <dut>  WARNING: unstable transition on `fd_a__p'   [by dut.a <- 0]
[            44919358] <dut>  WARNING: unstable transition on `fd_a__p'   [by dut.a <- 0]
[            45010196] <dut>  WARNING: unstable transition on `fd_a__p'   [by dut.a <- 0]
[            45431155] <dut>  WARNING: unstable transition on `fd_a__p'   [by dut.a <- 0]
[            45832153] <dut>  WARNING: unstable transition on `fd_a__p'   [by dut.a <- 0]
[            45870808] <dut>  WARNING: unstable transition on `fd_a__p'   [by dut.a <- 0]
[            46133226] <dut>  WARNING: unstable transition on `fd_a__p'   [by dut.a <- 0]
[            46165501] <dut>  WARNING: unstable transition on `fd_a__p'   [by dut.a <- 0]
[            46730700] <dut>  WARNING: unstable transition on `fd_a__p'   [by dut.a <- 0]
[            47405387] <dut>  WARNING: unstable transition on `fd_a__p'   [by dut.a <- 0]
[            47501793] <dut>  WARNING: unstable transition on `fd_a__p'   [by dut.a <- 0]
[            47560299] <dut>  WARNING: unstable transition on `fd_a__p'   [by dut.a <- 0]
[            47600076] <dut>  WARNING: unstable transition on `fd_a__p'   [by dut.a <- 0]
[            47918852] <dut>  WARNING: unstable transition on `fd_a__p'   [by dut.a <- 0]
[            48038255] <dut>  WARNING: unstable transition on `fd_a__p'   [by dut.a <- 0]
[            48705565] <dut>  WARNING: unstable transition on `fd_a__p'   [by dut.a <- 0]
[            48746183] <dut>  WARNING: unstable transition on `fd_a__p'   [by dut.a <- 0]
[            48765823] <dut>  WARNING: unstable transition on `fd_a__p'   [by dut.a <- 0]
[            48853969] <dut>  WARNING: unstable transition on `fd_a__p'   [by dut.a <- 0]
[            49239971] <dut>  WARNING: unstable transition on `fd_a__p'   [by dut.a <- 0]
[            49439919] <dut>  WARNING: unstable transition on `fd_a__p'   [by dut.a <- 0]
[            49694127] <dut>  WARNING: unstable transition on `fd_a__p'   [by dut.a <- 0]
[            49930687] <dut>  WARNING: unstable transition on `fd_a__p'   [by dut.a <- 0]
[            49975704] <dut>  WARNING: unstable transition on `fd_a__p'   [by dut.a <- 0]
[            50376809] <dut>  WARNING: unstable transition on `fd_a__p'   [by dut.a <- 0]
[            50456985] <dut>  WARNING: unstable transition on `fd_a__p'   [by dut.a <- 0]
[            50587402] <dut>  WARNING: unstable transition on `fd_a__p'   [by dut.a <- 0]
[            50606889] <dut>  WARNING: unstable transition on `fd_a__p'   [by dut.a <- 0]
[            50686698] <dut>  WARNING: unstable transition on `fd_a__p'   [by dut.a <- 0]
[            50811920] <dut>  WARNING: unstable transition on `fd_a__p'   [by dut.a <- 0]
[            50838629] <dut>  WARNING: unstable transition on `fd_a__p'   [by dut.a <- 0]
[            50933861] <dut>  WARNING: unstable transition on `fd_a__p'   [by dut.a <- 0]
[            50994936] <dut>  WARNING: unstable transition on `fd_a__p'   [by dut.a <- 0]
[            51009782] <dut>  WARNING: unstable transition on `fd_a__p'   [by dut.a <- 0]
[            51211213] <dut>  WARNING: unstable transition on `fd_a__p'   [by dut.a <- 0]
[            51499904] <dut>  WARNING: unstable transition on `fd_a__p'   [by dut.a <- 0]
[            51503219] <dut>  WARNING: unstable transition on `fd_a__p'   [by dut.a <- 0]
[            52048883] <dut>  WARNING: unstable transition on `fd_a__p'   [by dut.a <- 0]
[            52163948] <dut>  WARNING: unstable transition on `fd_a__p'   [by dut.a <- 0]
[            52905573] <dut>  WARNING: unstable transition on `fd_a__p'   [by dut.a <- 0]
[            53009454] <dut>  WARNING: unstable transition on `fd_a__p'   [by dut.a <- 0]
[            53284945] <dut>  WARNING: unstable transition on `fd_a__p'   [by dut.a <- 0]
[            53874219] <dut>  WARNING: unstable transition on `fd_a__p'   [by dut.a <- 0]
[            54215818] <dut>  WARNING: unstable transition on `fd_a__p'   [by dut.a <- 0]
[            55431152] <dut>  WARNING: unstable transition on `fd_a__p'   [by dut.a <- 0]
[            55449771] <dut>  WARNING: unstable transition on `fd_a__p'   [by dut.a <- 0]
[            55519648] <dut>  WARNING: unstable transition on `fd_a__p'   [by dut.a <- 0]
[            55543365] <dut>  WARNING: unstable transition on `fd_a__p'   [by dut.a <- 0]
[            55560855] <dut>  WARNING: unstable transition on `fd_a__p'   [by dut.a <- 0]
[            55935967] <dut>  WARNING: unstable transition on `fd_a__p'   [by dut.a <- 0]
[            56441035] <dut>  WARNING: unstable transition on `fd_a__p'   [by dut.a <- 0]
[            56565606] <dut>  WARNING: unstable transition on `fd_a__p'   [by dut.a <- 0]
[            56736545] <dut>  WARNING: unstable transition on `fd_a__p'   [by dut.a <- 0]
[            56919791] <dut>  WARNING: unstable transition on `fd_a__p'   [by dut.a <- 0]
[            56976849] <dut>  WARNING: unstable transition on `fd_a__p'   [by dut.a <- 0]
[            57488527] <dut>  WARNING: unstable transition on `fd_a__p'   [by dut.a <- 0]
[            57979839] <dut>  WARNING: unstable transition on `fd_a__p'   [by dut.a <- 0]
[            58021230] <dut>  WARNING: unstable transition on `fd_a__p'   [by dut.a <- 0]
[            58121160] <dut>  WARNING: unstable transition on `fd_a__p'   [by dut.a <- 0]
[            58341173] <dut>  WARNING: unstable transition on `fd_a__p'   [by dut.a <- 0]
[            58522149] <dut>  WARNING: unstable transition on `fd_a__p'   [by dut.a <- 0]
[            58551498] <dut>  WARNING: unstable transition on `fd_a__p'   [by dut.a <- 0]
[            58665149] <dut>  WARNING: unstable transition on `fd_a__p'   [by dut.a <- 0]
[            58678536] <dut>  WARNING: unstable transition on `fd_a__p'   [by dut.a <- 0]
[            58801298] <dut>  WARNING: unstable transition on `fd_a__p'   [by dut.a <- 0]
[            58835764] <dut>  WARNING: unstable transition on `fd_a__p'   [by dut.a <- 0]
[            59173550] <dut>  WARNING: unstable transition on `fd_a__p'   [by dut.a <- 0]
[            59889693] <dut>  WARNING: unstable transition on `fd_a__p'   [by dut.a <- 0]
[            59892853] <dut>  WARNING: unstable transition on `fd_a__p'   [by dut.a <- 0]
[            60120482] <dut>  WARNING: unstable transition on `fd_a__p'   [by dut.a <- 0]
[            60453427] <dut>  WARNING: unstable transition on `fd_a__p'   [by dut.a <- 0]
[            60556037] <dut>  WARNING: unstable transition on `fd_a__p'   [by dut.a <- 0]
[            60883093] <dut>  WARNING: unstable transition on `fd_a__p'   [by dut.a <- 0]
[            61011210] <dut>  WARNING: unstable transition on `fd_a__p'   [by dut.a <- 0]
[            61076804] <dut>  WARNING: unstable transition on `fd_a__p'   [by dut.a <- 0]
[            61178242] <dut>  WARNING: unstable transition on `fd_a__p'   [by dut.a <- 0]
[            61182561] <dut>  WARNING: unstable transition on `fd_a__p'   [by dut.a <- 0]
[            61634445] <dut>  WARNING: unstable transition on `fd_a__p'   [by dut.a <- 0]
[            61748990] <dut>  WARNING: unstable transition on `fd_a__p'   [by dut.a <- 0]
[            61799692] <dut>  WARNING: unstable transition on `fd_a__p'   [by dut.a <- 0]
[            62009853] <dut>  WARNING: unstable transition on `fd_a__p'   [by dut.a <- 0]
[            62014789] <dut>  WARNING: unstable transition on `fd_a__p'   [by dut.a <- 0]
[            62703717] <dut>  WARNING: unstable transition on `fd_a__p'   [by dut.a <- 0]
[            62819833] <dut>  WARNING: unstable transition on `fd_a__p'   [by dut.a <- 0]
[            62870806] <dut>  WARNING: unstable transition on `fd_a__p'   [by dut.a <- 0]
[            62894896] <dut>  WARNING: unstable transition on `fd_a__p'   [by dut.a <- 0]
[            63109911] <dut>  WARNING: unstable transition on `fd_a__p'   [by dut.a <- 0]
[            63292387] <dut>  WARNING: unstable transition on `fd_a__p'   [by dut.a <- 0]
[            63612914] <dut>  WARNING: unstable transition on `fd_a__p'   [by dut.a <- 0]
[            64018655] <dut>  WARNING: unstable transition on `fd_a__p'   [by dut.a <- 0]
[            64370972] <dut>  WARNING: unstable transition on `fd_a__p'   [by dut.a <- 0]
[            64406639] <dut>  WARNING: unstable transition on `fd_a__p'   [by dut.a <- 0]
[            64434754] <dut>  WARNING: unstable transition on `fd_a__p'   [by dut.a <- 0]
[            64997772] <dut>  WARNING: unstable transition on `fd_a__p'   [by dut.a <- 0]
[            65119182] <dut>  WARNING: unstable transition on `fd_a__p'   [by dut.a <- 0]
[            65219759] <dut>  WARNING: unstable transition on `fd_a__p'   [by dut.a <- 0]
[            65356026] <dut>  WARNING: unstable transition on `fd_a__p'   [by dut.a <- 0]
[            65399679] <dut>  WARNING: unstable transition on `fd_a__p'   [by dut.a <- 0]
[            65674491] <dut>  WARNING: unstable transition on `fd_a__p'   [by dut.a <- 0]
[            65689735] <dut>  WARNING: unstable transition on `fd_a__p'   [by dut.a <- 0]
[            65915031] <dut>  WARNING: unstable transition on `fd_a__p'   [by dut.a <- 0]
[            66305898] <dut>  WARNING: unstable transition on `fd_a__p'   [by dut.a <- 0]
[            66327022] <dut>  WARNING: unstable transition on `fd_a__p'   [by dut.a <- 0]
[            66422762] <dut>  WARNING: unstable transition on `fd_a__p'   [by dut.a <- 0]
[            66430314] <dut>  WARNING: unstable transition on `fd_a__p'   [by dut.a <- 0]
[            66542876] <dut>  WARNING: unstable transition on `fd_a__p'   [by dut.a <- 0]
[            67726906] <dut>  WARNING: unstable transition on `fd_a__p'   [by dut.a <- 0]
[            67881161] <dut>  WARNING: unstable transition on `fd_a__p'   [by dut.a <- 0]
[            68241638] <dut>  WARNING: unstable transition on `fd_a__p'   [by dut.a <- 0]
[            68588641] <dut>  WARNING: unstable transition on `fd_a__p'   [by dut.a <- 0]
[            68974485] <dut>  WARNING: unstable transition on `fd_a__p'   [by dut.a <- 0]
[            69241811] <dut>  WARNING: unstable transition on `fd_a__p'   [by dut.a <- 0]
[            69680555] <dut>  WARNING: unstable transition on `fd_a__p'   [by dut.a <- 0]
[            69744301] <dut>  WARNING: unstable transition on `fd_a__p'   [by dut.a <- 0]
[            69801089] <dut>  WARNING: unstable transition on `fd_a__p'   [by dut.a <- 0]
[            69925502] <dut>  WARNING: unstable transition on `fd_a__p'   [by dut.a <- 0]
[            70292605] <dut>  WARNING: unstable transition on `fd_a__p'   [by dut.a <- 0]
[            70517435] <dut>  WARNING: unstable transition on `fd_a__p'   [by dut.a <- 0]
[            70624909] <dut>  WARNING: unstable transition on `fd_a__p'   [by dut.a <- 0]
[            70923775] <dut>  WARNING: unstable transition on `fd_a__p'   [by dut.a <- 0]
[            70954205] <dut>  WARNING: unstable transition on `fd_a__p'   [by dut.a <- 0]
[            71609407] <dut>  WARNING: unstable transition on `fd_a__p'   [by dut.a <- 0]
[            71776546] <dut>  WARNING: unstable transition on `fd_a__p'   [by dut.a <- 0]
[            72079316] <dut>  WARNING: unstable transition on `fd_a__p'   [by dut.a <- 0]
[            72111487] <dut>  WARNING: unstable transition on `fd_a__p'   [by dut.a <- 0]
[            72118391] <dut>  WARNING: unstable transition on `fd_a__p'   [by dut.a <- 0]
[            72197771] <dut>  WARNING: unstable transition on `fd_a__p'   [by dut.a <- 0]
[            72203576] <dut>  WARNING: unstable transition on `fd_a__p'   [by dut.a <- 0]
[            72328562] <dut>  WARNING: unstable transition on `fd_a__p'   [by dut.a <- 0]
[            73023890] <dut>  WARNING: unstable transition on `fd_a__p'   [by dut.a <- 0]
[            73192935] <dut>  WARNING: unstable transition on `fd_a__p'   [by dut.a <- 0]
[            73457640] <dut>  WARNING: unstable transition on `fd_a__p'   [by dut.a <- 0]
[            73606490] <dut>  WARNING: unstable transition on `fd_a__p'   [by dut.a <- 0]
[            73797525] <dut>  WARNING: unstable transition on `fd_a__p'   [by dut.a <- 0]
[            73941162] <dut>  WARNING: unstable transition on `fd_a__p'   [by dut.a <- 0]
[            74131155] <dut>  WARNING: unstable transition on `fd_a__p'   [by dut.a <- 0]
[            74262444] <dut>  WARNING: unstable transition on `fd_a__p'   [by dut.a <- 0]
[            74541529] <dut>  WARNING: unstable transition on `fd_a__p'   [by dut.a <- 0]
[            74692099] <dut>  WARNING: unstable transition on `fd_a__p'   [by dut.a <- 0]
[            74823312] <dut>  WARNING: unstable transition on `fd_a__p'   [by dut.a <- 0]
[            75027978] <dut>  WARNING: unstable transition on `fd_a__p'   [by dut.a <- 0]
[            75095636] <dut>  WARNING: unstable transition on `fd_a__p'   [by dut.a <- 0]
[            75495027] <dut>  WARNING: unstable transition on `fd_a__p'   [by dut.a <- 0]
[            75749686] <dut>  WARNING: unstable transition on `fd_a__p'   [by dut.a <- 0]
[            75824350] <dut>  WARNING: unstable transition on `fd_a__p'   [by dut.a <- 0]
[            75854694] <dut>  WARNING: unstable transition on `fd_a__p'   [by dut.a <- 0]
[            75946576] <dut>  WARNING: unstable transition on `fd_a__p'   [by dut.a <- 0]
[            76098177] <dut>  WARNING: unstable transition on `fd_a__p'   [by dut.a <- 0]
[            76129721] <dut>  WARNING: unstable transition on `fd_a__p'   [by dut.a <- 0]
[            76217139] <dut>  WARNING: unstable transition on `fd_a__p'   [by dut.a <- 0]
[            76349825] <dut>  WARNING: unstable transition on `fd_a__p'   [by dut.a <- 0]
[            76455665] <dut>  WARNING: unstable transition on `fd_a__p'   [by dut.a <- 0]
[            76605445] <dut>  WARNING: unstable transition on `fd_a__p'   [by dut.a <- 0]
[            76625646] <dut>  WARNING: unstable transition on `fd_a__p'   [by dut.a <- 0]
[            77141089] <dut>  WARNING: unstable transition on `fd_a__p'   [by dut.a <- 0]
[            77258592] <dut>  WARNING: unstable transition on `fd_a__p'   [by dut.a <- 0]
[            77393607] <dut>  WARNING: unstable transition on `fd_a__p'   [by dut.a <- 0]
[            77410167] <dut>  WARNING: unstable transition on `fd_a__p'   [by dut.a <- 0]
[            78216945] <dut>  WARNING: unstable transition on `fd_a__p'   [by dut.a <- 0]
[            78578894] <dut>  WARNING: unstable transition on `fd_a__p'   [by dut.a <- 0]
[            78772029] <dut>  WARNING: unstable transition on `fd_a__p'   [by dut.a <- 0]
[            78818447] <dut>  WARNING: unstable transition on `fd_a__p'   [by dut.a <- 0]
[            79355290] <dut>  WARNING: unstable transition on `fd_a__p'   [by dut.a <- 0]
[            79533737] <dut>  WARNING: unstable transition on `fd_a__p'   [by dut.a <- 0]
[            79542915] <dut>  WARNING: unstable transition on `fd_a__p'   [by dut.a <- 0]
[            79711036] <dut>  WARNING: unstable transition on `fd_a__p'   [by dut.a <- 0]
[            80076922] <dut>  WARNING: unstable transition on `fd_a__p'   [by dut.a <- 0]
[            81101035] <dut>  WARNING: unstable transition on `fd_a__p'   [by dut.a <- 0]
[            81247604] <dut>  WARNING: unstable transition on `fd_a__p'   [by dut.a <- 0]
[            81284840] <dut>  WARNING: unstable transition on `fd_a__p'   [by dut.a <- 0]
[            81782426] <dut>  WARNING: unstable transition on `fd_a__p'   [by dut.a <- 0]
[            82285780] <dut>  WARNING: unstable transition on `fd_a__p'   [by dut.a <- 0]
[            82394193] <dut>  WARNING: unstable transition on `fd_a__p'   [by dut.a <- 0]
[            82621498] <dut>  WARNING: unstable transition on `fd_a__p'   [by dut.a <- 0]
[            83130042] <dut>  WARNING: unstable transition on `fd_a__p'   [by dut.a <- 0]
[            83215649] <dut>  WARNING: unstable transition on `fd_a__p'   [by dut.a <- 0]
[            83280369] <dut>  WARNING: unstable transition on `fd_a__p'   [by dut.a <- 0]
[            83313092] <dut>  WARNING: unstable transition on `fd_a__p'   [by dut.a <- 0]
[            83690407] <dut>  WARNING: unstable transition on `fd_a__p'   [by dut.a <- 0]
[            83711446] <dut>  WARNING: unstable transition on `fd_a__p'   [by dut.a <- 0]
[            83773333] <dut>  WARNING: unstable transition on `fd_a__p'   [by dut.a <- 0]
[            84700149] <dut>  WARNING: unstable transition on `fd_a__p'   [by dut.a <- 0]
[            84710274] <dut>  WARNING: unstable transition on `fd_a__p'   [by dut.a <- 0]
[            84807854] <dut>  WARNING: unstable transition on `fd_a__p'   [by dut.a <- 0]
[            84814318] <dut>  WARNING: unstable transition on `fd_a__p'   [by dut.a <- 0]
[            85096285] <dut>  WARNING: unstable transition on `fd_a__p'   [by dut.a <- 0]
[            85806416] <dut>  WARNING: unstable transition on `fd_a__p'   [by dut.a <- 0]
[            85975582] <dut>  WARNING: unstable transition on `fd_a__p'   [by dut.a <- 0]
[            86145775] <dut>  WARNING: unstable transition on `fd_a__p'   [by dut.a <- 0]
[            86580662] <dut>  WARNING: unstable transition on `fd_a__p'   [by dut.a <- 0]
[            87367290] <dut>  WARNING: unstable transition on `fd_a__p'   [by dut.a <- 0]
[            87529374] <dut>  WARNING: unstable transition on `fd_a__p'   [by dut.a <- 0]
[            87700538] <dut>  WARNING: unstable transition on `fd_a__p'   [by dut.a <- 0]
[            87946951] <dut>  WARNING: unstable transition on `fd_a__p'   [by dut.a <- 0]
[            88134144] <dut>  WARNING: unstable transition on `fd_a__p'   [by dut.a <- 0]
[            88186513] <dut>  WARNING: unstable transition on `fd_a__p'   [by dut.a <- 0]
[            88315909] <dut>  WARNING: unstable transition on `fd_a__p'   [by dut.a <- 0]
[            88710248] <dut>  WARNING: unstable transition on `fd_a__p'   [by dut.a <- 0]
[            88964625] <dut>  WARNING: unstable transition on `fd_a__p'   [by dut.a <- 0]
[            89107260] <dut>  WARNING: unstable transition on `fd_a__p'   [by dut.a <- 0]
[            89606098] <dut>  WARNING: unstable transition on `fd_a__p'   [by dut.a <- 0]
[            90058545] <dut>  WARNING: unstable transition on `fd_a__p'   [by dut.a <- 0]
[            90449276] <dut>  WARNING: unstable transition on `fd_a__p'   [by dut.a <- 0]
[            90806638] <dut>  WARNING: unstable transition on `fd_a__p'   [by dut.a <- 0]
[            91148354] <dut>  WARNING: unstable transition on `fd_a__p'   [by dut.a <- 0]
[            91460025] <dut>  WARNING: unstable transition on `fd_a__p'   [by dut.a <- 0]
[            91572736] <dut>  WARNING: unstable transition on `fd_a__p'   [by dut.a <- 0]
[            92041791] <dut>  WARNING: unstable transition on `fd_a__p'   [by dut.a <- 0]
[            92451955] <dut>  WARNING: unstable transition on `fd_a__p'   [by dut.a <- 0]
[            93214375] <dut>  WARNING: unstable transition on `fd_a__p'   [by dut.a <- 0]
[            93367209] <dut>  WARNING: unstable transition on `fd_a__p'   [by dut.a <- 0]
[            93436820] <dut>  WARNING: unstable transition on `fd_a__p'   [by dut.a <- 0]
[            93519761] <dut>  WARNING: unstable transition on `fd_a__p'   [by dut.a <- 0]
[            93601402] <dut>  WARNING: unstable transition on `fd_a__p'   [by dut.a <- 0]
[            93707755] <dut>  WARNING: unstable transition on `fd_a__p'   [by dut.a <- 0]
[            93853201] <dut>  WARNING: unstable transition on `fd_a__p'   [by dut.a <- 0]
[            94136000] <dut>  WARNING: unstable transition on `fd_a__p'   [by dut.a <- 0]
[            94346432] <dut>  WARNING: unstable transition on `fd_a__p'   [by dut.a <- 0]
[            94669905] <dut>  WARNING: unstable transition on `fd_a__p'   [by dut.a <- 0]
[            94714568] <dut>  WARNING: unstable transition on `fd_a__p'   [by dut.a <- 0]
[            95028385] <dut>  WARNING: unstable transition on `fd_a__p'   [by dut.a <- 0]
[            95229283] <dut>  WARNING: unstable transition on `fd_a__p'   [by dut.a <- 0]
[            96311254] <dut>  WARNING: unstable transition on `fd_a__p'   [by dut.a <- 0]
[            96450798] <dut>  WARNING: unstable transition on `fd_a__p'   [by dut.a <- 0]
[            96797539] <dut>  WARNING: unstable transition on `fd_a__p'   [by dut.a <- 0]
[            97023497] <dut>  WARNING: unstable transition on `fd_a__p'   [by dut.a <- 0]
[            97084814] <dut>  WARNING: unstable transition on `fd_a__p'   [by dut.a <- 0]
[            97148784] <dut>  WARNING: unstable transition on `fd_a__p'   [by dut.a <- 0]
[            97320707] <dut>  WARNING: unstable transition on `fd_a__p'   [by dut.a <- 0]
[            97627920] <dut>  WARNING: unstable transition on `fd_a__p'   [by dut.a <- 0]
[            97874612] <dut>  WARNING: unstable transition on `fd_a__p'   [by dut.a <- 0]
[            98309864] <dut>  WARNING: unstable transition on `fd_a__p'   [by dut.a <- 0]
[            98539995] <dut>  WARNING: unstable transition on `fd_a__p'   [by dut.a <- 0]
[            98571100] <dut>  WARNING: unstable transition on `fd_a__p'   [by dut.a <- 0]
[            98600751] <dut>  WARNING: unstable transition on `fd_a__p'   [by dut.a <- 0]
[            99088567] <dut>  WARNING: unstable transition on `fd_a__p'   [by dut.a <- 0]
[            99140155] <dut>  WARNING: unstable transition on `fd_a__p'   [by dut.a <- 0]
[            99226274] <dut>  WARNING: unstable transition on `fd_a__p'   [by dut.a <- 0]
[            99374133] <dut>  WARNING: unstable transition on `fd_a__p'   [by dut.a <- 0]
[            99377220] <dut>  WARNING: unstable transition on `fd_a__p'   [by dut.a <- 0]
[            99510552] <dut>  WARNING: unstable transition on `fd_a__p'   [by dut.a <- 0]
[            99614516] <dut>  WARNING: unstable transition on `fd_a__p'   [by dut.a <- 0]
[            99914083] <dut>  WARNING: unstable transition on `fd_a__p'   [by dut.a <- 0]
[            99917272] <dut>  WARNING: unstable transition on `fd_a__p'   [by dut.a <- 0]
[           100044515] <dut>  WARNING: unstable transition on `fd_a__p'   [by dut.a <- 0]
[           100160120] <dut>  WARNING: unstable transition on `fd_a__p'   [by dut.a <- 0]
[           100442255] <dut>  WARNING: unstable transition on `fd_a__p'   [by dut.a <- 0]
[           100568383] <dut>  WARNING: unstable transition on `fd_a__p'   [by dut.a <- 0]
[           101202388] <dut>  WARNING: unstable transition on `fd_a__p'   [by dut.a <- 0]
[           101236387] <dut>  WARNING: unstable transition on `fd_a__p'   [by dut.a <- 0]
[           101302631] <dut>  WARNING: unstable transition on `fd_a__p'   [by dut.a <- 0]
[           101379586] <dut>  WARNING: unstable transition on `fd_a__p'   [by dut.a <- 0]
[           101665183] <dut>  WARNING: unstable transition on `fd_a__p'   [by dut.a <- 0]
[           103014546] <dut>  WARNING: unstable transition on `fd_a__p'   [by dut.a <- 0]
[           103060691] <dut>  WARNING: unstable transition on `fd_a__p'   [by dut.a <- 0]
[           103236248] <dut>  WARNING: unstable transition on `fd_a__p'   [by dut.a <- 0]
[           103699624] <dut>  WARNING: unstable transition on `fd_a__p'   [by dut.a <- 0]
[           104299236] <dut>  WARNING: unstable transition on `fd_a__p'   [by dut.a <- 0]
[           104381904] <dut>  WARNING: unstable transition on `fd_a__p'   [by dut.a <- 0]
[           104472982] <dut>  WARNING: unstable transition on `fd_a__p'   [by dut.a <- 0]
[           105036790] <dut>  WARNING: unstable transition on `fd_a__p'   [by dut.a <- 0]
[           105971187] <dut>  WARNING: unstable transition on `fd_a__p'   [by dut.a <- 0]
[           106564366] <dut>  WARNING: unstable transition on `fd_a__p'   [by dut.a <- 0]
[           106605582] <dut>  WARNING: unstable transition on `fd_a__p'   [by dut.a <- 0]
[           106803229] <dut>  WARNING: unstable transition on `fd_a__p'   [by dut.a <- 0]
[           106829372] <dut>  WARNING: unstable transition on `fd_a__p'   [by dut.a <- 0]
[           106951038] <dut>  WARNING: unstable transition on `fd_a__p'   [by dut.a <- 0]
[           106953209] <dut>  WARNING: unstable transition on `fd_a__p'   [by dut.a <- 0]
[           107074007] <dut>  WARNING: unstable transition on `fd_a__p'   [by dut.a <- 0]
[           107257960] <dut>  WARNING: unstable transition on `fd_a__p'   [by dut.a <- 0]
[           107283592] <dut>  WARNING: unstable transition on `fd_a__p'   [by dut.a <- 0]
[           107809607] <dut>  WARNING: unstable transition on `fd_a__p'   [by dut.a <- 0]
[           107967050] <dut>  WARNING: unstable transition on `fd_a__p'   [by dut.a <- 0]
[           109766530] <dut>  WARNING: unstable transition on `fd_a__p'   [by dut.a <- 0]
[           109800071] <dut>  WARNING: unstable transition on `fd_a__p'   [by dut.a <- 0]
[           110279621] <dut>  WARNING: unstable transition on `fd_a__p'   [by dut.a <- 0]
[           110507206] <dut>  WARNING: unstable transition on `fd_a__p'   [by dut.a <- 0]
[           110652808] <dut>  WARNING: unstable transition on `fd_a__p'   [by dut.a <- 0]
[           110664748] <dut>  WARNING: unstable transition on `fd_a__p'   [by dut.a <- 0]
[           110775534] <dut>  WARNING: unstable transition on `fd_a__p'   [by dut.a <- 0]
[           110886563] <dut>  WARNING: unstable transition on `fd_a__p'   [by dut.a <- 0]
[           110955094] <dut>  WARNING: unstable transition on `fd_a__p'   [by dut.a <- 0]
[           111137054] <dut>  WARNING: unstable transition on `fd_a__p'   [by dut.a <- 0]
[           111198784] <dut>  WARNING: unstable transition on `fd_a__p'   [by dut.a <- 0]
[           111323845] <dut>  WARNING: unstable transition on `fd_a__p'   [by dut.a <- 0]
[           111376576] <dut>  WARNING: unstable transition on `fd_a__p'   [by dut.a <- 0]
[           111687263] <dut>  WARNING: unstable transition on `fd_a__p'   [by dut.a <- 0]
[           111838634] <dut>  WARNING: unstable transition on `fd_a__p'   [by dut.a <- 0]
[           111867003] <dut>  WARNING: unstable transition on `fd_a__p'   [by dut.a <- 0]
[           111951449] <dut>  WARNING: unstable transition on `fd_a__p'   [by dut.a <- 0]
[           112329997] <dut>  WARNING: unstable transition on `fd_a__p'   [by dut.a <- 0]
[           112334276] <dut>  WARNING: unstable transition on `fd_a__p'   [by dut.a <- 0]
[           112446147] <dut>  WARNING: unstable transition on `fd_a__p'   [by dut.a <- 0]
[           112631236] <dut>  WARNING: unstable transition on `fd_a__p'   [by dut.a <- 0]
[           113406332] <dut>  WARNING: unstable transition on `fd_a__p'   [by dut.a <- 0]
[           113442759] <dut>  WARNING: unstable transition on `fd_a__p'   [by dut.a <- 0]
[           113480025] <dut>  WARNING: unstable transition on `fd_a__p'   [by dut.a <- 0]
[           113506750] <dut>  WARNING: unstable transition on `fd_a__p'   [by dut.a <- 0]
[           113729032] <dut>  WARNING: unstable transition on `fd_a__p'   [by dut.a <- 0]
[           113796342] <dut>  WARNING: unstable transition on `fd_a__p'   [by dut.a <- 0]
[           114019795] <dut>  WARNING: unstable transition on `fd_a__p'   [by dut.a <- 0]
[           114037974] <dut>  WARNING: unstable transition on `fd_a__p'   [by dut.a <- 0]
[           114384908] <dut>  WARNING: unstable transition on `fd_a__p'   [by dut.a <- 0]
[           114437733] <dut>  WARNING: unstable transition on `fd_a__p'   [by dut.a <- 0]
[           114492516] <dut>  WARNING: unstable transition on `fd_a__p'   [by dut.a <- 0]
[           115059328] <dut>  WARNING: unstable transition on `fd_a__p'   [by dut.a <- 0]
[           115113963] <dut>  WARNING: unstable transition on `fd_a__p'   [by dut.a <- 0]
[           115594976] <dut>  WARNING: unstable transition on `fd_a__p'   [by dut.a <- 0]
[           115815839] <dut>  WARNING: unstable transition on `fd_a__p'   [by dut.a <- 0]
[           116083672] <dut>  WARNING: unstable transition on `fd_a__p'   [by dut.a <- 0]
[           116224239] <dut>  WARNING: unstable transition on `fd_a__p'   [by dut.a <- 0]
[           116523618] <dut>  WARNING: unstable transition on `fd_a__p'   [by dut.a <- 0]
[           116705440] <dut>  WARNING: unstable transition on `fd_a__p'   [by dut.a <- 0]
[           116734019] <dut>  WARNING: unstable transition on `fd_a__p'   [by dut.a <- 0]
[           116759922] <dut>  WARNING: unstable transition on `fd_a__p'   [by dut.a <- 0]
[           117023580] <dut>  WARNING: unstable transition on `fd_a__p'   [by dut.a <- 0]
[           117332904] <dut>  WARNING: unstable transition on `fd_a__p'   [by dut.a <- 0]
[           117348839] <dut>  WARNING: unstable transition on `fd_a__p'   [by dut.a <- 0]
[           117438197] <dut>  WARNING: unstable transition on `fd_a__p'   [by dut.a <- 0]
[           117462194] <dut>  WARNING: unstable transition on `fd_a__p'   [by dut.a <- 0]
[           117729870] <dut>  WARNING: unstable transition on `fd_a__p'   [by dut.a <- 0]
[           118174843] <dut>  WARNING: unstable transition on `fd_a__p'   [by dut.a <- 0]
[           118213002] <dut>  WARNING: unstable transition on `fd_a__p'   [by dut.a <- 0]
[           118224021] <dut>  WARNING: unstable transition on `fd_a__p'   [by dut.a <- 0]
[           118869222] <dut>  WARNING: unstable transition on `fd_a__p'   [by dut.a <- 0]
[           119480913] <dut>  WARNING: unstable transition on `fd_a__p'   [by dut.a <- 0]
[           119507364] <dut>  WARNING: unstable transition on `fd_a__p'   [by dut.a <- 0]
[           119612197] <dut>  WARNING: unstable transition on `fd_a__p'   [by dut.a <- 0]
[           119815491] <dut>  WARNING: unstable transition on `fd_a__p'   [by dut.a <- 0]
[           119994431] <dut>  WARNING: unstable transition on `fd_a__p'   [by dut.a <- 0]
[           120236319] <dut>  WARNING: unstable transition on `fd_a__p'   [by dut.a <- 0]
[           120601496] <dut>  WARNING: unstable transition on `fd_a__p'   [by dut.a <- 0]
[           120992625] <dut>  WARNING: unstable transition on `fd_a__p'   [by dut.a <- 0]
[           121070987] <dut>  WARNING: unstable transition on `fd_a__p'   [by dut.a <- 0]
[           121123789] <dut>  WARNING: unstable transition on `fd_a__p'   [by dut.a <- 0]
[           121134446] <dut>  WARNING: unstable transition on `fd_a__p'   [by dut.a <- 0]
[           121250210] <dut>  WARNING: unstable transition on `fd_a__p'   [by dut.a <- 0]
[           121336160] <dut>  WARNING: unstable transition on `fd_a__p'   [by dut.a <- 0]
[           121400521] <dut>  WARNING: unstable transition on `fd_a__p'   [by dut.a <- 0]
[           121521209] <dut>  WARNING: unstable transition on `fd_a__p'   [by dut.a <- 0]
[           121562544] <dut>  WARNING: unstable transition on `fd_a__p'   [by dut.a <- 0]
[           121803557] <dut>  WARNING: unstable transition on `fd_a__p'   [by dut.a <- 0]
[           121904114] <dut>  WARNING: unstable transition on `fd_a__p'   [by dut.a <- 0]
[           122025680] <dut>  WARNING: unstable transition on `fd_a__p'   [by dut.a <- 0]
[           122057619] <dut>  WARNING: unstable transition on `fd_a__p'   [by dut.a <- 0]
[           122320565] <dut>  WARNING: unstable transition on `fd_a__p'   [by dut.a <- 0]
[           122357293] <dut>  WARNING: unstable transition on `fd_a__p'   [by dut.a <- 0]
[           122529535] <dut>  WARNING: unstable transition on `fd_a__p'   [by dut.a <- 0]
[           122932463] <dut>  WARNING: unstable transition on `fd_a__p'   [by dut.a <- 0]
[           123095179] <dut>  WARNING: unstable transition on `fd_a__p'   [by dut.a <- 0]
[           123664764] <dut>  WARNING: unstable transition on `fd_a__p'   [by dut.a <- 0]
[           123691795] <dut>  WARNING: unstable transition on `fd_a__p'   [by dut.a <- 0]
[           123924864] <dut>  WARNING: unstable transition on `fd_a__p'   [by dut.a <- 0]
[           124213181] <dut>  WARNING: unstable transition on `fd_a__p'   [by dut.a <- 0]
[           124263299] <dut>  WARNING: unstable transition on `fd_a__p'   [by dut.a <- 0]
[           124515406] <dut>  WARNING: unstable transition on `fd_a__p'   [by dut.a <- 0]
[           124569801] <dut>  WARNING: unstable transition on `fd_a__p'   [by dut.a <- 0]
[           124712380] <dut>  WARNING: unstable transition on `fd_a__p'   [by dut.a <- 0]
[           124850309] <dut>  WARNING: unstable transition on `fd_a__p'   [by dut.a <- 0]
[           124860129] <dut>  WARNING: unstable transition on `fd_a__p'   [by dut.a <- 0]
[           125596546] <dut>  WARNING: unstable transition on `fd_a__p'   [by dut.a <- 0]
[           126279016] <dut>  WARNING: unstable transition on `fd_a__p'   [by dut.a <- 0]
[           126288479] <dut>  WARNING: unstable transition on `fd_a__p'   [by dut.a <- 0]
[           127653365] <dut>  WARNING: unstable transition on `fd_a__p'   [by dut.a <- 0]
[           127883927] <dut>  WARNING: unstable transition on `fd_a__p'   [by dut.a <- 0]
[           128007991] <dut>  WARNING: unstable transition on `fd_a__p'   [by dut.a <- 0]
[           128061767] <dut>  WARNING: unstable transition on `fd_a__p'   [by dut.a <- 0]
[           128236535] <dut>  WARNING: unstable transition on `fd_a__p'   [by dut.a <- 0]
[           128246273] <dut>  WARNING: unstable transition on `fd_a__p'   [by dut.a <- 0]
[           129723241] <dut>  WARNING: unstable transition on `fd_a__p'   [by dut.a <- 0]
[           129784269] <dut>  WARNING: unstable transition on `fd_a__p'   [by dut.a <- 0]
[           129870994] <dut>  WARNING: unstable transition on `fd_a__p'   [by dut.a <- 0]
[           129955522] <dut>  WARNING: unstable transition on `fd_a__p'   [by dut.a <- 0]
[           130085112] <dut>  WARNING: unstable transition on `fd_a__p'   [by dut.a <- 0]
[           130373086] <dut>  WARNING: unstable transition on `fd_a__p'   [by dut.a <- 0]
[           130481377] <dut>  WARNING: unstable transition on `fd_a__p'   [by dut.a <- 0]
[           130684748] <dut>  WARNING: unstable transition on `fd_a__p'   [by dut.a <- 0]
[           130900524] <dut>  WARNING: unstable transition on `fd_a__p'   [by dut.a <- 0]
[           131014514] <dut>  WARNING: unstable transition on `fd_a__p'   [by dut.a <- 0]
[           131132973] <dut>  WARNING: unstable transition on `fd_a__p'   [by dut.a <- 0]
[           131374365] <dut>  WARNING: unstable transition on `fd_a__p'   [by dut.a <- 0]
[           131836699] <dut>  WARNING: unstable transition on `fd_a__p'   [by dut.a <- 0]
[           132130529] <dut>  WARNING: unstable transition on `fd_a__p'   [by dut.a <- 0]
[           132322645] <dut>  WARNING: unstable transition on `fd_a__p'   [by dut.a <- 0]
[           132399202] <dut>  WARNING: unstable transition on `fd_a__p'   [by dut.a <- 0]
[           132525359] <dut>  WARNING: unstable transition on `fd_a__p'   [by dut.a <- 0]
[           132537696] <dut>  WARNING: unstable transition on `fd_a__p'   [by dut.a <- 0]
[           132750690] <dut>  WARNING: unstable transition on `fd_a__p'   [by dut.a <- 0]
[           132759586] <dut>  WARNING: unstable transition on `fd_a__p'   [by dut.a <- 0]
[           132777856] <dut>  WARNING: unstable transition on `fd_a__p'   [by dut.a <- 0]
[           132909857] <dut>  WARNING: unstable transition on `fd_a__p'   [by dut.a <- 0]
[           132986426] <dut>  WARNING: unstable transition on `fd_a__p'   [by dut.a <- 0]
[           133079402] <dut>  WARNING: unstable transition on `fd_a__p'   [by dut.a <- 0]
[           133920854] <dut>  WARNING: unstable transition on `fd_a__p'   [by dut.a <- 0]
[           133935998] <dut>  WARNING: unstable transition on `fd_a__p'   [by dut.a <- 0]
[           134234844] <dut>  WARNING: unstable transition on `fd_a__p'   [by dut.a <- 0]
[           134378563] <dut>  WARNING: unstable transition on `fd_a__p'   [by dut.a <- 0]
[           135296711] <dut>  WARNING: unstable transition on `fd_a__p'   [by dut.a <- 0]
[           135376605] <dut>  WARNING: unstable transition on `fd_a__p'   [by dut.a <- 0]
[           135606809] <dut>  WARNING: unstable transition on `fd_a__p'   [by dut.a <- 0]
[           135761467] <dut>  WARNING: unstable transition on `fd_a__p'   [by dut.a <- 0]
[           136125720] <dut>  WARNING: unstable transition on `fd_a__p'   [by dut.a <- 0]
[           136138184] <dut>  WARNING: unstable transition on `fd_a__p'   [by dut.a <- 0]
[           136235347] <dut>  WARNING: unstable transition on `fd_a__p'   [by dut.a <- 0]
[           136358136] <dut>  WARNING: unstable transition on `fd_a__p'   [by dut.a <- 0]
[           136831833] <dut>  WARNING: unstable transition on `fd_a__p'   [by dut.a <- 0]
[           138038257] <dut>  WARNING: unstable transition on `fd_a__p'   [by dut.a <- 0]
[           138112082] <dut>  WARNING: unstable transition on `fd_a__p'   [by dut.a <- 0]
[           138168580] <dut>  WARNING: unstable transition on `fd_a__p'   [by dut.a <- 0]
[           138377411] <dut>  WARNING: unstable transition on `fd_a__p'   [by dut.a <- 0]
[           138561571] <dut>  WARNING: unstable transition on `fd_a__p'   [by dut.a <- 0]
[           138645740] <dut>  WARNING: unstable transition on `fd_a__p'   [by dut.a <- 0]
[           139037904] <dut>  WARNING: unstable transition on `fd_a__p'   [by dut.a <- 0]
[           139259033] <dut>  WARNING: unstable transition on `fd_a__p'   [by dut.a <- 0]
[           139489247] <dut>  WARNING: unstable transition on `fd_a__p'   [by dut.a <- 0]
[           139753443] <dut>  WARNING: unstable transition on `fd_a__p'   [by dut.a <- 0]
[           140083121] <dut>  WARNING: unstable transition on `fd_a__p'   [by dut.a <- 0]
[           140103526] <dut>  WARNING: unstable transition on `fd_a__p'   [by dut.a <- 0]
[           140243517] <dut>  WARNING: unstable transition on `fd_a__p'   [by dut.a <- 0]
[           140625052] <dut>  WARNING: unstable transition on `fd_a__p'   [by dut.a <- 0]
[           141043595] <dut>  WARNING: unstable transition on `fd_a__p'   [by dut.a <- 0]
[           141199434] <dut>  WARNING: unstable transition on `fd_a__p'   [by dut.a <- 0]
[           141322495] <dut>  WARNING: unstable transition on `fd_a__p'   [by dut.a <- 0]
[           141435193] <dut>  WARNING: unstable transition on `fd_a__p'   [by dut.a <- 0]
[           141697971] <dut>  WARNING: unstable transition on `fd_a__p'   [by dut.a <- 0]
[           141835513] <dut>  WARNING: unstable transition on `fd_a__p'   [by dut.a <- 0]
[           142832503] <dut>  WARNING: unstable transition on `fd_a__p'   [by dut.a <- 0]
[           143308476] <dut>  WARNING: unstable transition on `fd_a__p'   [by dut.a <- 0]
[           143436710] <dut>  WARNING: unstable transition on `fd_a__p'   [by dut.a <- 0]
[           143504945] <dut>  WARNING: unstable transition on `fd_a__p'   [by dut.a <- 0]
[           143990733] <dut>  WARNING: unstable transition on `fd_a__p'   [by dut.a <- 0]
[           144075999] <dut>  WARNING: unstable transition on `fd_a__p'   [by dut.a <- 0]
[           144486906] <dut>  WARNING: unstable transition on `fd_a__p'   [by dut.a <- 0]
[           144822408] <dut>  WARNING: unstable transition on `fd_a__p'   [by dut.a <- 0]
[           144870627] <dut>  WARNING: unstable transition on `fd_a__p'   [by dut.a <- 0]
[           145012495] <dut>  WARNING: unstable transition on `fd_a__p'   [by dut.a <- 0]
[           145025429] <dut>  WARNING: unstable transition on `fd_a__p'   [by dut.a <- 0]
[           145273843] <dut>  WARNING: unstable transition on `fd_a__p'   [by dut.a <- 0]
[           145303884] <dut>  WARNING: unstable transition on `fd_a__p'   [by dut.a <- 0]
[           145324665] <dut>  WARNING: unstable transition on `fd_a__p'   [by dut.a <- 0]
[           145665935] <dut>  WARNING: unstable transition on `fd_a__p'   [by dut.a <- 0]
[           145734991] <dut>  WARNING: unstable transition on `fd_a__p'   [by dut.a <- 0]
[           145986316] <dut>  WARNING: unstable transition on `fd_a__p'   [by dut.a <- 0]
[           146048299] <dut>  WARNING: unstable transition on `fd_a__p'   [by dut.a <- 0]
[           146203761] <dut>  WARNING: unstable transition on `fd_a__p'   [by dut.a <- 0]
[           146304966] <dut>  WARNING: unstable transition on `fd_a__p'   [by dut.a <- 0]
[           146946889] <dut>  WARNING: unstable transition on `fd_a__p'   [by dut.a <- 0]
[           147135080] <dut>  WARNING: unstable transition on `fd_a__p'   [by dut.a <- 0]
[           147137219] <dut>  WARNING: unstable transition on `fd_a__p'   [by dut.a <- 0]
[           147246200] <dut>  WARNING: unstable transition on `fd_a__p'   [by dut.a <- 0]
[           147409225] <dut>  WARNING: unstable transition on `fd_a__p'   [by dut.a <- 0]
[           147858696] <dut>  WARNING: unstable transition on `fd_a__p'   [by dut.a <- 0]
[           148254465] <dut>  WARNING: unstable transition on `fd_a__p'   [by dut.a <- 0]
[           148498234] <dut>  WARNING: unstable transition on `fd_a__p'   [by dut.a <- 0]
[           148566800] <dut>  WARNING: unstable transition on `fd_a__p'   [by dut.a <- 0]
[           148771478] <dut>  WARNING: unstable transition on `fd_a__p'   [by dut.a <- 0]
[           149392379] <dut>  WARNING: unstable transition on `fd_a__p'   [by dut.a <- 0]
[           149553582] <dut>  WARNING: unstable transition on `fd_a__p'   [by dut.a <- 0]
[           149837405] <dut>  WARNING: unstable transition on `fd_a__p'   [by dut.a <- 0]
[           150276059] <dut>  WARNING: unstable transition on `fd_a__p'   [by dut.a <- 0]
[           150405935] <dut>  WARNING: unstable transition on `fd_a__p'   [by dut.a <- 0]
[           150532198] <dut>  WARNING: unstable transition on `fd_a__p'   [by dut.a <- 0]
[           150553463] <dut>  WARNING: unstable transition on `fd_a__p'   [by dut.a <- 0]
[           150877216] <dut>  WARNING: unstable transition on `fd_a__p'   [by dut.a <- 0]
[           151084312] <dut>  WARNING: unstable transition on `fd_a__p'   [by dut.a <- 0]
[           151163993] <dut>  WARNING: unstable transition on `fd_a__p'   [by dut.a <- 0]
[           151312234] <dut>  WARNING: unstable transition on `fd_a__p'   [by dut.a <- 0]
[           151984113] <dut>  WARNING: unstable transition on `fd_a__p'   [by dut.a <- 0]
[           152303856] <dut>  WARNING: unstable transition on `fd_a__p'   [by dut.a <- 0]
[           152593774] <dut>  WARNING: unstable transition on `fd_a__p'   [by dut.a <- 0]
[           152703116] <dut>  WARNING: unstable transition on `fd_a__p'   [by dut.a <- 0]
[           152946754] <dut>  WARNING: unstable transition on `fd_a__p'   [by dut.a <- 0]
[           153081476] <dut>  WARNING: unstable transition on `fd_a__p'   [by dut.a <- 0]
[           153175535] <dut>  WARNING: unstable transition on `fd_a__p'   [by dut.a <- 0]
[           153460820] <dut>  WARNING: unstable transition on `fd_a__p'   [by dut.a <- 0]
[           154029365] <dut>  WARNING: unstable transition on `fd_a__p'   [by dut.a <- 0]
[           154410520] <dut>  WARNING: unstable transition on `fd_a__p'   [by dut.a <- 0]
[           154424594] <dut>  WARNING: unstable transition on `fd_a__p'   [by dut.a <- 0]
[           154442785] <dut>  WARNING: unstable transition on `fd_a__p'   [by dut.a <- 0]
[           154498451] <dut>  WARNING: unstable transition on `fd_a__p'   [by dut.a <- 0]
[           154780479] <dut>  WARNING: unstable transition on `fd_a__p'   [by dut.a <- 0]
[           154997129] <dut>  WARNING: unstable transition on `fd_a__p'   [by dut.a <- 0]
[           155248411] <dut>  WARNING: unstable transition on `fd_a__p'   [by dut.a <- 0]
[           155267823] <dut>  WARNING: unstable transition on `fd_a__p'   [by dut.a <- 0]
[           155584625] <dut>  WARNING: unstable transition on `fd_a__p'   [by dut.a <- 0]
[           155872848] <dut>  WARNING: unstable transition on `fd_a__p'   [by dut.a <- 0]
[           155978169] <dut>  WARNING: unstable transition on `fd_a__p'   [by dut.a <- 0]
[           156077969] <dut>  WARNING: unstable transition on `fd_a__p'   [by dut.a <- 0]
[           156082411] <dut>  WARNING: unstable transition on `fd_a__p'   [by dut.a <- 0]
[           156365620] <dut>  WARNING: unstable transition on `fd_a__p'   [by dut.a <- 0]
[           156474886] <dut>  WARNING: unstable transition on `fd_a__p'   [by dut.a <- 0]
[           156535436] <dut>  WARNING: unstable transition on `fd_a__p'   [by dut.a <- 0]
[           157148383] <dut>  WARNING: unstable transition on `fd_a__p'   [by dut.a <- 0]
[           157290797] <dut>  WARNING: unstable transition on `fd_a__p'   [by dut.a <- 0]
[           157465333] <dut>  WARNING: unstable transition on `fd_a__p'   [by dut.a <- 0]
[           157483508] <dut>  WARNING: unstable transition on `fd_a__p'   [by dut.a <- 0]
[           157673880] <dut>  WARNING: unstable transition on `fd_a__p'   [by dut.a <- 0]
[           157710137] <dut>  WARNING: unstable transition on `fd_a__p'   [by dut.a <- 0]
[           158295730] <dut>  WARNING: unstable transition on `fd_a__p'   [by dut.a <- 0]
[           158410024] <dut>  WARNING: unstable transition on `fd_a__p'   [by dut.a <- 0]
[           158942155] <dut>  WARNING: unstable transition on `fd_a__p'   [by dut.a <- 0]
[           159088083] <dut>  WARNING: unstable transition on `fd_a__p'   [by dut.a <- 0]
[           159149476] <dut>  WARNING: unstable transition on `fd_a__p'   [by dut.a <- 0]
[           159155236] <dut>  WARNING: unstable transition on `fd_a__p'   [by dut.a <- 0]
[           159965846] <dut>  WARNING: unstable transition on `fd_a__p'   [by dut.a <- 0]
[           160216668] <dut>  WARNING: unstable transition on `fd_a__p'   [by dut.a <- 0]
[           160848448] <dut>  WARNING: unstable transition on `fd_a__p'   [by dut.a <- 0]
[           161393690] <dut>  WARNING: unstable transition on `fd_a__p'   [by dut.a <- 0]
[           161769319] <dut>  WARNING: unstable transition on `fd_a__p'   [by dut.a <- 0]
[           162013672] <dut>  WARNING: unstable transition on `fd_a__p'   [by dut.a <- 0]
[           162122247] <dut>  WARNING: unstable transition on `fd_a__p'   [by dut.a <- 0]
[           162393295] <dut>  WARNING: unstable transition on `fd_a__p'   [by dut.a <- 0]
[           162402692] <dut>  WARNING: unstable transition on `fd_a__p'   [by dut.a <- 0]
[           162652119] <dut>  WARNING: unstable transition on `fd_a__p'   [by dut.a <- 0]
[           162847503] <dut>  WARNING: unstable transition on `fd_a__p'   [by dut.a <- 0]
[           163329284] <dut>  WARNING: unstable transition on `fd_a__p'   [by dut.a <- 0]
[           163330233] <dut>  WARNING: unstable transition on `fd_a__p'   [by dut.a <- 0]
[           163616690] <dut>  WARNING: unstable transition on `fd_a__p'   [by dut.a <- 0]
[           163945827] <dut>  WARNING: unstable transition on `fd_a__p'   [by dut.a <- 0]
[           164353567] <dut>  WARNING: unstable transition on `fd_a__p'   [by dut.a <- 0]
[           164354556] <dut>  WARNING: unstable transition on `fd_a__p'   [by dut.a <- 0]
[           164676810] <dut>  WARNING: unstable transition on `fd_a__p'   [by dut.a <- 0]
[           164693592] <dut>  WARNING: unstable transition on `fd_a__p'   [by dut.a <- 0]
[           164718063] <dut>  WARNING: unstable transition on `fd_a__p'   [by dut.a <- 0]
[           164817133] <dut>  WARNING: unstable transition on `fd_a__p'   [by dut.a <- 0]
[           164981408] <dut>  WARNING: unstable transition on `fd_a__p'   [by dut.a <- 0]
[           165115495] <dut>  WARNING: unstable transition on `fd_a__p'   [by dut.a <- 0]
[           165171629] <dut>  WARNING: unstable transition on `fd_a__p'   [by dut.a <- 0]
[           165485662] <dut>  WARNING: unstable transition on `fd_a__p'   [by dut.a <- 0]
[           165749993] <dut>  WARNING: unstable transition on `fd_a__p'   [by dut.a <- 0]
[           165876275] <dut>  WARNING: unstable transition on `fd_a__p'   [by dut.a <- 0]
[           165898504] <dut>  WARNING: unstable transition on `fd_a__p'   [by dut.a <- 0]
[           165999902] <dut>  WARNING: unstable transition on `fd_a__p'   [by dut.a <- 0]
[           166218155] <dut>  WARNING: unstable transition on `fd_a__p'   [by dut.a <- 0]
[           166816278] <dut>  WARNING: unstable transition on `fd_a__p'   [by dut.a <- 0]
[           167007099] <dut>  WARNING: unstable transition on `fd_a__p'   [by dut.a <- 0]
[           167338813] <dut>  WARNING: unstable transition on `fd_a__p'   [by dut.a <- 0]
[           167349432] <dut>  WARNING: unstable transition on `fd_a__p'   [by dut.a <- 0]
[           167590735] <dut>  WARNING: unstable transition on `fd_a__p'   [by dut.a <- 0]
[           167683843] <dut>  WARNING: unstable transition on `fd_a__p'   [by dut.a <- 0]
[           167891015] <dut>  WARNING: unstable transition on `fd_a__p'   [by dut.a <- 0]
[           168707440] <dut>  WARNING: unstable transition on `fd_a__p'   [by dut.a <- 0]
[           169199262] <dut>  WARNING: unstable transition on `fd_a__p'   [by dut.a <- 0]
[           169289103] <dut>  WARNING: unstable transition on `fd_a__p'   [by dut.a <- 0]
[           169854453] <dut>  WARNING: unstable transition on `fd_a__p'   [by dut.a <- 0]
[           169857941] <dut>  WARNING: unstable transition on `fd_a__p'   [by dut.a <- 0]
[           169911312] <dut>  WARNING: unstable transition on `fd_a__p'   [by dut.a <- 0]
[           170009310] <dut>  WARNING: unstable transition on `fd_a__p'   [by dut.a <- 0]
[           170121528] <dut>  WARNING: unstable transition on `fd_a__p'   [by dut.a <- 0]
[           170564413] <dut>  WARNING: unstable transition on `fd_a__p'   [by dut.a <- 0]
[           171299444] <dut>  WARNING: unstable transition on `fd_a__p'   [by dut.a <- 0]
[           172012492] <dut>  WARNING: unstable transition on `fd_a__p'   [by dut.a <- 0]
[           172056459] <dut>  WARNING: unstable transition on `fd_a__p'   [by dut.a <- 0]
[           172204827] <dut>  WARNING: unstable transition on `fd_a__p'   [by dut.a <- 0]
[           172602667] <dut>  WARNING: unstable transition on `fd_a__p'   [by dut.a <- 0]
[           172749503] <dut>  WARNING: unstable transition on `fd_a__p'   [by dut.a <- 0]
[           172751700] <dut>  WARNING: unstable transition on `fd_a__p'   [by dut.a <- 0]
[           172773236] <dut>  WARNING: unstable transition on `fd_a__p'   [by dut.a <- 0]
[           173129673] <dut>  WARNING: unstable transition on `fd_a__p'   [by dut.a <- 0]
[           173209592] <dut>  WARNING: unstable transition on `fd_a__p'   [by dut.a <- 0]
[           173528392] <dut>  WARNING: unstable transition on `fd_a__p'   [by dut.a <- 0]
[           173586870] <dut>  WARNING: unstable transition on `fd_a__p'   [by dut.a <- 0]
[           173834854] <dut>  WARNING: unstable transition on `fd_a__p'   [by dut.a <- 0]
[           174439079] <dut>  WARNING: unstable transition on `fd_a__p'   [by dut.a <- 0]
[           174571476] <dut>  WARNING: unstable transition on `fd_a__p'   [by dut.a <- 0]
[           174692044] <dut>  WARNING: unstable transition on `fd_a__p'   [by dut.a <- 0]
[           174757817] <dut>  WARNING: unstable transition on `fd_a__p'   [by dut.a <- 0]
[           175661098] <dut>  WARNING: unstable transition on `fd_a__p'   [by dut.a <- 0]
[           175762528] <dut>  WARNING: unstable transition on `fd_a__p'   [by dut.a <- 0]
[           175809577] <dut>  WARNING: unstable transition on `fd_a__p'   [by dut.a <- 0]
[           175867877] <dut>  WARNING: unstable transition on `fd_a__p'   [by dut.a <- 0]
[           176121509] <dut>  WARNING: unstable transition on `fd_a__p'   [by dut.a <- 0]
[           176364662] <dut>  WARNING: unstable transition on `fd_a__p'   [by dut.a <- 0]
[           176486305] <dut>  WARNING: unstable transition on `fd_a__p'   [by dut.a <- 0]
[           176552488] <dut>  WARNING: unstable transition on `fd_a__p'   [by dut.a <- 0]
[           176648516] <dut>  WARNING: unstable transition on `fd_a__p'   [by dut.a <- 0]
[           177528903] <dut>  WARNING: unstable transition on `fd_a__p'   [by dut.a <- 0]
[           177892814] <dut>  WARNING: unstable transition on `fd_a__p'   [by dut.a <- 0]
[           177964010] <dut>  WARNING: unstable transition on `fd_a__p'   [by dut.a <- 0]
[           178339373] <dut>  WARNING: unstable transition on `fd_a__p'   [by dut.a <- 0]
[           178928154] <dut>  WARNING: unstable transition on `fd_a__p'   [by dut.a <- 0]
[           179192967] <dut>  WARNING: unstable transition on `fd_a__p'   [by dut.a <- 0]
[           179297134] <dut>  WARNING: unstable transition on `fd_a__p'   [by dut.a <- 0]
[           179941300] <dut>  WARNING: unstable transition on `fd_a__p'   [by dut.a <- 0]
[           180163257] <dut>  WARNING: unstable transition on `fd_a__p'   [by dut.a <- 0]
[           180263162] <dut>  WARNING: unstable transition on `fd_a__p'   [by dut.a <- 0]
[           180326067] <dut>  WARNING: unstable transition on `fd_a__p'   [by dut.a <- 0]
[           180801875] <dut>  WARNING: unstable transition on `fd_a__p'   [by dut.a <- 0]
[           181024316] <dut>  WARNING: unstable transition on `fd_a__p'   [by dut.a <- 0]
[           181293824] <dut>  WARNING: unstable transition on `fd_a__p'   [by dut.a <- 0]
[           181436876] <dut>  WARNING: unstable transition on `fd_a__p'   [by dut.a <- 0]
[           181443545] <dut>  WARNING: unstable transition on `fd_a__p'   [by dut.a <- 0]
[           181446095] <dut>  WARNING: unstable transition on `fd_a__p'   [by dut.a <- 0]
[           182064219] <dut>  WARNING: unstable transition on `fd_a__p'   [by dut.a <- 0]
[           182306692] <dut>  WARNING: unstable transition on `fd_a__p'   [by dut.a <- 0]
[           182413186] <dut>  WARNING: unstable transition on `fd_a__p'   [by dut.a <- 0]
[           182803558] <dut>  WARNING: unstable transition on `fd_a__p'   [by dut.a <- 0]
[           182816974] <dut>  WARNING: unstable transition on `fd_a__p'   [by dut.a <- 0]
[           182890165] <dut>  WARNING: unstable transition on `fd_a__p'   [by dut.a <- 0]
[           182909244] <dut>  WARNING: unstable transition on `fd_a__p'   [by dut.a <- 0]
[           183271571] <dut>  WARNING: unstable transition on `fd_a__p'   [by dut.a <- 0]
[           183677075] <dut>  WARNING: unstable transition on `fd_a__p'   [by dut.a <- 0]
[           183870292] <dut>  WARNING: unstable transition on `fd_a__p'   [by dut.a <- 0]
[           183960400] <dut>  WARNING: unstable transition on `fd_a__p'   [by dut.a <- 0]
[           184109908] <dut>  WARNING: unstable transition on `fd_a__p'   [by dut.a <- 0]
[           184132005] <dut>  WARNING: unstable transition on `fd_a__p'   [by dut.a <- 0]
[           185079369] <dut>  WARNING: unstable transition on `fd_a__p'   [by dut.a <- 0]
[           185088052] <dut>  WARNING: unstable transition on `fd_a__p'   [by dut.a <- 0]
[           185171299] <dut>  WARNING: unstable transition on `fd_a__p'   [by dut.a <- 0]
[           185273313] <dut>  WARNING: unstable transition on `fd_a__p'   [by dut.a <- 0]
[           185343349] <dut>  WARNING: unstable transition on `fd_a__p'   [by dut.a <- 0]
[           186584082] <dut>  WARNING: unstable transition on `fd_a__p'   [by dut.a <- 0]
[           186989906] <dut>  WARNING: unstable transition on `fd_a__p'   [by dut.a <- 0]
[           187887413] <dut>  WARNING: unstable transition on `fd_a__p'   [by dut.a <- 0]
[           188307078] <dut>  WARNING: unstable transition on `fd_a__p'   [by dut.a <- 0]
[           188310855] <dut>  WARNING: unstable transition on `fd_a__p'   [by dut.a <- 0]
[           188356425] <dut>  WARNING: unstable transition on `fd_a__p'   [by dut.a <- 0]
[           188496093] <dut>  WARNING: unstable transition on `fd_a__p'   [by dut.a <- 0]
[           188677909] <dut>  WARNING: unstable transition on `fd_a__p'   [by dut.a <- 0]
[           189487897] <dut>  WARNING: unstable transition on `fd_a__p'   [by dut.a <- 0]
[           189687297] <dut>  WARNING: unstable transition on `fd_a__p'   [by dut.a <- 0]
[           189894195] <dut>  WARNING: unstable transition on `fd_a__p'   [by dut.a <- 0]
[           190103975] <dut>  WARNING: unstable transition on `fd_a__p'   [by dut.a <- 0]
[           190218164] <dut>  WARNING: unstable transition on `fd_a__p'   [by dut.a <- 0]
[           190235043] <dut>  WARNING: unstable transition on `fd_a__p'   [by dut.a <- 0]
[           190356371] <dut>  WARNING: unstable transition on `fd_a__p'   [by dut.a <- 0]
[           190692627] <dut>  WARNING: unstable transition on `fd_a__p'   [by dut.a <- 0]
[           190977025] <dut>  WARNING: unstable transition on `fd_a__p'   [by dut.a <- 0]
[           191281267] <dut>  WARNING: unstable transition on `fd_a__p'   [by dut.a <- 0]
[           191422806] <dut>  WARNING: unstable transition on `fd_a__p'   [by dut.a <- 0]
[           191832464] <dut>  WARNING: unstable transition on `fd_a__p'   [by dut.a <- 0]
[           191846661] <dut>  WARNING: unstable transition on `fd_a__p'   [by dut.a <- 0]
[           191954565] <dut>  WARNING: unstable transition on `fd_a__p'   [by dut.a <- 0]
[           191968721] <dut>  WARNING: unstable transition on `fd_a__p'   [by dut.a <- 0]
[           192268733] <dut>  WARNING: unstable transition on `fd_a__p'   [by dut.a <- 0]
[           192358857] <dut>  WARNING: unstable transition on `fd_a__p'   [by dut.a <- 0]
[           192372460] <dut>  WARNING: unstable transition on `fd_a__p'   [by dut.a <- 0]
[           192509062] <dut>  WARNING: unstable transition on `fd_a__p'   [by dut.a <- 0]
[           192746168] <dut>  WARNING: unstable transition on `fd_a__p'   [by dut.a <- 0]
[           193289008] <dut>  WARNING: unstable transition on `fd_a__p'   [by dut.a <- 0]
[           193525009] <dut>  WARNING: unstable transition on `fd_a__p'   [by dut.a <- 0]
[           194051767] <dut>  WARNING: unstable transition on `fd_a__p'   [by dut.a <- 0]
[           194597086] <dut>  WARNING: unstable transition on `fd_a__p'   [by dut.a <- 0]
[           194781278] <dut>  WARNING: unstable transition on `fd_a__p'   [by dut.a <- 0]
[           194782240] <dut>  WARNING: unstable transition on `fd_a__p'   [by dut.a <- 0]
[           194970619] <dut>  WARNING: unstable transition on `fd_a__p'   [by dut.a <- 0]
[           195062700] <dut>  WARNING: unstable transition on `fd_a__p'   [by dut.a <- 0]
[           195136412] <dut>  WARNING: unstable transition on `fd_a__p'   [by dut.a <- 0]
[           195501008] <dut>  WARNING: unstable transition on `fd_a__p'   [by dut.a <- 0]
[           195566547] <dut>  WARNING: unstable transition on `fd_a__p'   [by dut.a <- 0]
[           195638598] <dut>  WARNING: unstable transition on `fd_a__p'   [by dut.a <- 0]
[           195715460] <dut>  WARNING: unstable transition on `fd_a__p'   [by dut.a <- 0]
[           196168490] <dut>  WARNING: unstable transition on `fd_a__p'   [by dut.a <- 0]
[           196189407] <dut>  WARNING: unstable transition on `fd_a__p'   [by dut.a <- 0]
[           196298669] <dut>  WARNING: unstable transition on `fd_a__p'   [by dut.a <- 0]
[           196326089] <dut>  WARNING: unstable transition on `fd_a__p'   [by dut.a <- 0]
[           197212149] <dut>  WARNING: unstable transition on `fd_a__p'   [by dut.a <- 0]
[           197706536] <dut>  WARNING: unstable transition on `fd_a__p'   [by dut.a <- 0]
[           198080356] <dut>  WARNING: unstable transition on `fd_a__p'   [by dut.a <- 0]
[           198217910] <dut>  WARNING: unstable transition on `fd_a__p'   [by dut.a <- 0]
[           198260106] <dut>  WARNING: unstable transition on `fd_a__p'   [by dut.a <- 0]
[           198619015] <dut>  WARNING: unstable transition on `fd_a__p'   [by dut.a <- 0]
[           198974967] <dut>  WARNING: unstable transition on `fd_a__p'   [by dut.a <- 0]
[           199400815] <dut>  WARNING: unstable transition on `fd_a__p'   [by dut.a <- 0]
[           199467819] <dut>  WARNING: unstable transition on `fd_a__p'   [by dut.a <- 0]
[           199724223] <dut>  WARNING: unstable transition on `fd_a__p'   [by dut.a <- 0]
[           199837756] <dut>  WARNING: unstable transition on `fd_a__p'   [by dut.a <- 0]
[           199854784] <dut>  WARNING: unstable transition on `fd_a__p'   [by dut.a <- 0]
[           200385455] <dut>  WARNING: unstable transition on `fd_a__p'   [by dut.a <- 0]
[           200512041] <dut>  WARNING: unstable transition on `fd_a__p'   [by dut.a <- 0]
[           200847232] <dut>  WARNING: unstable transition on `fd_a__p'   [by dut.a <- 0]
[           200896573] <dut>  WARNING: unstable transition on `fd_a__p'   [by dut.a <- 0]
[           201062151] <dut>  WARNING: unstable transition on `fd_a__p'   [by dut.a <- 0]
[           201196875] <dut>  WARNING: unstable transition on `fd_a__p'   [by dut.a <- 0]
[           201499712] <dut>  WARNING: unstable transition on `fd_a__p'   [by dut.a <- 0]
[           201517525] <dut>  WARNING: unstable transition on `fd_a__p'   [by dut.a <- 0]
[           202549623] <dut>  WARNING: unstable transition on `fd_a__p'   [by dut.a <- 0]
[           202830061] <dut>  WARNING: unstable transition on `fd_a__p'   [by dut.a <- 0]
[           202872480] <dut>  WARNING: unstable transition on `fd_a__p'   [by dut.a <- 0]
[           203042846] <dut>  WARNING: unstable transition on `fd_a__p'   [by dut.a <- 0]
[           203097402] <dut>  WARNING: unstable transition on `fd_a__p'   [by dut.a <- 0]
[           203391877] <dut>  WARNING: unstable transition on `fd_a__p'   [by dut.a <- 0]
[           203440583] <dut>  WARNING: unstable transition on `fd_a__p'   [by dut.a <- 0]
[           203516243] <dut>  WARNING: unstable transition on `fd_a__p'   [by dut.a <- 0]
[           204312176] <dut>  WARNING: unstable transition on `fd_a__p'   [by dut.a <- 0]
[           204315717] <dut>  WARNING: unstable transition on `fd_a__p'   [by dut.a <- 0]
[           204983117] <dut>  WARNING: unstable transition on `fd_a__p'   [by dut.a <- 0]
[           204995520] <dut>  WARNING: unstable transition on `fd_a__p'   [by dut.a <- 0]
[           205358066] <dut>  WARNING: unstable transition on `fd_a__p'   [by dut.a <- 0]
[           205601902] <dut>  WARNING: unstable transition on `fd_a__p'   [by dut.a <- 0]
[           205621855] <dut>  WARNING: unstable transition on `fd_a__p'   [by dut.a <- 0]
[           205861518] <dut>  WARNING: unstable transition on `fd_a__p'   [by dut.a <- 0]
[           205952149] <dut>  WARNING: unstable transition on `fd_a__p'   [by dut.a <- 0]
[           206285637] <dut>  WARNING: unstable transition on `fd_a__p'   [by dut.a <- 0]
[           206426724] <dut>  WARNING: unstable transition on `fd_a__p'   [by dut.a <- 0]
[           206490326] <dut>  WARNING: unstable transition on `fd_a__p'   [by dut.a <- 0]
[           206763872] <dut>  WARNING: unstable transition on `fd_a__p'   [by dut.a <- 0]
[           206962998] <dut>  WARNING: unstable transition on `fd_a__p'   [by dut.a <- 0]
[           207278463] <dut>  WARNING: unstable transition on `fd_a__p'   [by dut.a <- 0]
[           207297803] <dut>  WARNING: unstable transition on `fd_a__p'   [by dut.a <- 0]
[           207573882] <dut>  WARNING: unstable transition on `fd_a__p'   [by dut.a <- 0]
[           208279739] <dut>  WARNING: unstable transition on `fd_a__p'   [by dut.a <- 0]
[           208310921] <dut>  WARNING: unstable transition on `fd_a__p'   [by dut.a <- 0]
[           208358064] <dut>  WARNING: unstable transition on `fd_a__p'   [by dut.a <- 0]
[           208561181] <dut>  WARNING: unstable transition on `fd_a__p'   [by dut.a <- 0]
[           208673294] <dut>  WARNING: unstable transition on `fd_a__p'   [by dut.a <- 0]
[           208721427] <dut>  WARNING: unstable transition on `fd_a__p'   [by dut.a <- 0]
[           208862879] <dut>  WARNING: unstable transition on `fd_a__p'   [by dut.a <- 0]
[           208889270] <dut>  WARNING: unstable transition on `fd_a__p'   [by dut.a <- 0]
[           208923304] <dut>  WARNING: unstable transition on `fd_a__p'   [by dut.a <- 0]
[           208979844] <dut>  WARNING: unstable transition on `fd_a__p'   [by dut.a <- 0]
[           209063366] <dut>  WARNING: unstable transition on `fd_a__p'   [by dut.a <- 0]
[           209481415] <dut>  WARNING: unstable transition on `fd_a__p'   [by dut.a <- 0]
[           209555408] <dut>  WARNING: unstable transition on `fd_a__p'   [by dut.a <- 0]
[           209618366] <dut>  WARNING: unstable transition on `fd_a__p'   [by dut.a <- 0]
[           209726228] <dut>  WARNING: unstable transition on `fd_a__p'   [by dut.a <- 0]
[           210825154] <dut>  WARNING: unstable transition on `fd_a__p'   [by dut.a <- 0]
[           211034462] <dut>  WARNING: unstable transition on `fd_a__p'   [by dut.a <- 0]
[           211373187] <dut>  WARNING: unstable transition on `fd_a__p'   [by dut.a <- 0]
[           211788425] <dut>  WARNING: unstable transition on `fd_a__p'   [by dut.a <- 0]
[           211914726] <dut>  WARNING: unstable transition on `fd_a__p'   [by dut.a <- 0]
[           211976610] <dut>  WARNING: unstable transition on `fd_a__p'   [by dut.a <- 0]
[           212074738] <dut>  WARNING: unstable transition on `fd_a__p'   [by dut.a <- 0]
[           212105251] <dut>  WARNING: unstable transition on `fd_a__p'   [by dut.a <- 0]
[           212330009] <dut>  WARNING: unstable transition on `fd_a__p'   [by dut.a <- 0]
[           212342411] <dut>  WARNING: unstable transition on `fd_a__p'   [by dut.a <- 0]
[           212383163] <dut>  WARNING: unstable transition on `fd_a__p'   [by dut.a <- 0]
[           212430857] <dut>  WARNING: unstable transition on `fd_a__p'   [by dut.a <- 0]
[           212657384] <dut>  WARNING: unstable transition on `fd_a__p'   [by dut.a <- 0]
[           212670752] <dut>  WARNING: unstable transition on `fd_a__p'   [by dut.a <- 0]
[           212828025] <dut>  WARNING: unstable transition on `fd_a__p'   [by dut.a <- 0]
[           213142715] <dut>  WARNING: unstable transition on `fd_a__p'   [by dut.a <- 0]
[           213208819] <dut>  WARNING: unstable transition on `fd_a__p'   [by dut.a <- 0]
[           213623484] <dut>  WARNING: unstable transition on `fd_a__p'   [by dut.a <- 0]
[           214040782] <dut>  WARNING: unstable transition on `fd_a__p'   [by dut.a <- 0]
[           214094410] <dut>  WARNING: unstable transition on `fd_a__p'   [by dut.a <- 0]
[           214390462] <dut>  WARNING: unstable transition on `fd_a__p'   [by dut.a <- 0]
[           214416770] <dut>  WARNING: unstable transition on `fd_a__p'   [by dut.a <- 0]
[           214447710] <dut>  WARNING: unstable transition on `fd_a__p'   [by dut.a <- 0]
[           214554692] <dut>  WARNING: unstable transition on `fd_a__p'   [by dut.a <- 0]
[           215035160] <dut>  WARNING: unstable transition on `fd_a__p'   [by dut.a <- 0]
[           215038723] <dut>  WARNING: unstable transition on `fd_a__p'   [by dut.a <- 0]
[           215076732] <dut>  WARNING: unstable transition on `fd_a__p'   [by dut.a <- 0]
[           215152374] <dut>  WARNING: unstable transition on `fd_a__p'   [by dut.a <- 0]
[           215535195] <dut>  WARNING: unstable transition on `fd_a__p'   [by dut.a <- 0]
[           215639859] <dut>  WARNING: unstable transition on `fd_a__p'   [by dut.a <- 0]
[           215694730] <dut>  WARNING: unstable transition on `fd_a__p'   [by dut.a <- 0]
[           216219718] <dut>  WARNING: unstable transition on `fd_a__p'   [by dut.a <- 0]
[           216355867] <dut>  WARNING: unstable transition on `fd_a__p'   [by dut.a <- 0]
[           216384528] <dut>  WARNING: unstable transition on `fd_a__p'   [by dut.a <- 0]
[           216549058] <dut>  WARNING: unstable transition on `fd_a__p'   [by dut.a <- 0]
[           216625248] <dut>  WARNING: unstable transition on `fd_a__p'   [by dut.a <- 0]
[           216759987] <dut>  WARNING: unstable transition on `fd_a__p'   [by dut.a <- 0]
[           217142185] <dut>  WARNING: unstable transition on `fd_a__p'   [by dut.a <- 0]
[           217166924] <dut>  WARNING: unstable transition on `fd_a__p'   [by dut.a <- 0]
[           217305849] <dut>  WARNING: unstable transition on `fd_a__p'   [by dut.a <- 0]
[           217926979] <dut>  WARNING: unstable transition on `fd_a__p'   [by dut.a <- 0]
[           218072550] <dut>  WARNING: unstable transition on `fd_a__p'   [by dut.a <- 0]
[           218313058] <dut>  WARNING: unstable transition on `fd_a__p'   [by dut.a <- 0]
[           218953736] <dut>  WARNING: unstable transition on `fd_a__p'   [by dut.a <- 0]
[           219593808] <dut>  WARNING: unstable transition on `fd_a__p'   [by dut.a <- 0]
[           220525981] <dut>  WARNING: unstable transition on `fd_a__p'   [by dut.a <- 0]
[           220556267] <dut>  WARNING: unstable transition on `fd_a__p'   [by dut.a <- 0]
[           220655280] <dut>  WARNING: unstable transition on `fd_a__p'   [by dut.a <- 0]
[           220748625] <dut>  WARNING: unstable transition on `fd_a__p'   [by dut.a <- 0]
[           221046086] <dut>  WARNING: unstable transition on `fd_a__p'   [by dut.a <- 0]
[           221070960] <dut>  WARNING: unstable transition on `fd_a__p'   [by dut.a <- 0]
[           221323679] <dut>  WARNING: unstable transition on `fd_a__p'   [by dut.a <- 0]
[           221543061] <dut>  WARNING: unstable transition on `fd_a__p'   [by dut.a <- 0]
[           221556471] <dut>  WARNING: unstable transition on `fd_a__p'   [by dut.a <- 0]
[           221709733] <dut>  WARNING: unstable transition on `fd_a__p'   [by dut.a <- 0]
[           221742841] <dut>  WARNING: unstable transition on `fd_a__p'   [by dut.a <- 0]
[           222050888] <dut>  WARNING: unstable transition on `fd_a__p'   [by dut.a <- 0]
[           222129953] <dut>  WARNING: unstable transition on `fd_a__p'   [by dut.a <- 0]
[           222327406] <dut>  WARNING: unstable transition on `fd_a__p'   [by dut.a <- 0]
[           222467560] <dut>  WARNING: unstable transition on `fd_a__p'   [by dut.a <- 0]
[           222494986] <dut>  WARNING: unstable transition on `fd_a__p'   [by dut.a <- 0]
[           222677644] <dut>  WARNING: unstable transition on `fd_a__p'   [by dut.a <- 0]
[           222687837] <dut>  WARNING: unstable transition on `fd_a__p'   [by dut.a <- 0]
[           222754256] <dut>  WARNING: unstable transition on `fd_a__p'   [by dut.a <- 0]
[           222803365] <dut>  WARNING: unstable transition on `fd_a__p'   [by dut.a <- 0]
[           223117554] <dut>  WARNING: unstable transition on `fd_a__p'   [by dut.a <- 0]
[           223154920] <dut>  WARNING: unstable transition on `fd_a__p'   [by dut.a <- 0]
[           223225601] <dut>  WARNING: unstable transition on `fd_a__p'   [by dut.a <- 0]
[           223286435] <dut>  WARNING: unstable transition on `fd_a__p'   [by dut.a <- 0]
[           223585935] <dut>  WARNING: unstable transition on `fd_a__p'   [by dut.a <- 0]
[           223739774] <dut>  WARNING: unstable transition on `fd_a__p'   [by dut.a <- 0]
[           223920229] <dut>  WARNING: unstable transition on `fd_a__p'   [by dut.a <- 0]
[           224140073] <dut>  WARNING: unstable transition on `fd_a__p'   [by dut.a <- 0]
[           224173587] <dut>  WARNING: unstable transition on `fd_a__p'   [by dut.a <- 0]
[           224197332] <dut>  WARNING: unstable transition on `fd_a__p'   [by dut.a <- 0]
[           224356734] <dut>  WARNING: unstable transition on `fd_a__p'   [by dut.a <- 0]
[           225118506] <dut>  WARNING: unstable transition on `fd_a__p'   [by dut.a <- 0]
[           225400540] <dut>  WARNING: unstable transition on `fd_a__p'   [by dut.a <- 0]
[           225441190] <dut>  WARNING: unstable transition on `fd_a__p'   [by dut.a <- 0]
[           225627064] <dut>  WARNING: unstable transition on `fd_a__p'   [by dut.a <- 0]
[           226192041] <dut>  WARNING: unstable transition on `fd_a__p'   [by dut.a <- 0]
[           226284283] <dut>  WARNING: unstable transition on `fd_a__p'   [by dut.a <- 0]
[           226620886] <dut>  WARNING: unstable transition on `fd_a__p'   [by dut.a <- 0]
[           226719938] <dut>  WARNING: unstable transition on `fd_a__p'   [by dut.a <- 0]
[           227107298] <dut>  WARNING: unstable transition on `fd_a__p'   [by dut.a <- 0]
[           227276444] <dut>  WARNING: unstable transition on `fd_a__p'   [by dut.a <- 0]
[           227345018] <dut>  WARNING: unstable transition on `fd_a__p'   [by dut.a <- 0]
[           227537170] <dut>  WARNING: unstable transition on `fd_a__p'   [by dut.a <- 0]
[           227662286] <dut>  WARNING: unstable transition on `fd_a__p'   [by dut.a <- 0]
[           227682666] <dut>  WARNING: unstable transition on `fd_a__p'   [by dut.a <- 0]
[           227844835] <dut>  WARNING: unstable transition on `fd_a__p'   [by dut.a <- 0]
[           227945117] <dut>  WARNING: unstable transition on `fd_a__p'   [by dut.a <- 0]
[           228209382] <dut>  WARNING: unstable transition on `fd_a__p'   [by dut.a <- 0]
[           228395700] <dut>  WARNING: unstable transition on `fd_a__p'   [by dut.a <- 0]
[           228518279] <dut>  WARNING: unstable transition on `fd_a__p'   [by dut.a <- 0]
[           228691824] <dut>  WARNING: unstable transition on `fd_a__p'   [by dut.a <- 0]
[           229249974] <dut>  WARNING: unstable transition on `fd_a__p'   [by dut.a <- 0]
[           229277740] <dut>  WARNING: unstable transition on `fd_a__p'   [by dut.a <- 0]
[           229352059] <dut>  WARNING: unstable transition on `fd_a__p'   [by dut.a <- 0]
[           229409899] <dut>  WARNING: unstable transition on `fd_a__p'   [by dut.a <- 0]
[           229885773] <dut>  WARNING: unstable transition on `fd_a__p'   [by dut.a <- 0]
[           229894966] <dut>  WARNING: unstable transition on `fd_a__p'   [by dut.a <- 0]
[           229989544] <dut>  WARNING: unstable transition on `fd_a__p'   [by dut.a <- 0]
[           230116914] <dut>  WARNING: unstable transition on `fd_a__p'   [by dut.a <- 0]
[           230365991] <dut>  WARNING: unstable transition on `fd_a__p'   [by dut.a <- 0]
[           230410630] <dut>  WARNING: unstable transition on `fd_a__p'   [by dut.a <- 0]
[           230565779] <dut>  WARNING: unstable transition on `fd_a__p'   [by dut.a <- 0]
[           230713375] <dut>  WARNING: unstable transition on `fd_a__p'   [by dut.a <- 0]
[           231265864] <dut>  WARNING: unstable transition on `fd_a__p'   [by dut.a <- 0]
[           231545103] <dut>  WARNING: unstable transition on `fd_a__p'   [by dut.a <- 0]
[           232175430] <dut>  WARNING: unstable transition on `fd_a__p'   [by dut.a <- 0]
[           232262318] <dut>  WARNING: unstable transition on `fd_a__p'   [by dut.a <- 0]
[           232410821] <dut>  WARNING: unstable transition on `fd_a__p'   [by dut.a <- 0]
[           232498407] <dut>  WARNING: unstable transition on `fd_a__p'   [by dut.a <- 0]
[           232657162] <dut>  WARNING: unstable transition on `fd_a__p'   [by dut.a <- 0]
[           232764280] <dut>  WARNING: unstable transition on `fd_a__p'   [by dut.a <- 0]
[           232806273] <dut>  WARNING: unstable transition on `fd_a__p'   [by dut.a <- 0]
[           232945782] <dut>  WARNING: unstable transition on `fd_a__p'   [by dut.a <- 0]
[           232990779] <dut>  WARNING: unstable transition on `fd_a__p'   [by dut.a <- 0]
[           233298423] <dut>  WARNING: unstable transition on `fd_a__p'   [by dut.a <- 0]
[           233640143] <dut>  WARNING: unstable transition on `fd_a__p'   [by dut.a <- 0]
[           234381457] <dut>  WARNING: unstable transition on `fd_a__p'   [by dut.a <- 0]
[           234698305] <dut>  WARNING: unstable transition on `fd_a__p'   [by dut.a <- 0]
[           235154433] <dut>  WARNING: unstable transition on `fd_a__p'   [by dut.a <- 0]
[           235241235] <dut>  WARNING: unstable transition on `fd_a__p'   [by dut.a <- 0]
[           235389294] <dut>  WARNING: unstable transition on `fd_a__p'   [by dut.a <- 0]
[           235751728] <dut>  WARNING: unstable transition on `fd_a__p'   [by dut.a <- 0]
[           235934074] <dut>  WARNING: unstable transition on `fd_a__p'   [by dut.a <- 0]
[           235996164] <dut>  WARNING: unstable transition on `fd_a__p'   [by dut.a <- 0]
[           236058016] <dut>  WARNING: unstable transition on `fd_a__p'   [by dut.a <- 0]
[           236907914] <dut>  WARNING: unstable transition on `fd_a__p'   [by dut.a <- 0]
[           236951547] <dut>  WARNING: unstable transition on `fd_a__p'   [by dut.a <- 0]
[           237146638] <dut>  WARNING: unstable transition on `fd_a__p'   [by dut.a <- 0]
[           237337178] <dut>  WARNING: unstable transition on `fd_a__p'   [by dut.a <- 0]
[           237621861] <dut>  WARNING: unstable transition on `fd_a__p'   [by dut.a <- 0]
[           237881379] <dut>  WARNING: unstable transition on `fd_a__p'   [by dut.a <- 0]
[           238177013] <dut>  WARNING: unstable transition on `fd_a__p'   [by dut.a <- 0]
[           238672485] <dut>  WARNING: unstable transition on `fd_a__p'   [by dut.a <- 0]
[           239473067] <dut>  WARNING: unstable transition on `fd_a__p'   [by dut.a <- 0]
[           239509535] <dut>  WARNING: unstable transition on `fd_a__p'   [by dut.a <- 0]
[           240143835] <dut>  WARNING: unstable transition on `fd_a__p'   [by dut.a <- 0]
[           240271536] <dut>  WARNING: unstable transition on `fd_a__p'   [by dut.a <- 0]
[           240797507] <dut>  WARNING: unstable transition on `fd_a__p'   [by dut.a <- 0]
[           240826840] <dut>  WARNING: unstable transition on `fd_a__p'   [by dut.a <- 0]
[           240944446] <dut>  WARNING: unstable transition on `fd_a__p'   [by dut.a <- 0]
[           241743503] <dut>  WARNING: unstable transition on `fd_a__p'   [by dut.a <- 0]
[           241906034] <dut>  WARNING: unstable transition on `fd_a__p'   [by dut.a <- 0]
[           242110597] <dut>  WARNING: unstable transition on `fd_a__p'   [by dut.a <- 0]
[           242218560] <dut>  WARNING: unstable transition on `fd_a__p'   [by dut.a <- 0]
[           242506594] <dut>  WARNING: unstable transition on `fd_a__p'   [by dut.a <- 0]
[           242514150] <dut>  WARNING: unstable transition on `fd_a__p'   [by dut.a <- 0]
[           242548218] <dut>  WARNING: unstable transition on `fd_a__p'   [by dut.a <- 0]
[           242630020] <dut>  WARNING: unstable transition on `fd_a__p'   [by dut.a <- 0]
[           242998905] <dut>  WARNING: unstable transition on `fd_a__p'   [by dut.a <- 0]
[           243300760] <dut>  WARNING: unstable transition on `fd_a__p'   [by dut.a <- 0]
[           243304209] <dut>  WARNING: unstable transition on `fd_a__p'   [by dut.a <- 0]
[           243985277] <dut>  WARNING: unstable transition on `fd_a__p'   [by dut.a <- 0]
[           244122581] <dut>  WARNING: unstable transition on `fd_a__p'   [by dut.a <- 0]
[           245200955] <dut>  WARNING: unstable transition on `fd_a__p'   [by dut.a <- 0]
[           245502239] <dut>  WARNING: unstable transition on `fd_a__p'   [by dut.a <- 0]
[           245634862] <dut>  WARNING: unstable transition on `fd_a__p'   [by dut.a <- 0]
[           245647894] <dut>  WARNING: unstable transition on `fd_a__p'   [by dut.a <- 0]
[           245974815] <dut>  WARNING: unstable transition on `fd_a__p'   [by dut.a <- 0]
[           246290958] <dut>  WARNING: unstable transition on `fd_a__p'   [by dut.a <- 0]
[           246359762] <dut>  WARNING: unstable transition on `fd_a__p'   [by dut.a <- 0]
[           246375702] <dut>  WARNING: unstable transition on `fd_a__p'   [by dut.a <- 0]
[           246479077] <dut>  WARNING: unstable transition on `fd_a__p'   [by dut.a <- 0]
[           246661409] <dut>  WARNING: unstable transition on `fd_a__p'   [by dut.a <- 0]
[           247162005] <dut>  WARNING: unstable transition on `fd_a__p'   [by dut.a <- 0]
[           247577522] <dut>  WARNING: unstable transition on `fd_a__p'   [by dut.a <- 0]
[           247687345] <dut>  WARNING: unstable transition on `fd_a__p'   [by dut.a <- 0]
[           247981505] <dut>  WARNING: unstable transition on `fd_a__p'   [by dut.a <- 0]
[           248085564] <dut>  WARNING: unstable transition on `fd_a__p'   [by dut.a <- 0]
[           248191367] <dut>  WARNING: unstable transition on `fd_a__p'   [by dut.a <- 0]
[           248204955] <dut>  WARNING: unstable transition on `fd_a__p'   [by dut.a <- 0]
[           248945469] <dut>  WARNING: unstable transition on `fd_a__p'   [by dut.a <- 0]
[           249240398] <dut>  WARNING: unstable transition on `fd_a__p'   [by dut.a <- 0]
[           249344027] <dut>  WARNING: unstable transition on `fd_a__p'   [by dut.a <- 0]
[           249611058] <dut>  WARNING: unstable transition on `fd_a__p'   [by dut.a <- 0]
[           249746221] <dut>  WARNING: unstable transition on `fd_a__p'   [by dut.a <- 0]
[           250218099] <dut>  WARNING: unstable transition on `fd_a__p'   [by dut.a <- 0]
[           250223480] <dut>  WARNING: unstable transition on `fd_a__p'   [by dut.a <- 0]
[           251132443] <dut>  WARNING: unstable transition on `fd_a__p'   [by dut.a <- 0]
[           251541517] <dut>  WARNING: unstable transition on `fd_a__p'   [by dut.a <- 0]
[           251565881] <dut>  WARNING: unstable transition on `fd_a__p'   [by dut.a <- 0]
[           251607281] <dut>  WARNING: unstable transition on `fd_a__p'   [by dut.a <- 0]
[           251672700] <dut>  WARNING: unstable transition on `fd_a__p'   [by dut.a <- 0]
[           251780554] <dut>  WARNING: unstable transition on `fd_a__p'   [by dut.a <- 0]
[           251967346] <dut>  WARNING: unstable transition on `fd_a__p'   [by dut.a <- 0]
[           252332579] <dut>  WARNING: unstable transition on `fd_a__p'   [by dut.a <- 0]
[           252369858] <dut>  WARNING: unstable transition on `fd_a__p'   [by dut.a <- 0]
[           252386976] <dut>  WARNING: unstable transition on `fd_a__p'   [by dut.a <- 0]
[           252600738] <dut>  WARNING: unstable transition on `fd_a__p'   [by dut.a <- 0]
[           252922541] <dut>  WARNING: unstable transition on `fd_a__p'   [by dut.a <- 0]
[           253015957] <dut>  WARNING: unstable transition on `fd_a__p'   [by dut.a <- 0]
[           253163568] <dut>  WARNING: unstable transition on `fd_a__p'   [by dut.a <- 0]
[           253208688] <dut>  WARNING: unstable transition on `fd_a__p'   [by dut.a <- 0]
[           253592970] <dut>  WARNING: unstable transition on `fd_a__p'   [by dut.a <- 0]
[           253783465] <dut>  WARNING: unstable transition on `fd_a__p'   [by dut.a <- 0]
[           253855372] <dut>  WARNING: unstable transition on `fd_a__p'   [by dut.a <- 0]
[           254431083] <dut>  WARNING: unstable transition on `fd_a__p'   [by dut.a <- 0]
[           254544841] <dut>  WARNING: unstable transition on `fd_a__p'   [by dut.a <- 0]
[           254561477] <dut>  WARNING: unstable transition on `fd_a__p'   [by dut.a <- 0]
[           254758455] <dut>  WARNING: unstable transition on `fd_a__p'   [by dut.a <- 0]
[           254832666] <dut>  WARNING: unstable transition on `fd_a__p'   [by dut.a <- 0]
[           255194191] <dut>  WARNING: unstable transition on `fd_a__p'   [by dut.a <- 0]
[           255559272] <dut>  WARNING: unstable transition on `fd_a__p'   [by dut.a <- 0]
[           255703103] <dut>  WARNING: unstable transition on `fd_a__p'   [by dut.a <- 0]
[           255785467] <dut>  WARNING: unstable transition on `fd_a__p'   [by dut.a <- 0]
[           255853209] <dut>  WARNING: unstable transition on `fd_a__p'   [by dut.a <- 0]
[           255973899] <dut>  WARNING: unstable transition on `fd_a__p'   [by dut.a <- 0]
[           256268085] <dut>  WARNING: unstable transition on `fd_a__p'   [by dut.a <- 0]
[           256348362] <dut>  WARNING: unstable transition on `fd_a__p'   [by dut.a <- 0]
[           256477036] <dut>  WARNING: unstable transition on `fd_a__p'   [by dut.a <- 0]
[           256738854] <dut>  WARNING: unstable transition on `fd_a__p'   [by dut.a <- 0]
[           256860322] <dut>  WARNING: unstable transition on `fd_a__p'   [by dut.a <- 0]
[           257552972] <dut>  WARNING: unstable transition on `fd_a__p'   [by dut.a <- 0]
[           257886248] <dut>  WARNING: unstable transition on `fd_a__p'   [by dut.a <- 0]
[           258102195] <dut>  WARNING: unstable transition on `fd_a__p'   [by dut.a <- 0]
[           258492206] <dut>  WARNING: unstable transition on `fd_a__p'   [by dut.a <- 0]
[           258536883] <dut>  WARNING: unstable transition on `fd_a__p'   [by dut.a <- 0]
[           258565637] <dut>  WARNING: unstable transition on `fd_a__p'   [by dut.a <- 0]
[           258918790] <dut>  WARNING: unstable transition on `fd_a__p'   [by dut.a <- 0]
[           259209190] <dut>  WARNING: unstable transition on `fd_a__p'   [by dut.a <- 0]
[           259347035] <dut>  WARNING: unstable transition on `fd_a__p'   [by dut.a <- 0]
[           259441594] <dut>  WARNING: unstable transition on `fd_a__p'   [by dut.a <- 0]
[           259604555] <dut>  WARNING: unstable transition on `fd_a__p'   [by dut.a <- 0]
[           259662268] <dut>  WARNING: unstable transition on `fd_a__p'   [by dut.a <- 0]
[           259926366] <dut>  WARNING: unstable transition on `fd_a__p'   [by dut.a <- 0]
[           260365561] <dut>  WARNING: unstable transition on `fd_a__p'   [by dut.a <- 0]
[           260474097] <dut>  WARNING: unstable transition on `fd_a__p'   [by dut.a <- 0]
[           260815512] <dut>  WARNING: unstable transition on `fd_a__p'   [by dut.a <- 0]
[           260953838] <dut>  WARNING: unstable transition on `fd_a__p'   [by dut.a <- 0]
[           261395151] <dut>  WARNING: unstable transition on `fd_a__p'   [by dut.a <- 0]
[           261419026] <dut>  WARNING: unstable transition on `fd_a__p'   [by dut.a <- 0]
[           261422296] <dut>  WARNING: unstable transition on `fd_a__p'   [by dut.a <- 0]
[           261866284] <dut>  WARNING: unstable transition on `fd_a__p'   [by dut.a <- 0]
[           262499889] <dut>  WARNING: unstable transition on `fd_a__p'   [by dut.a <- 0]
[           262780832] <dut>  WARNING: unstable transition on `fd_a__p'   [by dut.a <- 0]
[           262795571] <dut>  WARNING: unstable transition on `fd_a__p'   [by dut.a <- 0]
[           262916496] <dut>  WARNING: unstable transition on `fd_a__p'   [by dut.a <- 0]
[           263251446] <dut>  WARNING: unstable transition on `fd_a__p'   [by dut.a <- 0]
[           263392045] <dut>  WARNING: unstable transition on `fd_a__p'   [by dut.a <- 0]
[           263713681] <dut>  WARNING: unstable transition on `fd_a__p'   [by dut.a <- 0]
[           264058918] <dut>  WARNING: unstable transition on `fd_a__p'   [by dut.a <- 0]
[           264137608] <dut>  WARNING: unstable transition on `fd_a__p'   [by dut.a <- 0]
[           264210839] <dut>  WARNING: unstable transition on `fd_a__p'   [by dut.a <- 0]
[           264251750] <dut>  WARNING: unstable transition on `fd_a__p'   [by dut.a <- 0]
[           264326388] <dut>  WARNING: unstable transition on `fd_a__p'   [by dut.a <- 0]
[           264332289] <dut>  WARNING: unstable transition on `fd_a__p'   [by dut.a <- 0]
[           264418721] <dut>  WARNING: unstable transition on `fd_a__p'   [by dut.a <- 0]
[           264839227] <dut>  WARNING: unstable transition on `fd_a__p'   [by dut.a <- 0]
[           264891311] <dut>  WARNING: unstable transition on `fd_a__p'   [by dut.a <- 0]
[           265364467] <dut>  WARNING: unstable transition on `fd_a__p'   [by dut.a <- 0]
[           265678264] <dut>  WARNING: unstable transition on `fd_a__p'   [by dut.a <- 0]
[           265712360] <dut>  WARNING: unstable transition on `fd_a__p'   [by dut.a <- 0]
[           266249996] <dut>  WARNING: unstable transition on `fd_a__p'   [by dut.a <- 0]
[           266453345] <dut>  WARNING: unstable transition on `fd_a__p'   [by dut.a <- 0]
[           266629638] <dut>  WARNING: unstable transition on `fd_a__p'   [by dut.a <- 0]
[           266650425] <dut>  WARNING: unstable transition on `fd_a__p'   [by dut.a <- 0]
[           266818199] <dut>  WARNING: unstable transition on `fd_a__p'   [by dut.a <- 0]
[           267548311] <dut>  WARNING: unstable transition on `fd_a__p'   [by dut.a <- 0]
[           267600155] <dut>  WARNING: unstable transition on `fd_a__p'   [by dut.a <- 0]
[           267652581] <dut>  WARNING: unstable transition on `fd_a__p'   [by dut.a <- 0]
[           267922627] <dut>  WARNING: unstable transition on `fd_a__p'   [by dut.a <- 0]
[           268214218] <dut>  WARNING: unstable transition on `fd_a__p'   [by dut.a <- 0]
[           268442498] <dut>  WARNING: unstable transition on `fd_a__p'   [by dut.a <- 0]
[           268771359] <dut>  WARNING: unstable transition on `fd_a__p'   [by dut.a <- 0]
[           269000940] <dut>  WARNING: unstable transition on `fd_a__p'   [by dut.a <- 0]
[           269132382] <dut>  WARNING: unstable transition on `fd_a__p'   [by dut.a <- 0]
[           269165990] <dut>  WARNING: unstable transition on `fd_a__p'   [by dut.a <- 0]
[           269450500] <dut>  WARNING: unstable transition on `fd_a__p'   [by dut.a <- 0]
[           269621998] <dut>  WARNING: unstable transition on `fd_a__p'   [by dut.a <- 0]
[           269805946] <dut>  WARNING: unstable transition on `fd_a__p'   [by dut.a <- 0]
[           270101635] <dut>  WARNING: unstable transition on `fd_a__p'   [by dut.a <- 0]
[           270616331] <dut>  WARNING: unstable transition on `fd_a__p'   [by dut.a <- 0]
[           270671573] <dut>  WARNING: unstable transition on `fd_a__p'   [by dut.a <- 0]
[           270821486] <dut>  WARNING: unstable transition on `fd_a__p'   [by dut.a <- 0]
[           271234507] <dut>  WARNING: unstable transition on `fd_a__p'   [by dut.a <- 0]
[           271535633] <dut>  WARNING: unstable transition on `fd_a__p'   [by dut.a <- 0]
[           272154457] <dut>  WARNING: unstable transition on `fd_a__p'   [by dut.a <- 0]
[           272278012] <dut>  WARNING: unstable transition on `fd_a__p'   [by dut.a <- 0]
[           272359757] <dut>  WARNING: unstable transition on `fd_a__p'   [by dut.a <- 0]
[           272694660] <dut>  WARNING: unstable transition on `fd_a__p'   [by dut.a <- 0]
[           272830763] <dut>  WARNING: unstable transition on `fd_a__p'   [by dut.a <- 0]
[           272937775] <dut>  WARNING: unstable transition on `fd_a__p'   [by dut.a <- 0]
[           272988854] <dut>  WARNING: unstable transition on `fd_a__p'   [by dut.a <- 0]
[           273504132] <dut>  WARNING: unstable transition on `fd_a__p'   [by dut.a <- 0]
[           273837035] <dut>  WARNING: unstable transition on `fd_a__p'   [by dut.a <- 0]
[           274303604] <dut>  WARNING: unstable transition on `fd_a__p'   [by dut.a <- 0]
[           274553027] <dut>  WARNING: unstable transition on `fd_a__p'   [by dut.a <- 0]
[           275113333] <dut>  WARNING: unstable transition on `fd_a__p'   [by dut.a <- 0]
[           275763072] <dut>  WARNING: unstable transition on `fd_a__p'   [by dut.a <- 0]
[           275918108] <dut>  WARNING: unstable transition on `fd_a__p'   [by dut.a <- 0]
[           275952666] <dut>  WARNING: unstable transition on `fd_a__p'   [by dut.a <- 0]
[           276145980] <dut>  WARNING: unstable transition on `fd_a__p'   [by dut.a <- 0]
[           276229112] <dut>  WARNING: unstable transition on `fd_a__p'   [by dut.a <- 0]
[           276680582] <dut>  WARNING: unstable transition on `fd_a__p'   [by dut.a <- 0]
[           276757014] <dut>  WARNING: unstable transition on `fd_a__p'   [by dut.a <- 0]
[           276841784] <dut>  WARNING: unstable transition on `fd_a__p'   [by dut.a <- 0]
[           277435472] <dut>  WARNING: unstable transition on `fd_a__p'   [by dut.a <- 0]
[           277740005] <dut>  WARNING: unstable transition on `fd_a__p'   [by dut.a <- 0]
[           277944680] <dut>  WARNING: unstable transition on `fd_a__p'   [by dut.a <- 0]
[           278241984] <dut>  WARNING: unstable transition on `fd_a__p'   [by dut.a <- 0]
[           278578875] <dut>  WARNING: unstable transition on `fd_a__p'   [by dut.a <- 0]
[           278734935] <dut>  WARNING: unstable transition on `fd_a__p'   [by dut.a <- 0]
[           279143885] <dut>  WARNING: unstable transition on `fd_a__p'   [by dut.a <- 0]
[           279281130] <dut>  WARNING: unstable transition on `fd_a__p'   [by dut.a <- 0]
[           279484860] <dut>  WARNING: unstable transition on `fd_a__p'   [by dut.a <- 0]
[           279769924] <dut>  WARNING: unstable transition on `fd_a__p'   [by dut.a <- 0]
[           279834853] <dut>  WARNING: unstable transition on `fd_a__p'   [by dut.a <- 0]
[           280108965] <dut>  WARNING: unstable transition on `fd_a__p'   [by dut.a <- 0]
[           280394008] <dut>  WARNING: unstable transition on `fd_a__p'   [by dut.a <- 0]
[           280575568] <dut>  WARNING: unstable transition on `fd_a__p'   [by dut.a <- 0]
[           280893095] <dut>  WARNING: unstable transition on `fd_a__p'   [by dut.a <- 0]
[           280931610] <dut>  WARNING: unstable transition on `fd_a__p'   [by dut.a <- 0]
[           281290984] <dut>  WARNING: unstable transition on `fd_a__p'   [by dut.a <- 0]
[           281444314] <dut>  WARNING: unstable transition on `fd_a__p'   [by dut.a <- 0]
[           281602801] <dut>  WARNING: unstable transition on `fd_a__p'   [by dut.a <- 0]
[           281820342] <dut>  WARNING: unstable transition on `fd_a__p'   [by dut.a <- 0]
[           281834607] <dut>  WARNING: unstable transition on `fd_a__p'   [by dut.a <- 0]
[           282180384] <dut>  WARNING: unstable transition on `fd_a__p'   [by dut.a <- 0]
[           282215837] <dut>  WARNING: unstable transition on `fd_a__p'   [by dut.a <- 0]
[           282293473] <dut>  WARNING: unstable transition on `fd_a__p'   [by dut.a <- 0]
[           282338592] <dut>  WARNING: unstable transition on `fd_a__p'   [by dut.a <- 0]
[           282496826] <dut>  WARNING: unstable transition on `fd_a__p'   [by dut.a <- 0]
[           282515699] <dut>  WARNING: unstable transition on `fd_a__p'   [by dut.a <- 0]
[           283072739] <dut>  WARNING: unstable transition on `fd_a__p'   [by dut.a <- 0]
[           283132918] <dut>  WARNING: unstable transition on `fd_a__p'   [by dut.a <- 0]
[           283177993] <dut>  WARNING: unstable transition on `fd_a__p'   [by dut.a <- 0]
[           283329039] <dut>  WARNING: unstable transition on `fd_a__p'   [by dut.a <- 0]
[           283353720] <dut>  WARNING: unstable transition on `fd_a__p'   [by dut.a <- 0]
[           283602288] <dut>  WARNING: unstable transition on `fd_a__p'   [by dut.a <- 0]
[           283971709] <dut>  WARNING: unstable transition on `fd_a__p'   [by dut.a <- 0]
[           284133074] <dut>  WARNING: unstable transition on `fd_a__p'   [by dut.a <- 0]
[           284366560] <dut>  WARNING: unstable transition on `fd_a__p'   [by dut.a <- 0]
[           284439677] <dut>  WARNING: unstable transition on `fd_a__p'   [by dut.a <- 0]
[           285136556] <dut>  WARNING: unstable transition on `fd_a__p'   [by dut.a <- 0]
[           285167084] <dut>  WARNING: unstable transition on `fd_a__p'   [by dut.a <- 0]
[           285523850] <dut>  WARNING: unstable transition on `fd_a__p'   [by dut.a <- 0]
[           285787877] <dut>  WARNING: unstable transition on `fd_a__p'   [by dut.a <- 0]
[           285838125] <dut>  WARNING: unstable transition on `fd_a__p'   [by dut.a <- 0]
[           285882649] <dut>  WARNING: unstable transition on `fd_a__p'   [by dut.a <- 0]
[           286182062] <dut>  WARNING: unstable transition on `fd_a__p'   [by dut.a <- 0]
[           286540667] <dut>  WARNING: unstable transition on `fd_a__p'   [by dut.a <- 0]
[           286546264] <dut>  WARNING: unstable transition on `fd_a__p'   [by dut.a <- 0]
[           286604812] <dut>  WARNING: unstable transition on `fd_a__p'   [by dut.a <- 0]
[           286769078] <dut>  WARNING: unstable transition on `fd_a__p'   [by dut.a <- 0]
[           287196360] <dut>  WARNING: unstable transition on `fd_a__p'   [by dut.a <- 0]
[           287291948] <dut>  WARNING: unstable transition on `fd_a__p'   [by dut.a <- 0]
[           287581950] <dut>  WARNING: unstable transition on `fd_a__p'   [by dut.a <- 0]
[           287796177] <dut>  WARNING: unstable transition on `fd_a__p'   [by dut.a <- 0]
[           287997683] <dut>  WARNING: unstable transition on `fd_a__p'   [by dut.a <- 0]
[           288096023] <dut>  WARNING: unstable transition on `fd_a__p'   [by dut.a <- 0]
[           288276097] <dut>  WARNING: unstable transition on `fd_a__p'   [by dut.a <- 0]
[           288285058] <dut>  WARNING: unstable transition on `fd_a__p'   [by dut.a <- 0]
[           288408138] <dut>  WARNING: unstable transition on `fd_a__p'   [by dut.a <- 0]
[           288831335] <dut>  WARNING: unstable transition on `fd_a__p'   [by dut.a <- 0]
[           288939472] <dut>  WARNING: unstable transition on `fd_a__p'   [by dut.a <- 0]
[           288960661] <dut>  WARNING: unstable transition on `fd_a__p'   [by dut.a <- 0]
[           289060871] <dut>  WARNING: unstable transition on `fd_a__p'   [by dut.a <- 0]
[           289513959] <dut>  WARNING: unstable transition on `fd_a__p'   [by dut.a <- 0]
[           289832204] <dut>  WARNING: unstable transition on `fd_a__p'   [by dut.a <- 0]
[           290411552] <dut>  WARNING: unstable transition on `fd_a__p'   [by dut.a <- 0]
[           290703481] <dut>  WARNING: unstable transition on `fd_a__p'   [by dut.a <- 0]
[           290780524] <dut>  WARNING: unstable transition on `fd_a__p'   [by dut.a <- 0]
[           290885814] <dut>  WARNING: unstable transition on `fd_a__p'   [by dut.a <- 0]
[           291041685] <dut>  WARNING: unstable transition on `fd_a__p'   [by dut.a <- 0]
[           291945307] <dut>  WARNING: unstable transition on `fd_w1__p'   [by dut.w1 <- 1]
[           292205391] <dut>  WARNING: unstable transition on `fd_a__p'   [by dut.a <- 0]
[           292589239] <dut>  WARNING: unstable transition on `fd_a__p'   [by dut.a <- 0]
[           292796695] <dut>  WARNING: unstable transition on `fd_a__p'   [by dut.a <- 0]
[           292827438] <dut>  WARNING: unstable transition on `fd_a__p'   [by dut.a <- 0]
[           293751217] <dut>  WARNING: unstable transition on `fd_a__p'   [by dut.a <- 0]
[           294604525] <dut>  WARNING: unstable transition on `fd_a__p'   [by dut.a <- 0]
[           294607711] <dut>  WARNING: unstable transition on `fd_a__p'   [by dut.a <- 0]
[           294663181] <dut>  WARNING: unstable transition on `fd_a__p'   [by dut.a <- 0]
[           294712068] <dut>  WARNING: unstable transition on `fd_a__p'   [by dut.a <- 0]
[           295030303] <dut>  WARNING: unstable transition on `fd_a__p'   [by dut.a <- 0]
[           295058590] <dut>  WARNING: unstable transition on `fd_a__p'   [by dut.a <- 0]
[           295191128] <dut>  WARNING: unstable transition on `fd_a__p'   [by dut.a <- 0]
[           295277246] <dut>  WARNING: unstable transition on `fd_a__p'   [by dut.a <- 0]
[           295336274] <dut>  WARNING: unstable transition on `fd_a__p'   [by dut.a <- 0]
[           295362946] <dut>  WARNING: unstable transition on `fd_a__p'   [by dut.a <- 0]
[           295615891] <dut>  WARNING: unstable transition on `fd_a__p'   [by dut.a <- 0]
[           295801543] <dut>  WARNING: unstable transition on `fd_a__p'   [by dut.a <- 0]
[           296025773] <dut>  WARNING: unstable transition on `fd_a__p'   [by dut.a <- 0]
[           297116237] <dut>  WARNING: unstable transition on `fd_a__p'   [by dut.a <- 0]
[           297320349] <dut>  WARNING: unstable transition on `fd_a__p'   [by dut.a <- 0]
[           297700153] <dut>  WARNING: unstable transition on `fd_a__p'   [by dut.a <- 0]
[           297939467] <dut>  WARNING: unstable transition on `fd_a__p'   [by dut.a <- 0]
[           298019316] <dut>  WARNING: unstable transition on `fd_a__p'   [by dut.a <- 0]
[           298102548] <dut>  WARNING: unstable transition on `fd_a__p'   [by dut.a <- 0]
[           298249414] <dut>  WARNING: unstable transition on `fd_a__p'   [by dut.a <- 0]
[           298379546] <dut>  WARNING: unstable transition on `fd_a__p'   [by dut.a <- 0]
[           298395189] <dut>  WARNING: unstable transition on `fd_a__p'   [by dut.a <- 0]
[           298701233] <dut>  WARNING: unstable transition on `fd_a__p'   [by dut.a <- 0]
[           298867208] <dut>  WARNING: unstable transition on `fd_a__p'   [by dut.a <- 0]
[           299114692] <dut>  WARNING: unstable transition on `fd_a__p'   [by dut.a <- 0]
[           299202128] <dut>  WARNING: unstable transition on `fd_a__p'   [by dut.a <- 0]
[           299263056] <dut>  WARNING: unstable transition on `fd_a__p'   [by dut.a <- 0]
[           299359025] <dut>  WARNING: unstable transition on `fd_a__p'   [by dut.a <- 0]
[           299461613] <dut>  WARNING: unstable transition on `fd_a__p'   [by dut.a <- 0]
[           299599688] <dut>  WARNING: unstable transition on `fd_a__p'   [by dut.a <- 0]
[           299725157] <dut>  WARNING: unstable transition on `fd_a__p'   [by dut.a <- 0]
[           299755853] <dut>  WARNING: unstable transition on `fd_a__p'   [by dut.a <- 0]
[           299837459] <dut>  WARNING: unstable transition on `fd_a__p'   [by dut.a <- 0]
[           299912647] <dut>  WARNING: unstable transition on `fd_a__p'   [by dut.a <- 0]
[           300208416] <dut>  WARNING: unstable transition on `fd_a__p'   [by dut.a <- 0]
[           300508463] <dut>  WARNING: unstable transition on `fd_a__p'   [by dut.a <- 0]
[           300528713] <dut>  WARNING: unstable transition on `fd_a__p'   [by dut.a <- 0]
[           300670352] <dut>  WARNING: unstable transition on `fd_a__p'   [by dut.a <- 0]
[           300793849] <dut>  WARNING: unstable transition on `fd_a__p'   [by dut.a <- 0]
[           300890089] <dut>  WARNING: unstable transition on `fd_a__p'   [by dut.a <- 0]
[           300901472] <dut>  WARNING: unstable transition on `fd_a__p'   [by dut.a <- 0]
[           301145252] <dut>  WARNING: unstable transition on `fd_a__p'   [by dut.a <- 0]
[           301820316] <dut>  WARNING: unstable transition on `fd_a__p'   [by dut.a <- 0]
[           301963633] <dut>  WARNING: unstable transition on `fd_a__p'   [by dut.a <- 0]
[           302034994] <dut>  WARNING: unstable transition on `fd_a__p'   [by dut.a <- 0]
[           302336720] <dut>  WARNING: unstable transition on `fd_a__p'   [by dut.a <- 0]
[           302612948] <dut>  WARNING: unstable transition on `fd_a__p'   [by dut.a <- 0]
[           303160058] <dut>  WARNING: unstable transition on `fd_a__p'   [by dut.a <- 0]
[           303177856] <dut>  WARNING: unstable transition on `fd_a__p'   [by dut.a <- 0]
[           303583538] <dut>  WARNING: unstable transition on `fd_a__p'   [by dut.a <- 0]
[           303661842] <dut>  WARNING: unstable transition on `fd_a__p'   [by dut.a <- 0]
[           303796958] <dut>  WARNING: unstable transition on `fd_a__p'   [by dut.a <- 0]
[           304310881] <dut>  WARNING: unstable transition on `fd_a__p'   [by dut.a <- 0]
[           304898913] <dut>  WARNING: unstable transition on `fd_a__p'   [by dut.a <- 0]
[           304913239] <dut>  WARNING: unstable transition on `fd_a__p'   [by dut.a <- 0]
[           304934691] <dut>  WARNING: unstable transition on `fd_a__p'   [by dut.a <- 0]
[           305272008] <dut>  WARNING: unstable transition on `fd_a__p'   [by dut.a <- 0]
[           305581496] <dut>  WARNING: unstable transition on `fd_a__p'   [by dut.a <- 0]
[           305983049] <dut>  WARNING: unstable transition on `fd_a__p'   [by dut.a <- 0]
[           306007037] <dut>  WARNING: unstable transition on `fd_a__p'   [by dut.a <- 0]
[           306109125] <dut>  WARNING: unstable transition on `fd_a__p'   [by dut.a <- 0]
[           306290573] <dut>  WARNING: unstable transition on `fd_a__p'   [by dut.a <- 0]
[           306602722] <dut>  WARNING: unstable transition on `fd_a__p'   [by dut.a <- 0]
[           306641711] <dut>  WARNING: unstable transition on `fd_a__p'   [by dut.a <- 0]
[           306776330] <dut>  WARNING: unstable transition on `fd_a__p'   [by dut.a <- 0]
[           306849687] <dut>  WARNING: unstable transition on `fd_a__p'   [by dut.a <- 0]
[           307018234] <dut>  WARNING: unstable transition on `fd_a__p'   [by dut.a <- 0]
[           307238839] <dut>  WARNING: unstable transition on `fd_a__p'   [by dut.a <- 0]
[           308089021] <dut>  WARNING: unstable transition on `fd_a__p'   [by dut.a <- 0]
[           308186229] <dut>  WARNING: unstable transition on `fd_a__p'   [by dut.a <- 0]
[           308260859] <dut>  WARNING: unstable transition on `fd_a__p'   [by dut.a <- 0]
[           308430759] <dut>  WARNING: unstable transition on `fd_a__p'   [by dut.a <- 0]
[           308450135] <dut>  WARNING: unstable transition on `fd_a__p'   [by dut.a <- 0]
[           308638869] <dut>  WARNING: unstable transition on `fd_a__p'   [by dut.a <- 0]
[           308684520] <dut>  WARNING: unstable transition on `fd_a__p'   [by dut.a <- 0]
[           308748737] <dut>  WARNING: unstable transition on `fd_a__p'   [by dut.a <- 0]
[           308950829] <dut>  WARNING: unstable transition on `fd_a__p'   [by dut.a <- 0]
[           309216637] <dut>  WARNING: unstable transition on `fd_a__p'   [by dut.a <- 0]
[           309349401] <dut>  WARNING: unstable transition on `fd_a__p'   [by dut.a <- 0]
[           309891851] <dut>  WARNING: unstable transition on `fd_a__p'   [by dut.a <- 0]
[           309959416] <dut>  WARNING: unstable transition on `fd_a__p'   [by dut.a <- 0]
[           310062107] <dut>  WARNING: unstable transition on `fd_a__p'   [by dut.a <- 0]
[           310704973] <dut>  WARNING: unstable transition on `fd_a__p'   [by dut.a <- 0]
[           311088338] <dut>  WARNING: unstable transition on `fd_a__p'   [by dut.a <- 0]
[           311773958] <dut>  WARNING: unstable transition on `fd_a__p'   [by dut.a <- 0]
[           311801284] <dut>  WARNING: unstable transition on `fd_a__p'   [by dut.a <- 0]
[           311902063] <dut>  WARNING: unstable transition on `fd_a__p'   [by dut.a <- 0]
[           312251567] <dut>  WARNING: unstable transition on `fd_a__p'   [by dut.a <- 0]
[           312364266] <dut>  WARNING: unstable transition on `fd_a__p'   [by dut.a <- 0]
[           312814773] <dut>  WARNING: unstable transition on `fd_a__p'   [by dut.a <- 0]
[           312981893] <dut>  WARNING: unstable transition on `fd_a__p'   [by dut.a <- 0]
[           313015112] <dut>  WARNING: unstable transition on `fd_a__p'   [by dut.a <- 0]
[           313377780] <dut>  WARNING: unstable transition on `fd_a__p'   [by dut.a <- 0]
[           313378846] <dut>  WARNING: unstable transition on `fd_a__p'   [by dut.a <- 0]
[           313712894] <dut>  WARNING: unstable transition on `fd_a__p'   [by dut.a <- 0]
[           314177673] <dut>  WARNING: unstable transition on `fd_a__p'   [by dut.a <- 0]
[           314443283] <dut>  WARNING: unstable transition on `fd_a__p'   [by dut.a <- 0]
[           314566226] <dut>  WARNING: unstable transition on `fd_a__p'   [by dut.a <- 0]
[           314646096] <dut>  WARNING: unstable transition on `fd_a__p'   [by dut.a <- 0]
[           314748314] <dut>  WARNING: unstable transition on `fd_a__p'   [by dut.a <- 0]
[           314833744] <dut>  WARNING: unstable transition on `fd_a__p'   [by dut.a <- 0]
[           315052942] <dut>  WARNING: unstable transition on `fd_a__p'   [by dut.a <- 0]
[           315233523] <dut>  WARNING: unstable transition on `fd_a__p'   [by dut.a <- 0]
[           315541584] <dut>  WARNING: unstable transition on `fd_a__p'   [by dut.a <- 0]
[           315668791] <dut>  WARNING: unstable transition on `fd_a__p'   [by dut.a <- 0]
[           315909377] <dut>  WARNING: unstable transition on `fd_a__p'   [by dut.a <- 0]
[           316918231] <dut>  WARNING: unstable transition on `fd_a__p'   [by dut.a <- 0]
[           317277617] <dut>  WARNING: unstable transition on `fd_a__p'   [by dut.a <- 0]
[           317603377] <dut>  WARNING: unstable transition on `fd_a__p'   [by dut.a <- 0]
[           317683424] <dut>  WARNING: unstable transition on `fd_a__p'   [by dut.a <- 0]
[           317855424] <dut>  WARNING: unstable transition on `fd_a__p'   [by dut.a <- 0]
[           317904986] <dut>  WARNING: unstable transition on `fd_a__p'   [by dut.a <- 0]
[           318181941] <dut>  WARNING: unstable transition on `fd_a__p'   [by dut.a <- 0]
[           318189266] <dut>  WARNING: unstable transition on `fd_a__p'   [by dut.a <- 0]
[           318310879] <dut>  WARNING: unstable transition on `fd_a__p'   [by dut.a <- 0]
[           318614477] <dut>  WARNING: unstable transition on `fd_a__p'   [by dut.a <- 0]
[           318760465] <dut>  WARNING: unstable transition on `fd_a__p'   [by dut.a <- 0]
[           319338321] <dut>  WARNING: unstable transition on `fd_a__p'   [by dut.a <- 0]
[           319578129] <dut>  WARNING: unstable transition on `fd_a__p'   [by dut.a <- 0]
[           319761370] <dut>  WARNING: unstable transition on `fd_a__p'   [by dut.a <- 0]
[           319965082] <dut>  WARNING: unstable transition on `fd_a__p'   [by dut.a <- 0]
[           320619108] <dut>  WARNING: unstable transition on `fd_a__p'   [by dut.a <- 0]
[           320754400] <dut>  WARNING: unstable transition on `fd_a__p'   [by dut.a <- 0]
[           321139377] <dut>  WARNING: unstable transition on `fd_a__p'   [by dut.a <- 0]
[           321194639] <dut>  WARNING: unstable transition on `fd_a__p'   [by dut.a <- 0]
[           321523835] <dut>  WARNING: unstable transition on `fd_a__p'   [by dut.a <- 0]
[           322829707] <dut>  WARNING: unstable transition on `fd_a__p'   [by dut.a <- 0]
[           323122627] <dut>  WARNING: unstable transition on `fd_a__p'   [by dut.a <- 0]
[           323330729] <dut>  WARNING: unstable transition on `fd_a__p'   [by dut.a <- 0]
[           323666422] <dut>  WARNING: unstable transition on `fd_a__p'   [by dut.a <- 0]
[           323781292] <dut>  WARNING: unstable transition on `fd_a__p'   [by dut.a <- 0]
[           323862235] <dut>  WARNING: unstable transition on `fd_a__p'   [by dut.a <- 0]
[           324126487] <dut>  WARNING: unstable transition on `fd_a__p'   [by dut.a <- 0]
[           324446258] <dut>  WARNING: unstable transition on `fd_a__p'   [by dut.a <- 0]
[           324701202] <dut>  WARNING: unstable transition on `fd_a__p'   [by dut.a <- 0]
[           325148356] <dut>  WARNING: unstable transition on `fd_a__p'   [by dut.a <- 0]
[           325233603] <dut>  WARNING: unstable transition on `fd_a__p'   [by dut.a <- 0]
[           325521494] <dut>  WARNING: unstable transition on `fd_a__p'   [by dut.a <- 0]
[           325631036] <dut>  WARNING: unstable transition on `fd_a__p'   [by dut.a <- 0]
[           325796613] <dut>  WARNING: unstable transition on `fd_a__p'   [by dut.a <- 0]
[           326085775] <dut>  WARNING: unstable transition on `fd_a__p'   [by dut.a <- 0]
[           326214804] <dut>  WARNING: unstable transition on `fd_a__p'   [by dut.a <- 0]
[           326391607] <dut>  WARNING: unstable transition on `fd_a__p'   [by dut.a <- 0]
[           326452348] <dut>  WARNING: unstable transition on `fd_a__p'   [by dut.a <- 0]
[           326465618] <dut>  WARNING: unstable transition on `fd_a__p'   [by dut.a <- 0]
[           326575752] <dut>  WARNING: unstable transition on `fd_a__p'   [by dut.a <- 0]
[           326623752] <dut>  WARNING: unstable transition on `fd_a__p'   [by dut.a <- 0]
[           326773997] <dut>  WARNING: unstable transition on `fd_a__p'   [by dut.a <- 0]
[           326800042] <dut>  WARNING: unstable transition on `fd_a__p'   [by dut.a <- 0]
[           326971268] <dut>  WARNING: unstable transition on `fd_a__p'   [by dut.a <- 0]
[           327632174] <dut>  WARNING: unstable transition on `fd_a__p'   [by dut.a <- 0]
[           327815877] <dut>  WARNING: unstable transition on `fd_a__p'   [by dut.a <- 0]
[           328112721] <dut>  WARNING: unstable transition on `fd_a__p'   [by dut.a <- 0]
[           328335735] <dut>  WARNING: unstable transition on `fd_a__p'   [by dut.a <- 0]
[           328915972] <dut>  WARNING: unstable transition on `fd_a__p'   [by dut.a <- 0]
[           329329412] <dut>  WARNING: unstable transition on `fd_a__p'   [by dut.a <- 0]
[           329655425] <dut>  WARNING: unstable transition on `fd_a__p'   [by dut.a <- 0]
[           329737525] <dut>  WARNING: unstable transition on `fd_a__p'   [by dut.a <- 0]
[           329946593] <dut>  WARNING: unstable transition on `fd_a__p'   [by dut.a <- 0]
[           329997602] <dut>  WARNING: unstable transition on `fd_a__p'   [by dut.a <- 0]
[           330558299] <dut>  WARNING: unstable transition on `fd_a__p'   [by dut.a <- 0]
[           330560814] <dut>  WARNING: unstable transition on `fd_a__p'   [by dut.a <- 0]
[           330917009] <dut>  WARNING: unstable transition on `fd_a__p'   [by dut.a <- 0]
[           331034133] <dut>  WARNING: unstable transition on `fd_a__p'   [by dut.a <- 0]
[           331837889] <dut>  WARNING: unstable transition on `fd_a__p'   [by dut.a <- 0]
[           331854719] <dut>  WARNING: unstable transition on `fd_a__p'   [by dut.a <- 0]
[           331884973] <dut>  WARNING: unstable transition on `fd_a__p'   [by dut.a <- 0]
[           331987409] <dut>  WARNING: unstable transition on `fd_a__p'   [by dut.a <- 0]
[           332673196] <dut>  WARNING: unstable transition on `fd_a__p'   [by dut.a <- 0]
[           332724990] <dut>  WARNING: unstable transition on `fd_a__p'   [by dut.a <- 0]
[           332888975] <dut>  WARNING: unstable transition on `fd_a__p'   [by dut.a <- 0]
[           333948632] <dut>  WARNING: unstable transition on `fd_a__p'   [by dut.a <- 0]
[           333992529] <dut>  WARNING: unstable transition on `fd_a__p'   [by dut.a <- 0]
[           334157936] <dut>  WARNING: unstable transition on `fd_a__p'   [by dut.a <- 0]
[           334577256] <dut>  WARNING: unstable transition on `fd_a__p'   [by dut.a <- 0]
[           334627650] <dut>  WARNING: unstable transition on `fd_a__p'   [by dut.a <- 0]
[           334750318] <dut>  WARNING: unstable transition on `fd_a__p'   [by dut.a <- 0]
[           334795193] <dut>  WARNING: unstable transition on `fd_a__p'   [by dut.a <- 0]
[           334829169] <dut>  WARNING: unstable transition on `fd_a__p'   [by dut.a <- 0]
[           335368212] <dut>  WARNING: unstable transition on `fd_a__p'   [by dut.a <- 0]
[           335405048] <dut>  WARNING: unstable transition on `fd_a__p'   [by dut.a <- 0]
[           335518835] <dut>  WARNING: unstable transition on `fd_a__p'   [by dut.a <- 0]
[           335747894] <dut>  WARNING: unstable transition on `fd_a__p'   [by dut.a <- 0]
[           336080310] <dut>  WARNING: unstable transition on `fd_a__p'   [by dut.a <- 0]
[           336408681] <dut>  WARNING: unstable transition on `fd_a__p'   [by dut.a <- 0]
[           336562670] <dut>  WARNING: unstable transition on `fd_a__p'   [by dut.a <- 0]
[           336988126] <dut>  WARNING: unstable transition on `fd_a__p'   [by dut.a <- 0]
[           337245041] <dut>  WARNING: unstable transition on `fd_a__p'   [by dut.a <- 0]
[           337327416] <dut>  WARNING: unstable transition on `fd_a__p'   [by dut.a <- 0]
[           337855025] <dut>  WARNING: unstable transition on `fd_a__p'   [by dut.a <- 0]
[           338131592] <dut>  WARNING: unstable transition on `fd_a__p'   [by dut.a <- 0]
[           338466031] <dut>  WARNING: unstable transition on `fd_a__p'   [by dut.a <- 0]
[           338853554] <dut>  WARNING: unstable transition on `fd_a__p'   [by dut.a <- 0]
[           339026196] <dut>  WARNING: unstable transition on `fd_a__p'   [by dut.a <- 0]
[           339214459] <dut>  WARNING: unstable transition on `fd_a__p'   [by dut.a <- 0]
[           339316137] <dut>  WARNING: unstable transition on `fd_a__p'   [by dut.a <- 0]
[           339362472] <dut>  WARNING: unstable transition on `fd_a__p'   [by dut.a <- 0]
[           339610033] <dut>  WARNING: unstable transition on `fd_a__p'   [by dut.a <- 0]
[           339820391] <dut>  WARNING: unstable transition on `fd_a__p'   [by dut.a <- 0]
[           339828151] <dut>  WARNING: unstable transition on `fd_a__p'   [by dut.a <- 0]
[           339972115] <dut>  WARNING: unstable transition on `fd_a__p'   [by dut.a <- 0]
[           340904974] <dut>  WARNING: unstable transition on `fd_a__p'   [by dut.a <- 0]
[           341722825] <dut>  WARNING: unstable transition on `fd_a__p'   [by dut.a <- 0]
[           342162599] <dut>  WARNING: unstable transition on `fd_a__p'   [by dut.a <- 0]
[           342374394] <dut>  WARNING: unstable transition on `fd_a__p'   [by dut.a <- 0]
[           342615447] <dut>  WARNING: unstable transition on `fd_a__p'   [by dut.a <- 0]
[           343364893] <dut>  WARNING: unstable transition on `fd_a__p'   [by dut.a <- 0]
[           343479826] <dut>  WARNING: unstable transition on `fd_a__p'   [by dut.a <- 0]
[           343552253] <dut>  WARNING: unstable transition on `fd_a__p'   [by dut.a <- 0]
[           343927658] <dut>  WARNING: unstable transition on `fd_a__p'   [by dut.a <- 0]
[           344325013] <dut>  WARNING: unstable transition on `fd_a__p'   [by dut.a <- 0]
[           345238453] <dut>  WARNING: unstable transition on `fd_a__p'   [by dut.a <- 0]
[           345365268] <dut>  WARNING: unstable transition on `fd_a__p'   [by dut.a <- 0]
[           345852082] <dut>  WARNING: unstable transition on `fd_a__p'   [by dut.a <- 0]
[           346105136] <dut>  WARNING: unstable transition on `fd_a__p'   [by dut.a <- 0]
[           346222359] <dut>  WARNING: unstable transition on `fd_a__p'   [by dut.a <- 0]
[           346359520] <dut>  WARNING: unstable transition on `fd_a__p'   [by dut.a <- 0]
[           346450455] <dut>  WARNING: unstable transition on `fd_a__p'   [by dut.a <- 0]
[           347042344] <dut>  WARNING: unstable transition on `fd_a__p'   [by dut.a <- 0]
[           347069439] <dut>  WARNING: unstable transition on `fd_a__p'   [by dut.a <- 0]
[           347083165] <dut>  WARNING: unstable transition on `fd_a__p'   [by dut.a <- 0]
[           347783276] <dut>  WARNING: unstable transition on `fd_a__p'   [by dut.a <- 0]
[           347810274] <dut>  WARNING: unstable transition on `fd_a__p'   [by dut.a <- 0]
[           347837103] <dut>  WARNING: unstable transition on `fd_a__p'   [by dut.a <- 0]
[           347906315] <dut>  WARNING: unstable transition on `fd_a__p'   [by dut.a <- 0]
[           347981915] <dut>  WARNING: unstable transition on `fd_a__p'   [by dut.a <- 0]
[           348380672] <dut>  WARNING: unstable transition on `fd_a__p'   [by dut.a <- 0]
[           349476237] <dut>  WARNING: unstable transition on `fd_a__p'   [by dut.a <- 0]
[           349488690] <dut>  WARNING: unstable transition on `fd_a__p'   [by dut.a <- 0]
[           349574218] <dut>  WARNING: unstable transition on `fd_a__p'   [by dut.a <- 0]
[           350121786] <dut>  WARNING: unstable transition on `fd_a__p'   [by dut.a <- 0]
[           350524379] <dut>  WARNING: unstable transition on `fd_a__p'   [by dut.a <- 0]
[           350672862] <dut>  WARNING: unstable transition on `fd_a__p'   [by dut.a <- 0]
[           351060996] <dut>  WARNING: unstable transition on `fd_a__p'   [by dut.a <- 0]
[           351374638] <dut>  WARNING: unstable transition on `fd_a__p'   [by dut.a <- 0]
[           351893775] <dut>  WARNING: unstable transition on `fd_a__p'   [by dut.a <- 0]
[           351955437] <dut>  WARNING: unstable transition on `fd_a__p'   [by dut.a <- 0]
[           352060657] <dut>  WARNING: unstable transition on `fd_a__p'   [by dut.a <- 0]
[           352080093] <dut>  WARNING: unstable transition on `fd_a__p'   [by dut.a <- 0]
[           352156115] <dut>  WARNING: unstable transition on `fd_a__p'   [by dut.a <- 0]
[           352929143] <dut>  WARNING: unstable transition on `fd_a__p'   [by dut.a <- 0]
[           353267225] <dut>  WARNING: unstable transition on `fd_a__p'   [by dut.a <- 0]
[           353564173] <dut>  WARNING: unstable transition on `fd_a__p'   [by dut.a <- 0]
[           353930612] <dut>  WARNING: unstable transition on `fd_a__p'   [by dut.a <- 0]
[           354044328] <dut>  WARNING: unstable transition on `fd_a__p'   [by dut.a <- 0]
[           354384579] <dut>  WARNING: unstable transition on `fd_a__p'   [by dut.a <- 0]
[           354466645] <dut>  WARNING: unstable transition on `fd_a__p'   [by dut.a <- 0]
[           354793941] <dut>  WARNING: unstable transition on `fd_a__p'   [by dut.a <- 0]
[           354801070] <dut>  WARNING: unstable transition on `fd_a__p'   [by dut.a <- 0]
[           355019788] <dut>  WARNING: unstable transition on `fd_a__p'   [by dut.a <- 0]
[           355449784] <dut>  WARNING: unstable transition on `fd_a__p'   [by dut.a <- 0]
[           355637571] <dut>  WARNING: unstable transition on `fd_a__p'   [by dut.a <- 0]
[           355787815] <dut>  WARNING: unstable transition on `fd_a__p'   [by dut.a <- 0]
[           355809225] <dut>  WARNING: unstable transition on `fd_a__p'   [by dut.a <- 0]
[           355906440] <dut>  WARNING: unstable transition on `fd_a__p'   [by dut.a <- 0]
[           355979279] <dut>  WARNING: unstable transition on `fd_a__p'   [by dut.a <- 0]
[           356337670] <dut>  WARNING: unstable transition on `fd_a__p'   [by dut.a <- 0]
[           356960185] <dut>  WARNING: unstable transition on `fd_a__p'   [by dut.a <- 0]
[           357324729] <dut>  WARNING: unstable transition on `fd_a__p'   [by dut.a <- 0]
[           358066251] <dut>  WARNING: unstable transition on `fd_a__p'   [by dut.a <- 0]
[           358170324] <dut>  WARNING: unstable transition on `fd_a__p'   [by dut.a <- 0]
[           358212468] <dut>  WARNING: unstable transition on `fd_a__p'   [by dut.a <- 0]
[           358445652] <dut>  WARNING: unstable transition on `fd_a__p'   [by dut.a <- 0]
[           359120035] <dut>  WARNING: unstable transition on `fd_a__p'   [by dut.a <- 0]
[           359708281] <dut>  WARNING: unstable transition on `fd_a__p'   [by dut.a <- 0]
[           359729526] <dut>  WARNING: unstable transition on `fd_a__p'   [by dut.a <- 0]
[           360022825] <dut>  WARNING: unstable transition on `fd_a__p'   [by dut.a <- 0]
[           360077425] <dut>  WARNING: unstable transition on `fd_a__p'   [by dut.a <- 0]
[           360244607] <dut>  WARNING: unstable transition on `fd_a__p'   [by dut.a <- 0]
[           360427119] <dut>  WARNING: unstable transition on `fd_a__p'   [by dut.a <- 0]
[           362178645] <dut>  WARNING: unstable transition on `fd_a__p'   [by dut.a <- 0]
[           362396242] <dut>  WARNING: unstable transition on `fd_a__p'   [by dut.a <- 0]
[           362547367] <dut>  WARNING: unstable transition on `fd_a__p'   [by dut.a <- 0]
[           362725379] <dut>  WARNING: unstable transition on `fd_a__p'   [by dut.a <- 0]
[           362783752] <dut>  WARNING: unstable transition on `fd_a__p'   [by dut.a <- 0]
[           363126319] <dut>  WARNING: unstable transition on `fd_a__p'   [by dut.a <- 0]
[           363348164] <dut>  WARNING: unstable transition on `fd_a__p'   [by dut.a <- 0]
[           363702079] <dut>  WARNING: unstable transition on `fd_a__p'   [by dut.a <- 0]
[           363959275] <dut>  WARNING: unstable transition on `fd_a__p'   [by dut.a <- 0]
[           363979048] <dut>  WARNING: unstable transition on `fd_a__p'   [by dut.a <- 0]
[           364074886] <dut>  WARNING: unstable transition on `fd_a__p'   [by dut.a <- 0]
[           364374602] <dut>  WARNING: unstable transition on `fd_a__p'   [by dut.a <- 0]
[           364695933] <dut>  WARNING: unstable transition on `fd_a__p'   [by dut.a <- 0]
[           364698072] <dut>  WARNING: unstable transition on `fd_a__p'   [by dut.a <- 0]
[           365263449] <dut>  WARNING: unstable transition on `fd_a__p'   [by dut.a <- 0]
[           365293865] <dut>  WARNING: unstable transition on `fd_a__p'   [by dut.a <- 0]
[           365738395] <dut>  WARNING: unstable transition on `fd_a__p'   [by dut.a <- 0]
[           365769187] <dut>  WARNING: unstable transition on `fd_a__p'   [by dut.a <- 0]
[           365876324] <dut>  WARNING: unstable transition on `fd_a__p'   [by dut.a <- 0]
[           365886246] <dut>  WARNING: unstable transition on `fd_a__p'   [by dut.a <- 0]
[           366628095] <dut>  WARNING: unstable transition on `fd_a__p'   [by dut.a <- 0]
[           366800037] <dut>  WARNING: unstable transition on `fd_a__p'   [by dut.a <- 0]
[           367177774] <dut>  WARNING: unstable transition on `fd_a__p'   [by dut.a <- 0]
[           367415004] <dut>  WARNING: unstable transition on `fd_a__p'   [by dut.a <- 0]
[           368347363] <dut>  WARNING: unstable transition on `fd_a__p'   [by dut.a <- 0]
[           368350586] <dut>  WARNING: unstable transition on `fd_a__p'   [by dut.a <- 0]
[           368576117] <dut>  WARNING: unstable transition on `fd_a__p'   [by dut.a <- 0]
[           368854299] <dut>  WARNING: unstable transition on `fd_a__p'   [by dut.a <- 0]
[           369259609] <dut>  WARNING: unstable transition on `fd_a__p'   [by dut.a <- 0]
[           369287368] <dut>  WARNING: unstable transition on `fd_a__p'   [by dut.a <- 0]
[           369324889] <dut>  WARNING: unstable transition on `fd_a__p'   [by dut.a <- 0]
[           369502060] <dut>  WARNING: unstable transition on `fd_a__p'   [by dut.a <- 0]
[           369539245] <dut>  WARNING: unstable transition on `fd_a__p'   [by dut.a <- 0]
[           370912388] <dut>  WARNING: unstable transition on `fd_a__p'   [by dut.a <- 0]
[           371095173] <dut>  WARNING: unstable transition on `fd_a__p'   [by dut.a <- 0]
[           371195104] <dut>  WARNING: unstable transition on `fd_a__p'   [by dut.a <- 0]
[           371314845] <dut>  WARNING: unstable transition on `fd_a__p'   [by dut.a <- 0]
[           371442064] <dut>  WARNING: unstable transition on `fd_a__p'   [by dut.a <- 0]
[           371652226] <dut>  WARNING: unstable transition on `fd_a__p'   [by dut.a <- 0]
[           371734685] <dut>  WARNING: unstable transition on `fd_a__p'   [by dut.a <- 0]
[           372013368] <dut>  WARNING: unstable transition on `fd_a__p'   [by dut.a <- 0]
[           372328568] <dut>  WARNING: unstable transition on `fd_a__p'   [by dut.a <- 0]
[           372355374] <dut>  WARNING: unstable transition on `fd_a__p'   [by dut.a <- 0]
[           372567233] <dut>  WARNING: unstable transition on `fd_a__p'   [by dut.a <- 0]
[           372648385] <dut>  WARNING: unstable transition on `fd_a__p'   [by dut.a <- 0]
[           372890617] <dut>  WARNING: unstable transition on `fd_a__p'   [by dut.a <- 0]
[           373495027] <dut>  WARNING: unstable transition on `fd_a__p'   [by dut.a <- 0]
[           373970109] <dut>  WARNING: unstable transition on `fd_a__p'   [by dut.a <- 0]
[           374116764] <dut>  WARNING: unstable transition on `fd_a__p'   [by dut.a <- 0]
[           374558481] <dut>  WARNING: unstable transition on `fd_a__p'   [by dut.a <- 0]
[           374640126] <dut>  WARNING: unstable transition on `fd_a__p'   [by dut.a <- 0]
[           375882451] <dut>  WARNING: unstable transition on `fd_a__p'   [by dut.a <- 0]
[           376031659] <dut>  WARNING: unstable transition on `fd_a__p'   [by dut.a <- 0]
[           376075351] <dut>  WARNING: unstable transition on `fd_a__p'   [by dut.a <- 0]
[           376875680] <dut>  WARNING: unstable transition on `fd_a__p'   [by dut.a <- 0]
[           377486885] <dut>  WARNING: unstable transition on `fd_a__p'   [by dut.a <- 0]
[           377769912] <dut>  WARNING: unstable transition on `fd_a__p'   [by dut.a <- 0]
[           377970238] <dut>  WARNING: unstable transition on `fd_a__p'   [by dut.a <- 0]
[           378056951] <dut>  WARNING: unstable transition on `fd_a__p'   [by dut.a <- 0]
[           378159398] <dut>  WARNING: unstable transition on `fd_a__p'   [by dut.a <- 0]
[           379736824] <dut>  WARNING: unstable transition on `fd_a__p'   [by dut.a <- 0]
[           379828517] <dut>  WARNING: unstable transition on `fd_a__p'   [by dut.a <- 0]
[           380219275] <dut>  WARNING: unstable transition on `fd_a__p'   [by dut.a <- 0]
[           380476847] <dut>  WARNING: unstable transition on `fd_a__p'   [by dut.a <- 0]
[           380513954] <dut>  WARNING: unstable transition on `fd_a__p'   [by dut.a <- 0]
[           380607204] <dut>  WARNING: unstable transition on `fd_a__p'   [by dut.a <- 0]
[           380780909] <dut>  WARNING: unstable transition on `fd_a__p'   [by dut.a <- 0]
[           380988919] <dut>  WARNING: unstable transition on `fd_a__p'   [by dut.a <- 0]
[           381175244] <dut>  WARNING: unstable transition on `fd_a__p'   [by dut.a <- 0]
[           381303730] <dut>  WARNING: unstable transition on `fd_a__p'   [by dut.a <- 0]
[           381337873] <dut>  WARNING: unstable transition on `fd_a__p'   [by dut.a <- 0]
[           381466093] <dut>  WARNING: unstable transition on `fd_a__p'   [by dut.a <- 0]
[           382285691] <dut>  WARNING: unstable transition on `fd_a__p'   [by dut.a <- 0]
[           382317155] <dut>  WARNING: unstable transition on `fd_a__p'   [by dut.a <- 0]
[           382327663] <dut>  WARNING: unstable transition on `fd_a__p'   [by dut.a <- 0]
[           382395883] <dut>  WARNING: unstable transition on `fd_a__p'   [by dut.a <- 0]
[           382794972] <dut>  WARNING: unstable transition on `fd_a__p'   [by dut.a <- 0]
[           383339880] <dut>  WARNING: unstable transition on `fd_a__p'   [by dut.a <- 0]
[           383836559] <dut>  WARNING: unstable transition on `fd_a__p'   [by dut.a <- 0]
[           383860714] <dut>  WARNING: unstable transition on `fd_a__p'   [by dut.a <- 0]
[           383993605] <dut>  WARNING: unstable transition on `fd_a__p'   [by dut.a <- 0]
[           384380154] <dut>  WARNING: unstable transition on `fd_a__p'   [by dut.a <- 0]
[           384811590] <dut>  WARNING: unstable transition on `fd_a__p'   [by dut.a <- 0]
[           385303003] <dut>  WARNING: unstable transition on `fd_a__p'   [by dut.a <- 0]
[           385429912] <dut>  WARNING: unstable transition on `fd_a__p'   [by dut.a <- 0]
[           385874818] <dut>  WARNING: unstable transition on `fd_a__p'   [by dut.a <- 0]
[           385997744] <dut>  WARNING: unstable transition on `fd_a__p'   [by dut.a <- 0]
[           386247558] <dut>  WARNING: unstable transition on `fd_a__p'   [by dut.a <- 0]
[           386432452] <dut>  WARNING: unstable transition on `fd_a__p'   [by dut.a <- 0]
[           386893116] <dut>  WARNING: unstable transition on `fd_a__p'   [by dut.a <- 0]
[           387312863] <dut>  WARNING: unstable transition on `fd_a__p'   [by dut.a <- 0]
[           387471862] <dut>  WARNING: unstable transition on `fd_a__p'   [by dut.a <- 0]
[           387746637] <dut>  WARNING: unstable transition on `fd_a__p'   [by dut.a <- 0]
[           388248670] <dut>  WARNING: unstable transition on `fd_a__p'   [by dut.a <- 0]
[           388262217] <dut>  WARNING: unstable transition on `fd_a__p'   [by dut.a <- 0]
[           388277963] <dut>  WARNING: unstable transition on `fd_a__p'   [by dut.a <- 0]
[           388550329] <dut>  WARNING: unstable transition on `fd_a__p'   [by dut.a <- 0]
[           389538261] <dut>  WARNING: unstable transition on `fd_a__p'   [by dut.a <- 0]
[           390063548] <dut>  WARNING: unstable transition on `fd_a__p'   [by dut.a <- 0]
[           390139146] <dut>  WARNING: unstable transition on `fd_a__p'   [by dut.a <- 0]
[           390809027] <dut>  WARNING: unstable transition on `fd_a__p'   [by dut.a <- 0]
[           390915823] <dut>  WARNING: unstable transition on `fd_a__p'   [by dut.a <- 0]
[           391040176] <dut>  WARNING: unstable transition on `fd_a__p'   [by dut.a <- 0]
[           391250885] <dut>  WARNING: unstable transition on `fd_a__p'   [by dut.a <- 0]
[           392079530] <dut>  WARNING: unstable transition on `fd_a__p'   [by dut.a <- 0]
[           392549762] <dut>  WARNING: unstable transition on `fd_a__p'   [by dut.a <- 0]
[           392648513] <dut>  WARNING: unstable transition on `fd_a__p'   [by dut.a <- 0]
[           392667418] <dut>  WARNING: unstable transition on `fd_a__p'   [by dut.a <- 0]
[           392729412] <dut>  WARNING: unstable transition on `fd_a__p'   [by dut.a <- 0]
[           392888572] <dut>  WARNING: unstable transition on `fd_a__p'   [by dut.a <- 0]
[           392963737] <dut>  WARNING: unstable transition on `fd_a__p'   [by dut.a <- 0]
[           393058726] <dut>  WARNING: unstable transition on `fd_a__p'   [by dut.a <- 0]
[           393360018] <dut>  WARNING: unstable transition on `fd_a__p'   [by dut.a <- 0]
[           393506944] <dut>  WARNING: unstable transition on `fd_a__p'   [by dut.a <- 0]
[           393588428] <dut>  WARNING: unstable transition on `fd_a__p'   [by dut.a <- 0]
[           393640599] <dut>  WARNING: unstable transition on `fd_a__p'   [by dut.a <- 0]
[           394019717] <dut>  WARNING: unstable transition on `fd_a__p'   [by dut.a <- 0]
[           394123783] <dut>  WARNING: unstable transition on `fd_a__p'   [by dut.a <- 0]
[           394428219] <dut>  WARNING: unstable transition on `fd_a__p'   [by dut.a <- 0]
[           394655278] <dut>  WARNING: unstable transition on `fd_a__p'   [by dut.a <- 0]
[           394984242] <dut>  WARNING: unstable transition on `fd_a__p'   [by dut.a <- 0]
[           395917111] <dut>  WARNING: unstable transition on `fd_a__p'   [by dut.a <- 0]
[           395926987] <dut>  WARNING: unstable transition on `fd_a__p'   [by dut.a <- 0]
[           395952064] <dut>  WARNING: unstable transition on `fd_a__p'   [by dut.a <- 0]
[           396529941] <dut>  WARNING: unstable transition on `fd_a__p'   [by dut.a <- 0]
[           396573367] <dut>  WARNING: unstable transition on `fd_a__p'   [by dut.a <- 0]
[           396607663] <dut>  WARNING: unstable transition on `fd_a__p'   [by dut.a <- 0]
[           397442016] <dut>  WARNING: unstable transition on `fd_a__p'   [by dut.a <- 0]
[           397482526] <dut>  WARNING: unstable transition on `fd_a__p'   [by dut.a <- 0]
[           398125894] <dut>  WARNING: unstable transition on `fd_a__p'   [by dut.a <- 0]
[           398263331] <dut>  WARNING: unstable transition on `fd_a__p'   [by dut.a <- 0]
[           398281450] <dut>  WARNING: unstable transition on `fd_a__p'   [by dut.a <- 0]
[           398722836] <dut>  WARNING: unstable transition on `fd_a__p'   [by dut.a <- 0]
[           398937477] <dut>  WARNING: unstable transition on `fd_a__p'   [by dut.a <- 0]
[           399012039] <dut>  WARNING: unstable transition on `fd_a__p'   [by dut.a <- 0]
[           399210883] <dut>  WARNING: unstable transition on `fd_a__p'   [by dut.a <- 0]
[           399616191] <dut>  WARNING: unstable transition on `fd_a__p'   [by dut.a <- 0]
[           399894842] <dut>  WARNING: unstable transition on `fd_a__p'   [by dut.a <- 0]
[           400245713] <dut>  WARNING: unstable transition on `fd_a__p'   [by dut.a <- 0]
[           400567877] <dut>  WARNING: unstable transition on `fd_a__p'   [by dut.a <- 0]
[           400776917] <dut>  WARNING: unstable transition on `fd_a__p'   [by dut.a <- 0]
[           400851993] <dut>  WARNING: unstable transition on `fd_a__p'   [by dut.a <- 0]
[           401243981] <dut>  WARNING: unstable transition on `fd_a__p'   [by dut.a <- 0]
[           401418253] <dut>  WARNING: unstable transition on `fd_a__p'   [by dut.a <- 0]
[           401460149] <dut>  WARNING: unstable transition on `fd_a__p'   [by dut.a <- 0]
[           401577424] <dut>  WARNING: unstable transition on `fd_a__p'   [by dut.a <- 0]
[           401771653] <dut>  WARNING: unstable transition on `fd_a__p'   [by dut.a <- 0]
[           402222659] <dut>  WARNING: unstable transition on `fd_a__p'   [by dut.a <- 0]
[           402285646] <dut>  WARNING: unstable transition on `fd_a__p'   [by dut.a <- 0]
[           402412744] <dut>  WARNING: unstable transition on `fd_a__p'   [by dut.a <- 0]
[           402583547] <dut>  WARNING: unstable transition on `fd_a__p'   [by dut.a <- 0]
[           402926962] <dut>  WARNING: unstable transition on `fd_a__p'   [by dut.a <- 0]
[           403041437] <dut>  WARNING: unstable transition on `fd_a__p'   [by dut.a <- 0]
[           403083392] <dut>  WARNING: unstable transition on `fd_a__p'   [by dut.a <- 0]
[           403175101] <dut>  WARNING: unstable transition on `fd_a__p'   [by dut.a <- 0]
[           404107279] <dut>  WARNING: unstable transition on `fd_a__p'   [by dut.a <- 0]
[           404213325] <dut>  WARNING: unstable transition on `fd_a__p'   [by dut.a <- 0]
[           404793795] <dut>  WARNING: unstable transition on `fd_a__p'   [by dut.a <- 0]
[           404841892] <dut>  WARNING: unstable transition on `fd_a__p'   [by dut.a <- 0]
[           404852633] <dut>  WARNING: unstable transition on `fd_a__p'   [by dut.a <- 0]
[           404932137] <dut>  WARNING: unstable transition on `fd_a__p'   [by dut.a <- 0]
[           405227302] <dut>  WARNING: unstable transition on `fd_a__p'   [by dut.a <- 0]
[           405423631] <dut>  WARNING: unstable transition on `fd_a__p'   [by dut.a <- 0]
[           406087764] <dut>  WARNING: unstable transition on `fd_a__p'   [by dut.a <- 0]
[           406252406] <dut>  WARNING: unstable transition on `fd_a__p'   [by dut.a <- 0]
[           406338631] <dut>  WARNING: unstable transition on `fd_a__p'   [by dut.a <- 0]
[           406374341] <dut>  WARNING: unstable transition on `fd_a__p'   [by dut.a <- 0]
[           406502342] <dut>  WARNING: unstable transition on `fd_a__p'   [by dut.a <- 0]
[           406580383] <dut>  WARNING: unstable transition on `fd_a__p'   [by dut.a <- 0]
[           407258859] <dut>  WARNING: unstable transition on `fd_a__p'   [by dut.a <- 0]
[           407285879] <dut>  WARNING: unstable transition on `fd_a__p'   [by dut.a <- 0]
[           407476567] <dut>  WARNING: unstable transition on `fd_a__p'   [by dut.a <- 0]
[           407500508] <dut>  WARNING: unstable transition on `fd_a__p'   [by dut.a <- 0]
[           407636026] <dut>  WARNING: unstable transition on `fd_a__p'   [by dut.a <- 0]
[           407663950] <dut>  WARNING: unstable transition on `fd_a__p'   [by dut.a <- 0]
[           407716381] <dut>  WARNING: unstable transition on `fd_a__p'   [by dut.a <- 0]
[           407923139] <dut>  WARNING: unstable transition on `fd_a__p'   [by dut.a <- 0]
[           408029262] <dut>  WARNING: unstable transition on `fd_a__p'   [by dut.a <- 0]
[           408158567] <dut>  WARNING: unstable transition on `fd_a__p'   [by dut.a <- 0]
[           408238473] <dut>  WARNING: unstable transition on `fd_a__p'   [by dut.a <- 0]
[           408315981] <dut>  WARNING: unstable transition on `fd_a__p'   [by dut.a <- 0]
[           408383671] <dut>  WARNING: unstable transition on `fd_a__p'   [by dut.a <- 0]
[           408419276] <dut>  WARNING: unstable transition on `fd_a__p'   [by dut.a <- 0]
[           408521902] <dut>  WARNING: unstable transition on `fd_a__p'   [by dut.a <- 0]
[           408770707] <dut>  WARNING: unstable transition on `fd_a__p'   [by dut.a <- 0]
[           408987322] <dut>  WARNING: unstable transition on `fd_a__p'   [by dut.a <- 0]
[           409184023] <dut>  WARNING: unstable transition on `fd_a__p'   [by dut.a <- 0]
[           409362884] <dut>  WARNING: unstable transition on `fd_a__p'   [by dut.a <- 0]
[           409393890] <dut>  WARNING: unstable transition on `fd_a__p'   [by dut.a <- 0]
[           410034107] <dut>  WARNING: unstable transition on `fd_a__p'   [by dut.a <- 0]
[           410118440] <dut>  WARNING: unstable transition on `fd_a__p'   [by dut.a <- 0]
[           410398195] <dut>  WARNING: unstable transition on `fd_a__p'   [by dut.a <- 0]
[           410705233] <dut>  WARNING: unstable transition on `fd_a__p'   [by dut.a <- 0]
[           410776021] <dut>  WARNING: unstable transition on `fd_a__p'   [by dut.a <- 0]
[           410988838] <dut>  WARNING: unstable transition on `fd_a__p'   [by dut.a <- 0]
[           411306011] <dut>  WARNING: unstable transition on `fd_a__p'   [by dut.a <- 0]
[           412057877] <dut>  WARNING: unstable transition on `fd_a__p'   [by dut.a <- 0]
[           412281347] <dut>  WARNING: unstable transition on `fd_a__p'   [by dut.a <- 0]
[           412288118] <dut>  WARNING: unstable transition on `fd_a__p'   [by dut.a <- 0]
[           412773054] <dut>  WARNING: unstable transition on `fd_a__p'   [by dut.a <- 0]
[           412807037] <dut>  WARNING: unstable transition on `fd_a__p'   [by dut.a <- 0]
[           412836175] <dut>  WARNING: unstable transition on `fd_a__p'   [by dut.a <- 0]
[           413025524] <dut>  WARNING: unstable transition on `fd_a__p'   [by dut.a <- 0]
[           413069900] <dut>  WARNING: unstable transition on `fd_a__p'   [by dut.a <- 0]
[           413183554] <dut>  WARNING: unstable transition on `fd_a__p'   [by dut.a <- 0]
[           413239010] <dut>  WARNING: unstable transition on `fd_a__p'   [by dut.a <- 0]
[           413293044] <dut>  WARNING: unstable transition on `fd_a__p'   [by dut.a <- 0]
[           413525656] <dut>  WARNING: unstable transition on `fd_a__p'   [by dut.a <- 0]
[           413779499] <dut>  WARNING: unstable transition on `fd_a__p'   [by dut.a <- 0]
[           413813007] <dut>  WARNING: unstable transition on `fd_a__p'   [by dut.a <- 0]
[           413917272] <dut>  WARNING: unstable transition on `fd_a__p'   [by dut.a <- 0]
[           413925337] <dut>  WARNING: unstable transition on `fd_a__p'   [by dut.a <- 0]
[           414261019] <dut>  WARNING: unstable transition on `fd_a__p'   [by dut.a <- 0]
[           414366732] <dut>  WARNING: unstable transition on `fd_a__p'   [by dut.a <- 0]
[           414609595] <dut>  WARNING: unstable transition on `fd_a__p'   [by dut.a <- 0]
[           414638062] <dut>  WARNING: unstable transition on `fd_a__p'   [by dut.a <- 0]
[           415016840] <dut>  WARNING: unstable transition on `fd_a__p'   [by dut.a <- 0]
[           415279580] <dut>  WARNING: unstable transition on `fd_a__p'   [by dut.a <- 0]
[           416028732] <dut>  WARNING: unstable transition on `fd_a__p'   [by dut.a <- 0]
[           416064094] <dut>  WARNING: unstable transition on `fd_a__p'   [by dut.a <- 0]
[           416185888] <dut>  WARNING: unstable transition on `fd_a__p'   [by dut.a <- 0]
[           416403929] <dut>  WARNING: unstable transition on `fd_a__p'   [by dut.a <- 0]
[           416672007] <dut>  WARNING: unstable transition on `fd_a__p'   [by dut.a <- 0]
[           416935051] <dut>  WARNING: unstable transition on `fd_a__p'   [by dut.a <- 0]
[           416958850] <dut>  WARNING: unstable transition on `fd_a__p'   [by dut.a <- 0]
[           417372224] <dut>  WARNING: unstable transition on `fd_a__p'   [by dut.a <- 0]
[           417866832] <dut>  WARNING: unstable transition on `fd_a__p'   [by dut.a <- 0]
[           417934807] <dut>  WARNING: unstable transition on `fd_a__p'   [by dut.a <- 0]
[           418107503] <dut>  WARNING: unstable transition on `fd_a__p'   [by dut.a <- 0]
[           418776182] <dut>  WARNING: unstable transition on `fd_a__p'   [by dut.a <- 0]
[           418804060] <dut>  WARNING: unstable transition on `fd_a__p'   [by dut.a <- 0]
[           418880797] <dut>  WARNING: unstable transition on `fd_a__p'   [by dut.a <- 0]
[           418961114] <dut>  WARNING: unstable transition on `fd_a__p'   [by dut.a <- 0]
[           419039845] <dut>  WARNING: unstable transition on `fd_a__p'   [by dut.a <- 0]
[           419205506] <dut>  WARNING: unstable transition on `fd_a__p'   [by dut.a <- 0]
[           419218807] <dut>  WARNING: unstable transition on `fd_a__p'   [by dut.a <- 0]
[           419341411] <dut>  WARNING: unstable transition on `fd_a__p'   [by dut.a <- 0]
[           419393996] <dut>  WARNING: unstable transition on `fd_a__p'   [by dut.a <- 0]
[           419718643] <dut>  WARNING: unstable transition on `fd_a__p'   [by dut.a <- 0]
[           419927962] <dut>  WARNING: unstable transition on `fd_a__p'   [by dut.a <- 0]
[           419985521] <dut>  WARNING: unstable transition on `fd_a__p'   [by dut.a <- 0]
[           421760509] <dut>  WARNING: unstable transition on `fd_a__p'   [by dut.a <- 0]
[           421914267] <dut>  WARNING: unstable transition on `fd_a__p'   [by dut.a <- 0]
[           422086790] <dut>  WARNING: unstable transition on `fd_a__p'   [by dut.a <- 0]
[           422329680] <dut>  WARNING: unstable transition on `fd_a__p'   [by dut.a <- 0]
[           422583783] <dut>  WARNING: unstable transition on `fd_a__p'   [by dut.a <- 0]
[           422769257] <dut>  WARNING: unstable transition on `fd_a__p'   [by dut.a <- 0]
[           422799941] <dut>  WARNING: unstable transition on `fd_a__p'   [by dut.a <- 0]
[           422962371] <dut>  WARNING: unstable transition on `fd_a__p'   [by dut.a <- 0]
[           423179414] <dut>  WARNING: unstable transition on `fd_a__p'   [by dut.a <- 0]
[           423372581] <dut>  WARNING: unstable transition on `fd_a__p'   [by dut.a <- 0]
[           423603802] <dut>  WARNING: unstable transition on `fd_a__p'   [by dut.a <- 0]
[           423644651] <dut>  WARNING: unstable transition on `fd_a__p'   [by dut.a <- 0]
[           423885802] <dut>  WARNING: unstable transition on `fd_a__p'   [by dut.a <- 0]
[           424156015] <dut>  WARNING: unstable transition on `fd_a__p'   [by dut.a <- 0]
[           424243560] <dut>  WARNING: unstable transition on `fd_a__p'   [by dut.a <- 0]
[           424727925] <dut>  WARNING: unstable transition on `fd_a__p'   [by dut.a <- 0]
[           425268525] <dut>  WARNING: unstable transition on `fd_a__p'   [by dut.a <- 0]
[           425468240] <dut>  WARNING: unstable transition on `fd_a__p'   [by dut.a <- 0]
[           425507060] <dut>  WARNING: unstable transition on `fd_a__p'   [by dut.a <- 0]
[           425654356] <dut>  WARNING: unstable transition on `fd_a__p'   [by dut.a <- 0]
[           425685149] <dut>  WARNING: unstable transition on `fd_a__p'   [by dut.a <- 0]
[           425776900] <dut>  WARNING: unstable transition on `fd_a__p'   [by dut.a <- 0]
[           425788916] <dut>  WARNING: unstable transition on `fd_a__p'   [by dut.a <- 0]
[           425874248] <dut>  WARNING: unstable transition on `fd_a__p'   [by dut.a <- 0]
[           426160528] <dut>  WARNING: unstable transition on `fd_a__p'   [by dut.a <- 0]
[           426353948] <dut>  WARNING: unstable transition on `fd_a__p'   [by dut.a <- 0]
[           426395483] <dut>  WARNING: unstable transition on `fd_a__p'   [by dut.a <- 0]
[           426572167] <dut>  WARNING: unstable transition on `fd_a__p'   [by dut.a <- 0]
[           426804233] <dut>  WARNING: unstable transition on `fd_a__p'   [by dut.a <- 0]
[           427306098] <dut>  WARNING: unstable transition on `fd_a__p'   [by dut.a <- 0]
[           427352608] <dut>  WARNING: unstable transition on `fd_a__p'   [by dut.a <- 0]
[           427398069] <dut>  WARNING: unstable transition on `fd_a__p'   [by dut.a <- 0]
[           428472162] <dut>  WARNING: unstable transition on `fd_a__p'   [by dut.a <- 0]
[           428627552] <dut>  WARNING: unstable transition on `fd_a__p'   [by dut.a <- 0]
[           428634354] <dut>  WARNING: unstable transition on `fd_a__p'   [by dut.a <- 0]
[           428748243] <dut>  WARNING: unstable transition on `fd_a__p'   [by dut.a <- 0]
[           428933204] <dut>  WARNING: unstable transition on `fd_a__p'   [by dut.a <- 0]
[           429049243] <dut>  WARNING: unstable transition on `fd_a__p'   [by dut.a <- 0]
[           429100596] <dut>  WARNING: unstable transition on `fd_a__p'   [by dut.a <- 0]
[           429182654] <dut>  WARNING: unstable transition on `fd_a__p'   [by dut.a <- 0]
[           429399025] <dut>  WARNING: unstable transition on `fd_a__p'   [by dut.a <- 0]
[           429886007] <dut>  WARNING: unstable transition on `fd_a__p'   [by dut.a <- 0]
[           430408412] <dut>  WARNING: unstable transition on `fd_a__p'   [by dut.a <- 0]
[           430921546] <dut>  WARNING: unstable transition on `fd_a__p'   [by dut.a <- 0]
[           431339092] <dut>  WARNING: unstable transition on `fd_a__p'   [by dut.a <- 0]
[           431659239] <dut>  WARNING: unstable transition on `fd_a__p'   [by dut.a <- 0]
[           431915197] <dut>  WARNING: unstable transition on `fd_a__p'   [by dut.a <- 0]
[           432491154] <dut>  WARNING: unstable transition on `fd_a__p'   [by dut.a <- 0]
[           433195260] <dut>  WARNING: unstable transition on `fd_a__p'   [by dut.a <- 0]
[           433318373] <dut>  WARNING: unstable transition on `fd_a__p'   [by dut.a <- 0]
[           433388386] <dut>  WARNING: unstable transition on `fd_a__p'   [by dut.a <- 0]
[           433673570] <dut>  WARNING: unstable transition on `fd_a__p'   [by dut.a <- 0]
[           433812746] <dut>  WARNING: unstable transition on `fd_a__p'   [by dut.a <- 0]
[           434113918] <dut>  WARNING: unstable transition on `fd_a__p'   [by dut.a <- 0]
[           434609594] <dut>  WARNING: unstable transition on `fd_a__p'   [by dut.a <- 0]
[           434656614] <dut>  WARNING: unstable transition on `fd_a__p'   [by dut.a <- 0]
[           434809768] <dut>  WARNING: unstable transition on `fd_a__p'   [by dut.a <- 0]
[           435307535] <dut>  WARNING: unstable transition on `fd_a__p'   [by dut.a <- 0]
[           435386132] <dut>  WARNING: unstable transition on `fd_a__p'   [by dut.a <- 0]
[           435490394] <dut>  WARNING: unstable transition on `fd_a__p'   [by dut.a <- 0]
[           435966645] <dut>  WARNING: unstable transition on `fd_a__p'   [by dut.a <- 0]
[           435967542] <dut>  WARNING: unstable transition on `fd_a__p'   [by dut.a <- 0]
[           435969649] <dut>  WARNING: unstable transition on `fd_a__p'   [by dut.a <- 0]
[           436465660] <dut>  WARNING: unstable transition on `fd_a__p'   [by dut.a <- 0]
[           436621367] <dut>  WARNING: unstable transition on `fd_a__p'   [by dut.a <- 0]
[           437405565] <dut>  WARNING: unstable transition on `fd_a__p'   [by dut.a <- 0]
[           437684764] <dut>  WARNING: unstable transition on `fd_a__p'   [by dut.a <- 0]
[           437923152] <dut>  WARNING: unstable transition on `fd_a__p'   [by dut.a <- 0]
[           437982438] <dut>  WARNING: unstable transition on `fd_a__p'   [by dut.a <- 0]
[           438009883] <dut>  WARNING: unstable transition on `fd_a__p'   [by dut.a <- 0]
[           438109079] <dut>  WARNING: unstable transition on `fd_a__p'   [by dut.a <- 0]
[           438124131] <dut>  WARNING: unstable transition on `fd_a__p'   [by dut.a <- 0]
[           438732313] <dut>  WARNING: unstable transition on `fd_a__p'   [by dut.a <- 0]
[           438886448] <dut>  WARNING: unstable transition on `fd_a__p'   [by dut.a <- 0]
[           438943708] <dut>  WARNING: unstable transition on `fd_a__p'   [by dut.a <- 0]
[           439385381] <dut>  WARNING: unstable transition on `fd_a__p'   [by dut.a <- 0]
[           439580428] <dut>  WARNING: unstable transition on `fd_a__p'   [by dut.a <- 0]
[           439934603] <dut>  WARNING: unstable transition on `fd_a__p'   [by dut.a <- 0]
[           439986892] <dut>  WARNING: unstable transition on `fd_a__p'   [by dut.a <- 0]
[           440183331] <dut>  WARNING: unstable transition on `fd_a__p'   [by dut.a <- 0]
[           440418923] <dut>  WARNING: unstable transition on `fd_a__p'   [by dut.a <- 0]
[           440617906] <dut>  WARNING: unstable transition on `fd_a__p'   [by dut.a <- 0]
[           440672708] <dut>  WARNING: unstable transition on `fd_a__p'   [by dut.a <- 0]
[           440697785] <dut>  WARNING: unstable transition on `fd_a__p'   [by dut.a <- 0]
[           440731689] <dut>  WARNING: unstable transition on `fd_a__p'   [by dut.a <- 0]
[           441215759] <dut>  WARNING: unstable transition on `fd_a__p'   [by dut.a <- 0]
[           441225456] <dut>  WARNING: unstable transition on `fd_a__p'   [by dut.a <- 0]
[           441325356] <dut>  WARNING: unstable transition on `fd_a__p'   [by dut.a <- 0]
[           441348077] <dut>  WARNING: unstable transition on `fd_a__p'   [by dut.a <- 0]
[           441458602] <dut>  WARNING: unstable transition on `fd_a__p'   [by dut.a <- 0]
[           441553117] <dut>  WARNING: unstable transition on `fd_a__p'   [by dut.a <- 0]
[           441592713] <dut>  WARNING: unstable transition on `fd_a__p'   [by dut.a <- 0]
[           441667253] <dut>  WARNING: unstable transition on `fd_a__p'   [by dut.a <- 0]
[           441703059] <dut>  WARNING: unstable transition on `fd_a__p'   [by dut.a <- 0]
[           441739563] <dut>  WARNING: unstable transition on `fd_a__p'   [by dut.a <- 0]
[           441902712] <dut>  WARNING: unstable transition on `fd_a__p'   [by dut.a <- 0]
[           441961155] <dut>  WARNING: unstable transition on `fd_a__p'   [by dut.a <- 0]
[           442047519] <dut>  WARNING: unstable transition on `fd_a__p'   [by dut.a <- 0]
[           442921040] <dut>  WARNING: unstable transition on `fd_a__p'   [by dut.a <- 0]
[           442931186] <dut>  WARNING: unstable transition on `fd_a__p'   [by dut.a <- 0]
[           443110467] <dut>  WARNING: unstable transition on `fd_a__p'   [by dut.a <- 0]
[           444020636] <dut>  WARNING: unstable transition on `fd_a__p'   [by dut.a <- 0]
[           444220976] <dut>  WARNING: unstable transition on `fd_a__p'   [by dut.a <- 0]
[           444399407] <dut>  WARNING: unstable transition on `fd_a__p'   [by dut.a <- 0]
[           444586404] <dut>  WARNING: unstable transition on `fd_a__p'   [by dut.a <- 0]
[           444843425] <dut>  WARNING: unstable transition on `fd_a__p'   [by dut.a <- 0]
[           444974417] <dut>  WARNING: unstable transition on `fd_a__p'   [by dut.a <- 0]
[           445060347] <dut>  WARNING: unstable transition on `fd_a__p'   [by dut.a <- 0]
[           445400627] <dut>  WARNING: unstable transition on `fd_a__p'   [by dut.a <- 0]
[           445589550] <dut>  WARNING: unstable transition on `fd_a__p'   [by dut.a <- 0]
[           445909741] <dut>  WARNING: unstable transition on `fd_a__p'   [by dut.a <- 0]
[           446617858] <dut>  WARNING: unstable transition on `fd_a__p'   [by dut.a <- 0]
[           446654796] <dut>  WARNING: unstable transition on `fd_a__p'   [by dut.a <- 0]
[           446716307] <dut>  WARNING: unstable transition on `fd_a__p'   [by dut.a <- 0]
[           446818789] <dut>  WARNING: unstable transition on `fd_a__p'   [by dut.a <- 0]
[           446839055] <dut>  WARNING: unstable transition on `fd_a__p'   [by dut.a <- 0]
[           447215515] <dut>  WARNING: unstable transition on `fd_a__p'   [by dut.a <- 0]
[           447601708] <dut>  WARNING: unstable transition on `fd_a__p'   [by dut.a <- 0]
[           448030490] <dut>  WARNING: unstable transition on `fd_a__p'   [by dut.a <- 0]
[           449033069] <dut>  WARNING: unstable transition on `fd_a__p'   [by dut.a <- 0]
[           449117355] <dut>  WARNING: unstable transition on `fd_a__p'   [by dut.a <- 0]
[           449221270] <dut>  WARNING: unstable transition on `fd_a__p'   [by dut.a <- 0]
[           449510559] <dut>  WARNING: unstable transition on `fd_a__p'   [by dut.a <- 0]
[           449533871] <dut>  WARNING: unstable transition on `fd_a__p'   [by dut.a <- 0]
[           449593577] <dut>  WARNING: unstable transition on `fd_a__p'   [by dut.a <- 0]
[           450032462] <dut>  WARNING: unstable transition on `fd_a__p'   [by dut.a <- 0]
[           450098619] <dut>  WARNING: unstable transition on `fd_a__p'   [by dut.a <- 0]
[           450379590] <dut>  WARNING: unstable transition on `fd_a__p'   [by dut.a <- 0]
[           450421071] <dut>  WARNING: unstable transition on `fd_a__p'   [by dut.a <- 0]
[           450595636] <dut>  WARNING: unstable transition on `fd_a__p'   [by dut.a <- 0]
[           450873528] <dut>  WARNING: unstable transition on `fd_a__p'   [by dut.a <- 0]
[           451380907] <dut>  WARNING: unstable transition on `fd_a__p'   [by dut.a <- 0]
[           451707014] <dut>  WARNING: unstable transition on `fd_a__p'   [by dut.a <- 0]
[           451718352] <dut>  WARNING: unstable transition on `fd_a__p'   [by dut.a <- 0]
[           451793436] <dut>  WARNING: unstable transition on `fd_a__p'   [by dut.a <- 0]
[           451923743] <dut>  WARNING: unstable transition on `fd_a__p'   [by dut.a <- 0]
[           451926928] <dut>  WARNING: unstable transition on `fd_a__p'   [by dut.a <- 0]
[           452106050] <dut>  WARNING: unstable transition on `fd_a__p'   [by dut.a <- 0]
[           452294844] <dut>  WARNING: unstable transition on `fd_a__p'   [by dut.a <- 0]
[           452437511] <dut>  WARNING: unstable transition on `fd_a__p'   [by dut.a <- 0]
[           452604888] <dut>  WARNING: unstable transition on `fd_a__p'   [by dut.a <- 0]
[           452689355] <dut>  WARNING: unstable transition on `fd_a__p'   [by dut.a <- 0]
[           452761680] <dut>  WARNING: unstable transition on `fd_a__p'   [by dut.a <- 0]
[           452924082] <dut>  WARNING: unstable transition on `fd_a__p'   [by dut.a <- 0]
[           453136831] <dut>  WARNING: unstable transition on `fd_a__p'   [by dut.a <- 0]
[           453140196] <dut>  WARNING: unstable transition on `fd_a__p'   [by dut.a <- 0]
[           453173243] <dut>  WARNING: unstable transition on `fd_a__p'   [by dut.a <- 0]
[           453624620] <dut>  WARNING: unstable transition on `fd_a__p'   [by dut.a <- 0]
[           454217866] <dut>  WARNING: unstable transition on `fd_a__p'   [by dut.a <- 0]
[           454275126] <dut>  WARNING: unstable transition on `fd_a__p'   [by dut.a <- 0]
[           454639603] <dut>  WARNING: unstable transition on `fd_a__p'   [by dut.a <- 0]
[           455044608] <dut>  WARNING: unstable transition on `fd_a__p'   [by dut.a <- 0]
[           455826585] <dut>  WARNING: unstable transition on `fd_a__p'   [by dut.a <- 0]
[           456109009] <dut>  WARNING: unstable transition on `fd_a__p'   [by dut.a <- 0]
[           456276137] <dut>  WARNING: unstable transition on `fd_a__p'   [by dut.a <- 0]
[           456333053] <dut>  WARNING: unstable transition on `fd_a__p'   [by dut.a <- 0]
[           456478265] <dut>  WARNING: unstable transition on `fd_a__p'   [by dut.a <- 0]
[           456620580] <dut>  WARNING: unstable transition on `fd_a__p'   [by dut.a <- 0]
[           456836122] <dut>  WARNING: unstable transition on `fd_a__p'   [by dut.a <- 0]
[           456998228] <dut>  WARNING: unstable transition on `fd_a__p'   [by dut.a <- 0]
[           457074650] <dut>  WARNING: unstable transition on `fd_a__p'   [by dut.a <- 0]
[           457762451] <dut>  WARNING: unstable transition on `fd_a__p'   [by dut.a <- 0]
[           457935086] <dut>  WARNING: unstable transition on `fd_a__p'   [by dut.a <- 0]
[           458101720] <dut>  WARNING: unstable transition on `fd_a__p'   [by dut.a <- 0]
[           458297211] <dut>  WARNING: unstable transition on `fd_a__p'   [by dut.a <- 0]
[           458370614] <dut>  WARNING: unstable transition on `fd_a__p'   [by dut.a <- 0]
[           458849755] <dut>  WARNING: unstable transition on `fd_a__p'   [by dut.a <- 0]
[           459009093] <dut>  WARNING: unstable transition on `fd_a__p'   [by dut.a <- 0]
[           459043566] <dut>  WARNING: unstable transition on `fd_a__p'   [by dut.a <- 0]
[           459046981] <dut>  WARNING: unstable transition on `fd_a__p'   [by dut.a <- 0]
[           459207558] <dut>  WARNING: unstable transition on `fd_a__p'   [by dut.a <- 0]
[           459311900] <dut>  WARNING: unstable transition on `fd_a__p'   [by dut.a <- 0]
[           459321001] <dut>  WARNING: unstable transition on `fd_a__p'   [by dut.a <- 0]
[           459341469] <dut>  WARNING: unstable transition on `fd_a__p'   [by dut.a <- 0]
[           459473457] <dut>  WARNING: unstable transition on `fd_a__p'   [by dut.a <- 0]
[           459773641] <dut>  WARNING: unstable transition on `fd_a__p'   [by dut.a <- 0]
[           460497646] <dut>  WARNING: unstable transition on `fd_a__p'   [by dut.a <- 0]
[           461168977] <dut>  WARNING: unstable transition on `fd_a__p'   [by dut.a <- 0]
[           461183213] <dut>  WARNING: unstable transition on `fd_a__p'   [by dut.a <- 0]
[           461268207] <dut>  WARNING: unstable transition on `fd_a__p'   [by dut.a <- 0]
[           461285130] <dut>  WARNING: unstable transition on `fd_a__p'   [by dut.a <- 0]
[           461590375] <dut>  WARNING: unstable transition on `fd_a__p'   [by dut.a <- 0]
[           461730288] <dut>  WARNING: unstable transition on `fd_a__p'   [by dut.a <- 0]
[           462217737] <dut>  WARNING: unstable transition on `fd_a__p'   [by dut.a <- 0]
[           462574848] <dut>  WARNING: unstable transition on `fd_a__p'   [by dut.a <- 0]
[           462990261] <dut>  WARNING: unstable transition on `fd_a__p'   [by dut.a <- 0]
[           463183493] <dut>  WARNING: unstable transition on `fd_a__p'   [by dut.a <- 0]
[           463450457] <dut>  WARNING: unstable transition on `fd_a__p'   [by dut.a <- 0]
[           463946900] <dut>  WARNING: unstable transition on `fd_a__p'   [by dut.a <- 0]
[           464076896] <dut>  WARNING: unstable transition on `fd_a__p'   [by dut.a <- 0]
[           464127628] <dut>  WARNING: unstable transition on `fd_a__p'   [by dut.a <- 0]
[           464167062] <dut>  WARNING: unstable transition on `fd_a__p'   [by dut.a <- 0]
[           464989877] <dut>  WARNING: unstable transition on `fd_a__p'   [by dut.a <- 0]
[           465112291] <dut>  WARNING: unstable transition on `fd_a__p'   [by dut.a <- 0]
[           465336021] <dut>  WARNING: unstable transition on `fd_a__p'   [by dut.a <- 0]
[           465369384] <dut>  WARNING: unstable transition on `fd_a__p'   [by dut.a <- 0]
[           465377252] <dut>  WARNING: unstable transition on `fd_a__p'   [by dut.a <- 0]
[           465383365] <dut>  WARNING: unstable transition on `fd_a__p'   [by dut.a <- 0]
[           465761044] <dut>  WARNING: unstable transition on `fd_a__p'   [by dut.a <- 0]
[           465829579] <dut>  WARNING: unstable transition on `fd_a__p'   [by dut.a <- 0]
[           466046802] <dut>  WARNING: unstable transition on `fd_a__p'   [by dut.a <- 0]
[           466241149] <dut>  WARNING: unstable transition on `fd_a__p'   [by dut.a <- 0]
[           466450790] <dut>  WARNING: unstable transition on `fd_a__p'   [by dut.a <- 0]
[           466473484] <dut>  WARNING: unstable transition on `fd_a__p'   [by dut.a <- 0]
[           466638213] <dut>  WARNING: unstable transition on `fd_a__p'   [by dut.a <- 0]
[           466660158] <dut>  WARNING: unstable transition on `fd_a__p'   [by dut.a <- 0]
[           466812685] <dut>  WARNING: unstable transition on `fd_a__p'   [by dut.a <- 0]
[           466912368] <dut>  WARNING: unstable transition on `fd_a__p'   [by dut.a <- 0]
[           466945059] <dut>  WARNING: unstable transition on `fd_a__p'   [by dut.a <- 0]
[           467369657] <dut>  WARNING: unstable transition on `fd_a__p'   [by dut.a <- 0]
[           467762181] <dut>  WARNING: unstable transition on `fd_a__p'   [by dut.a <- 0]
[           468069964] <dut>  WARNING: unstable transition on `fd_a__p'   [by dut.a <- 0]
[           468091041] <dut>  WARNING: unstable transition on `fd_a__p'   [by dut.a <- 0]
[           468310485] <dut>  WARNING: unstable transition on `fd_a__p'   [by dut.a <- 0]
[           468652457] <dut>  WARNING: unstable transition on `fd_a__p'   [by dut.a <- 0]
[           469019017] <dut>  WARNING: unstable transition on `fd_a__p'   [by dut.a <- 0]
[           469369292] <dut>  WARNING: unstable transition on `fd_a__p'   [by dut.a <- 0]
[           469455311] <dut>  WARNING: unstable transition on `fd_a__p'   [by dut.a <- 0]
[           469509284] <dut>  WARNING: unstable transition on `fd_a__p'   [by dut.a <- 0]
[           469841250] <dut>  WARNING: unstable transition on `fd_a__p'   [by dut.a <- 0]
[           469996818] <dut>  WARNING: unstable transition on `fd_a__p'   [by dut.a <- 0]
[           470203351] <dut>  WARNING: unstable transition on `fd_a__p'   [by dut.a <- 0]
[           470234839] <dut>  WARNING: unstable transition on `fd_a__p'   [by dut.a <- 0]
[           470332264] <dut>  WARNING: unstable transition on `fd_a__p'   [by dut.a <- 0]
[           470401492] <dut>  WARNING: unstable transition on `fd_a__p'   [by dut.a <- 0]
[           471081981] <dut>  WARNING: unstable transition on `fd_a__p'   [by dut.a <- 0]
[           471190931] <dut>  WARNING: unstable transition on `fd_a__p'   [by dut.a <- 0]
[           471296656] <dut>  WARNING: unstable transition on `fd_a__p'   [by dut.a <- 0]
[           472221088] <dut>  WARNING: unstable transition on `fd_a__p'   [by dut.a <- 0]
[           472231580] <dut>  WARNING: unstable transition on `fd_a__p'   [by dut.a <- 0]
[           472541347] <dut>  WARNING: unstable transition on `fd_a__p'   [by dut.a <- 0]
[           472708012] <dut>  WARNING: unstable transition on `fd_a__p'   [by dut.a <- 0]
[           472910626] <dut>  WARNING: unstable transition on `fd_a__p'   [by dut.a <- 0]
[           473433534] <dut>  WARNING: unstable transition on `fd_a__p'   [by dut.a <- 0]
[           473470814] <dut>  WARNING: unstable transition on `fd_a__p'   [by dut.a <- 0]
[           473666479] <dut>  WARNING: unstable transition on `fd_a__p'   [by dut.a <- 0]
[           473674245] <dut>  WARNING: unstable transition on `fd_a__p'   [by dut.a <- 0]
[           474208239] <dut>  WARNING: unstable transition on `fd_a__p'   [by dut.a <- 0]
[           474344917] <dut>  WARNING: unstable transition on `fd_a__p'   [by dut.a <- 0]
[           474627764] <dut>  WARNING: unstable transition on `fd_a__p'   [by dut.a <- 0]
[           474796041] <dut>  WARNING: unstable transition on `fd_a__p'   [by dut.a <- 0]
[           474888060] <dut>  WARNING: unstable transition on `fd_a__p'   [by dut.a <- 0]
[           474902675] <dut>  WARNING: unstable transition on `fd_a__p'   [by dut.a <- 0]
[           475669298] <dut>  WARNING: unstable transition on `fd_a__p'   [by dut.a <- 0]
[           475800820] <dut>  WARNING: unstable transition on `fd_a__p'   [by dut.a <- 0]
[           476003839] <dut>  WARNING: unstable transition on `fd_a__p'   [by dut.a <- 0]
[           476028486] <dut>  WARNING: unstable transition on `fd_a__p'   [by dut.a <- 0]
[           476059697] <dut>  WARNING: unstable transition on `fd_a__p'   [by dut.a <- 0]
[           476223587] <dut>  WARNING: unstable transition on `fd_a__p'   [by dut.a <- 0]
[           476261594] <dut>  WARNING: unstable transition on `fd_a__p'   [by dut.a <- 0]
[           476310541] <dut>  WARNING: unstable transition on `fd_a__p'   [by dut.a <- 0]
[           476450510] <dut>  WARNING: unstable transition on `fd_a__p'   [by dut.a <- 0]
[           476501820] <dut>  WARNING: unstable transition on `fd_a__p'   [by dut.a <- 0]
[           476809487] <dut>  WARNING: unstable transition on `fd_a__p'   [by dut.a <- 0]
[           476861811] <dut>  WARNING: unstable transition on `fd_a__p'   [by dut.a <- 0]
[           476864334] <dut>  WARNING: unstable transition on `fd_a__p'   [by dut.a <- 0]
[           477252714] <dut>  WARNING: unstable transition on `fd_a__p'   [by dut.a <- 0]
[           477299771] <dut>  WARNING: unstable transition on `fd_a__p'   [by dut.a <- 0]
[           477533430] <dut>  WARNING: unstable transition on `fd_a__p'   [by dut.a <- 0]
[           477644991] <dut>  WARNING: unstable transition on `fd_a__p'   [by dut.a <- 0]
[           478196915] <dut>  WARNING: unstable transition on `fd_a__p'   [by dut.a <- 0]
[           478361369] <dut>  WARNING: unstable transition on `fd_a__p'   [by dut.a <- 0]
[           478421119] <dut>  WARNING: unstable transition on `fd_a__p'   [by dut.a <- 0]
[           478750548] <dut>  WARNING: unstable transition on `fd_a__p'   [by dut.a <- 0]
[           478780610] <dut>  WARNING: unstable transition on `fd_a__p'   [by dut.a <- 0]
[           478787076] <dut>  WARNING: unstable transition on `fd_a__p'   [by dut.a <- 0]
[           478832792] <dut>  WARNING: unstable transition on `fd_a__p'   [by dut.a <- 0]
[           479226425] <dut>  WARNING: unstable transition on `fd_a__p'   [by dut.a <- 0]
[           479682388] <dut>  WARNING: unstable transition on `fd_a__p'   [by dut.a <- 0]
[           479858442] <dut>  WARNING: unstable transition on `fd_a__p'   [by dut.a <- 0]
[           480056008] <dut>  WARNING: unstable transition on `fd_a__p'   [by dut.a <- 0]
[           480136198] <dut>  WARNING: unstable transition on `fd_a__p'   [by dut.a <- 0]
[           480528155] <dut>  WARNING: unstable transition on `fd_a__p'   [by dut.a <- 0]
[           480838254] <dut>  WARNING: unstable transition on `fd_a__p'   [by dut.a <- 0]
[           481394045] <dut>  WARNING: unstable transition on `fd_a__p'   [by dut.a <- 0]
[           481551838] <dut>  WARNING: unstable transition on `fd_a__p'   [by dut.a <- 0]
[           481837716] <dut>  WARNING: unstable transition on `fd_a__p'   [by dut.a <- 0]
[           482005060] <dut>  WARNING: unstable transition on `fd_a__p'   [by dut.a <- 0]
[           482356440] <dut>  WARNING: unstable transition on `fd_a__p'   [by dut.a <- 0]
[           482360912] <dut>  WARNING: unstable transition on `fd_a__p'   [by dut.a <- 0]
[           482707567] <dut>  WARNING: unstable transition on `fd_a__p'   [by dut.a <- 0]
[           483292231] <dut>  WARNING: unstable transition on `fd_a__p'   [by dut.a <- 0]
[           483320543] <dut>  WARNING: unstable transition on `fd_a__p'   [by dut.a <- 0]
[           484267333] <dut>  WARNING: unstable transition on `fd_a__p'   [by dut.a <- 0]
[           484394578] <dut>  WARNING: unstable transition on `fd_a__p'   [by dut.a <- 0]
[           484432025] <dut>  WARNING: unstable transition on `fd_a__p'   [by dut.a <- 0]
[           484729329] <dut>  WARNING: unstable transition on `fd_a__p'   [by dut.a <- 0]
[           484813195] <dut>  WARNING: unstable transition on `fd_a__p'   [by dut.a <- 0]
[           485080365] <dut>  WARNING: unstable transition on `fd_a__p'   [by dut.a <- 0]
[           485286202] <dut>  WARNING: unstable transition on `fd_a__p'   [by dut.a <- 0]
[           485289469] <dut>  WARNING: unstable transition on `fd_a__p'   [by dut.a <- 0]
[           485293738] <dut>  WARNING: unstable transition on `fd_a__p'   [by dut.a <- 0]
[           485371743] <dut>  WARNING: unstable transition on `fd_a__p'   [by dut.a <- 0]
[           485418931] <dut>  WARNING: unstable transition on `fd_a__p'   [by dut.a <- 0]
[           485806000] <dut>  WARNING: unstable transition on `fd_a__p'   [by dut.a <- 0]
[           485970353] <dut>  WARNING: unstable transition on `fd_a__p'   [by dut.a <- 0]
[           485991972] <dut>  WARNING: unstable transition on `fd_a__p'   [by dut.a <- 0]
[           486019491] <dut>  WARNING: unstable transition on `fd_a__p'   [by dut.a <- 0]
[           486064117] <dut>  WARNING: unstable transition on `fd_a__p'   [by dut.a <- 0]
[           486290008] <dut>  WARNING: unstable transition on `fd_a__p'   [by dut.a <- 0]
[           486509820] <dut>  WARNING: unstable transition on `fd_a__p'   [by dut.a <- 0]
[           487313892] <dut>  WARNING: unstable transition on `fd_a__p'   [by dut.a <- 0]
[           487499338] <dut>  WARNING: unstable transition on `fd_a__p'   [by dut.a <- 0]
[           487669731] <dut>  WARNING: unstable transition on `fd_a__p'   [by dut.a <- 0]
[           487938157] <dut>  WARNING: unstable transition on `fd_a__p'   [by dut.a <- 0]
[           488000045] <dut>  WARNING: unstable transition on `fd_a__p'   [by dut.a <- 0]
[           488239710] <dut>  WARNING: unstable transition on `fd_a__p'   [by dut.a <- 0]
[           488417811] <dut>  WARNING: unstable transition on `fd_a__p'   [by dut.a <- 0]
[           488667152] <dut>  WARNING: unstable transition on `fd_a__p'   [by dut.a <- 0]
[           489095584] <dut>  WARNING: unstable transition on `fd_a__p'   [by dut.a <- 0]
[           489259736] <dut>  WARNING: unstable transition on `fd_a__p'   [by dut.a <- 0]
[           489633633] <dut>  WARNING: unstable transition on `fd_a__p'   [by dut.a <- 0]
[           489827172] <dut>  WARNING: unstable transition on `fd_a__p'   [by dut.a <- 0]
[           490002454] <dut>  WARNING: unstable transition on `fd_a__p'   [by dut.a <- 0]
[           490038860] <dut>  WARNING: unstable transition on `fd_a__p'   [by dut.a <- 0]
[           490161652] <dut>  WARNING: unstable transition on `fd_a__p'   [by dut.a <- 0]
[           490345705] <dut>  WARNING: unstable transition on `fd_a__p'   [by dut.a <- 0]
[           490436487] <dut>  WARNING: unstable transition on `fd_a__p'   [by dut.a <- 0]
[           490642459] <dut>  WARNING: unstable transition on `fd_a__p'   [by dut.a <- 0]
[           491202542] <dut>  WARNING: unstable transition on `fd_a__p'   [by dut.a <- 0]
[           491416296] <dut>  WARNING: unstable transition on `fd_a__p'   [by dut.a <- 0]
[           491643891] <dut>  WARNING: unstable transition on `fd_a__p'   [by dut.a <- 0]
[           492252104] <dut>  WARNING: unstable transition on `fd_a__p'   [by dut.a <- 0]
[           492286506] <dut>  WARNING: unstable transition on `fd_a__p'   [by dut.a <- 0]
[           492457863] <dut>  WARNING: unstable transition on `fd_a__p'   [by dut.a <- 0]
[           492605228] <dut>  WARNING: unstable transition on `fd_a__p'   [by dut.a <- 0]
[           492728937] <dut>  WARNING: unstable transition on `fd_a__p'   [by dut.a <- 0]
[           492745285] <dut>  WARNING: unstable transition on `fd_a__p'   [by dut.a <- 0]
[           492777326] <dut>  WARNING: unstable transition on `fd_a__p'   [by dut.a <- 0]
[           492966124] <dut>  WARNING: unstable transition on `fd_a__p'   [by dut.a <- 0]
[           493253900] <dut>  WARNING: unstable transition on `fd_a__p'   [by dut.a <- 0]
[           493289101] <dut>  WARNING: unstable transition on `fd_a__p'   [by dut.a <- 0]
[           493690230] <dut>  WARNING: unstable transition on `fd_a__p'   [by dut.a <- 0]
[           493991973] <dut>  WARNING: unstable transition on `fd_a__p'   [by dut.a <- 0]
[           494053590] <dut>  WARNING: unstable transition on `fd_a__p'   [by dut.a <- 0]
[           494308216] <dut>  WARNING: unstable transition on `fd_a__p'   [by dut.a <- 0]
[           494354186] <dut>  WARNING: unstable transition on `fd_a__p'   [by dut.a <- 0]
[           494365489] <dut>  WARNING: unstable transition on `fd_a__p'   [by dut.a <- 0]
[           494477616] <dut>  WARNING: unstable transition on `fd_a__p'   [by dut.a <- 0]
[           494597316] <dut>  WARNING: unstable transition on `fd_a__p'   [by dut.a <- 0]
[           495292348] <dut>  WARNING: unstable transition on `fd_a__p'   [by dut.a <- 0]
[           495507823] <dut>  WARNING: unstable transition on `fd_a__p'   [by dut.a <- 0]
[           495533080] <dut>  WARNING: unstable transition on `fd_a__p'   [by dut.a <- 0]
[           495621322] <dut>  WARNING: unstable transition on `fd_a__p'   [by dut.a <- 0]
[           495624477] <dut>  WARNING: unstable transition on `fd_a__p'   [by dut.a <- 0]
[           495952781] <dut>  WARNING: unstable transition on `fd_a__p'   [by dut.a <- 0]
[           496038954] <dut>  WARNING: unstable transition on `fd_a__p'   [by dut.a <- 0]
[           496644894] <dut>  WARNING: unstable transition on `fd_a__p'   [by dut.a <- 0]
[           496651289] <dut>  WARNING: unstable transition on `fd_a__p'   [by dut.a <- 0]
[           496924698] <dut>  WARNING: unstable transition on `fd_a__p'   [by dut.a <- 0]
[           496931507] <dut>  WARNING: unstable transition on `fd_a__p'   [by dut.a <- 0]
[           497058360] <dut>  WARNING: unstable transition on `fd_a__p'   [by dut.a <- 0]
[           497198595] <dut>  WARNING: unstable transition on `fd_a__p'   [by dut.a <- 0]
[           497379726] <dut>  WARNING: unstable transition on `fd_a__p'   [by dut.a <- 0]
[           497546423] <dut>  WARNING: unstable transition on `fd_a__p'   [by dut.a <- 0]
[           497630989] <dut>  WARNING: unstable transition on `fd_a__p'   [by dut.a <- 0]
[           498334611] <dut>  WARNING: unstable transition on `fd_a__p'   [by dut.a <- 0]
[           498437166] <dut>  WARNING: unstable transition on `fd_a__p'   [by dut.a <- 0]
[           498546877] <dut>  WARNING: unstable transition on `fd_a__p'   [by dut.a <- 0]
[           499033539] <dut>  WARNING: unstable transition on `fd_a__p'   [by dut.a <- 0]
[           499237010] <dut>  WARNING: unstable transition on `fd_a__p'   [by dut.a <- 0]
[           499452413] <dut>  WARNING: unstable transition on `fd_a__p'   [by dut.a <- 0]
[           499730501] <dut>  WARNING: unstable transition on `fd_a__p'   [by dut.a <- 0]
[           499746275] <dut>  WARNING: unstable transition on `fd_a__p'   [by dut.a <- 0]
[           499765433] <dut>  WARNING: unstable transition on `fd_a__p'   [by dut.a <- 0]
[           499842267] <dut>  WARNING: unstable transition on `fd_a__p'   [by dut.a <- 0]
[           499901971] <dut>  WARNING: unstable transition on `fd_a__p'   [by dut.a <- 0]
[           499942344] <dut>  WARNING: unstable transition on `fd_a__p'   [by dut.a <- 0]
[           499983211] <dut>  WARNING: unstable transition on `fd_a__p'   [by dut.a <- 0]
TB_STRESS_END 500009971
[           500012701] <driver>  PASSED: rounds=72604
TB_FINAL
done: 1
fail: 0
rounds: 72604  (0x11b9c)
TB_X_BEGIN
TB_X_END
